movie_id,avg_rating,count_rating,weighted_score,movie_title,movie_genres,poster_url
318,4.554557700942973,2227,4.229924520137323,"Shawshank Redemption, The (1994)",7,https://image.tmdb.org/t/p/w500/9cqNxx0GxF0bflZmeSMuL5tnGzr.jpg
260,4.453694416583082,2991,4.215501100332212,Star Wars: Episode IV - A New Hope (1977),"0, 1, 8, 15",https://image.tmdb.org/t/p/w500/6FfCtAuVAW8XJjZ7eWeLibRLWTw.jpg
858,4.524966261808367,2223,4.207204688835223,"Godfather, The (1972)","0, 5, 7",https://image.tmdb.org/t/p/w500/3bhkrj58Vtu7enYsRolD1fZdja1.jpg
527,4.510416666666667,2304,4.204638814500081,Schindler's List (1993),"7, 18",https://image.tmdb.org/t/p/w500/sF1U4EUQS8YHUYjNl3pMGNIQyr0.jpg
1198,4.477724741447892,2514,4.199097223303837,Raiders of the Lost Ark (1981),"0, 1",https://image.tmdb.org/t/p/w500/ceG9VzoRAVGwivFU403Wc3AHRys.jpg
50,4.517106001121705,1783,4.145978843297908,"Usual Suspects, The (1995)","5, 16",https://image.tmdb.org/t/p/w500/rWbsxdwF9qQzpTPCLmDfVnVqTK1.jpg
2762,4.406262708418057,2459,4.139178875266111,"Sixth Sense, The (1999)",16,https://image.tmdb.org/t/p/w500/vOyfUXNFSnaTk7Vk5AjpsKTUWsu.jpg
2858,4.3173862310385065,3428,4.128147166274443,American Beauty (1999),"4, 7",https://image.tmdb.org/t/p/w500/s5PXkDqS8W3K4wCPNZBzf10zycw.jpg
593,4.3518231186966645,2578,4.10635581066848,"Silence of the Lambs, The (1991)","7, 16",https://image.tmdb.org/t/p/w500/cU6gd6i1tnXnPzO2RaNcQp87y7h.jpg
2028,4.337353938937053,2653,4.100449916862083,Saving Private Ryan (1998),"0, 7, 18",https://image.tmdb.org/t/p/w500/uqx37cS8cpHg8U35f9U5IBlrCV3.jpg
1196,4.292976588628763,2990,4.086240581741094,Star Wars: Episode V - The Empire Strikes Back (1980),"0, 1, 7, 15, 18",https://image.tmdb.org/t/p/w500/9ldJDAUVPpFyodHdE6i7HaCoeGx.jpg
2571,4.315830115830116,2590,4.0791600674155735,"Matrix, The (1999)","0, 15, 16",https://image.tmdb.org/t/p/w500/dXNAPwY7VrqMAo51EKhhCJfaGb5.jpg
912,4.412822049131217,1669,4.055773126448195,Casablanca (1942),"7, 14, 18",https://image.tmdb.org/t/p/w500/rG3aWYbYW5t5lq7sKKuXYhBuw7X.jpg
1197,4.3037100949094045,2318,4.048817668182442,"Princess Bride, The (1987)","0, 1, 4, 14",https://image.tmdb.org/t/p/w500/kTXxdNv44najTayFcrT487xWuDv.jpg
1193,4.390724637681159,1725,4.048389425050313,One Flew Over the Cuckoo's Nest (1975),7,https://image.tmdb.org/t/p/w500/kjWsMh72V6d8KRLV4EOoSJLT1H7.jpg
750,4.4498902706656915,1367,4.028510299921773,Dr. Strangelove or: How I Learned to Stop Worrying and Love the Bomb (1963),"15, 18",https://image.tmdb.org/t/p/w500/6x7MzQ6BOMlRzam1StcmPO9v61g.jpg
608,4.254675686430561,2513,4.0261439764952955,Fargo (1996),"5, 7, 16",https://image.tmdb.org/t/p/w500/rUjUCT6GvFS475sKJVfHWZUdnv5.jpg
1221,4.357565011820331,1692,4.0205541374296905,"Godfather: Part II, The (1974)","0, 5, 7",https://image.tmdb.org/t/p/w500/hek3koDUyRQk7FIhPXsa6mT2Zc3.jpg
296,4.278212805158913,2171,4.016814978033441,Pulp Fiction (1994),"5, 7",https://image.tmdb.org/t/p/w500/vQWk5YBFWF4bZaofAbv0tShwBvQ.jpg
110,4.234957020057307,2443,4.005917050838769,Braveheart (1995),"0, 7, 18",https://image.tmdb.org/t/p/w500/or1gBugydmjToAEq7OZY0owwFk.jpg
1136,4.335209505941213,1599,3.991742256296326,Monty Python and the Holy Grail (1974),4,https://image.tmdb.org/t/p/w500/8AVb7tyxZRsbKJNOTJHQZl7JYWO.jpg
1617,4.219405594405594,2288,3.9823601802107684,L.A. Confidential (1997),"5, 9, 13, 16",https://image.tmdb.org/t/p/w500/lWCgf5sD5FpMljjpkRhcC8pXcch.jpg
908,4.38403041825095,1315,3.9754325477065273,North by Northwest (1959),"7, 16",https://image.tmdb.org/t/p/w500/kNOFPQrel9YFCVzI0DF8FnCEpCw.jpg
541,4.273333333333333,1800,3.9750036939260704,Blade Runner (1982),"9, 15",https://image.tmdb.org/t/p/w500/gajva2L0rPYkEWjzgFlBXCAVBE5.jpg
904,4.476190476190476,1050,3.9689642280337143,Rear Window (1954),"13, 16",https://image.tmdb.org/t/p/w500/zmbPjkZhlnt0JEOU9xMYtbjNXuL.jpg
1213,4.275196137598069,1657,3.9584210533358455,GoodFellas (1990),"5, 7",https://image.tmdb.org/t/p/w500/aKuFiU82s5ISJpGZp7YkIr3kCUd.jpg
919,4.247962747380675,1718,3.947199936174053,"Wizard of Oz, The (1939)","1, 3, 7, 12",https://image.tmdb.org/t/p/w500/4RHV7DqQX0x79qglDDGLuxmwYPN.jpg
923,4.388888888888889,1116,3.9343114840346765,Citizen Kane (1941),7,https://image.tmdb.org/t/p/w500/sav0jxhqiH0bPr2vZFU0Kjt2nZL.jpg
1148,4.507936507936508,882,3.9334606539162245,"Wrong Trousers, The (1993)","2, 4",https://image.tmdb.org/t/p/w500/mV8SDTjkxrDxu0a0egvFz1lRPU7.jpg
1252,4.339240506329114,1185,3.9199643999926845,Chinatown (1974),"9, 13, 16",https://image.tmdb.org/t/p/w500/kZRSP3FmOcq0xnBulqpUQngJUXY.jpg
913,4.395973154362416,1043,3.9197584450132554,"Maltese Falcon, The (1941)","9, 13",https://image.tmdb.org/t/p/w500/bf4o6Uzw5wqLjdKwRuiDrN1xyvl.jpg
2396,4.127479949345715,2369,3.918273953134095,Shakespeare in Love (1998),"4, 14",https://image.tmdb.org/t/p/w500/zdW7jdzPi4J9KZR3TyY2jn3Xh5e.jpg
1240,4.152049571020019,2098,3.916453348819096,"Terminator, The (1984)","0, 15, 16",https://image.tmdb.org/t/p/w500/hzXSE66v6KthZ8nPoLZmsi2G05j.jpg
1214,4.159584980237154,2024,3.9156607386184836,Alien (1979),"0, 10, 15, 16",https://image.tmdb.org/t/p/w500/vfrQk5IPloGg1v9Rzbh2Eg3VGyM.jpg
1,4.146846413095811,2077,3.910839780433278,Toy Story (1995),"2, 3, 4",https://image.tmdb.org/t/p/w500/uXDfjJbdP4ijW5hWSBrPrlKpxab.jpg
3114,4.218927444794953,1585,3.9100332010308905,Toy Story 2 (1999),"2, 3, 4",https://image.tmdb.org/t/p/w500/yFWQkz2ynjwsazT6xQiIXEUsyuh.jpg
2997,4.125390450691656,2241,3.907682829081298,Being John Malkovich (1999),4,https://image.tmdb.org/t/p/w500/xVSvIwRNzwXSs0CLefiiG6A96m4.jpg
2324,4.329861111111111,1152,3.90686784150199,Life Is Beautiful (La Vita è bella) (1997),"4, 7",https://image.tmdb.org/t/p/w500/74hLDKjD5aGYOotO6esUVaeISa2.jpg
1207,4.425646551724138,928,3.903331429131822,To Kill a Mockingbird (1962),7,https://image.tmdb.org/t/p/w500/gZycFUMLx2110dzK3nBNai7gfpM.jpg
1225,4.251808972503618,1382,3.9018573733298583,Amadeus (1984),7,https://image.tmdb.org/t/p/w500/1n5VUlCqgmVax1adxGZm8oCFaKc.jpg
2804,4.238905325443787,1352,3.8884323054460705,"Christmas Story, A (1983)","4, 7",https://image.tmdb.org/t/p/w500/mQC3nIJ9DQ74t9vFzUjqP8eohgX.jpg
1250,4.386993603411514,938,3.884720745898648,"Bridge on the River Kwai, The (1957)","7, 18",https://image.tmdb.org/t/p/w500/7paXMt2e3Tr5dLmEZOGgFEn2Vo7.jpg
1304,4.215644820295983,1419,3.883998996409586,Butch Cassidy and the Sundance Kid (1969),"0, 4, 19",https://image.tmdb.org/t/p/w500/gFmmykF1Ym3OGzENo50nZQaD1dx.jpg
589,4.058512646281616,2649,3.881536730438359,Terminator 2: Judgment Day (1991),"0, 15, 16",https://image.tmdb.org/t/p/w500/5M0j0B18abtBI5gi2RhfjjurTqb.jpg
1247,4.245836637589215,1261,3.876800725338355,"Graduate, The (1967)","7, 14",https://image.tmdb.org/t/p/w500/znN9T8QHkwOAHIEtLB6bC9pNd8k.jpg
1234,4.320305052430887,1049,3.876734238845091,"Sting, The (1973)","4, 5",https://image.tmdb.org/t/p/w500/wqQFslMnLKI42EEJAfWn5lFc53u.jpg
356,4.087967183226983,2194,3.876097774512056,Forrest Gump (1994),"4, 14, 18",https://image.tmdb.org/t/p/w500/arw2vcBveWOVZr6pxd9XTd1TdQa.jpg
1704,4.176356589147287,1548,3.87607984359429,Good Will Hunting (1997),7,https://image.tmdb.org/t/p/w500/z2FnLKpFi1HPO7BEJxdkv6hpJSU.jpg
1200,4.125824175824176,1820,3.872042299974895,Aliens (1986),"0, 15, 16, 18",https://image.tmdb.org/t/p/w500/r1x5JGpyqZU8PYhbs4UcrO1Xb6x.jpg
457,4.103258145363409,1995,3.8718193590699195,"Fugitive, The (1993)","0, 16",https://image.tmdb.org/t/p/w500/wrBPkgK0OHB0nTTFaVMERvdUhAY.jpg
3578,4.106029106029106,1924,3.8676358936446187,Gladiator (2000),"0, 7",https://image.tmdb.org/t/p/w500/w0YjBWVfu689txEXZG3xa4Aev3i.jpg
1278,4.250628667225482,1193,3.866721375181272,Young Frankenstein (1974),"4, 10",https://image.tmdb.org/t/p/w500/tQJAWbIjvvqVKLLbIZHtwGw2HTf.jpg
1210,4.022892819979188,2883,3.86457352077121,Star Wars: Episode VI - Return of the Jedi (1983),"0, 1, 14, 15, 18",https://image.tmdb.org/t/p/w500/jQYlydvHm3kUix1f8prMucrplhm.jpg
1219,4.218527315914489,1263,3.8598603983869486,Psycho (1960),"10, 16",https://image.tmdb.org/t/p/w500/tY0OLFUsTXdvNppTpnNc4EVYy2z.jpg
1208,4.243197278911564,1176,3.858709967875096,Apocalypse Now (1979),"7, 18",https://image.tmdb.org/t/p/w500/gQB8Y5RCMkv2zwzFHbUJX3kAhvA.jpg
1204,4.401925391095066,831,3.8582325176456234,Lawrence of Arabia (1962),"1, 18",https://image.tmdb.org/t/p/w500/AiAm0EtDvyGqNpVoieRw4u65vD1.jpg
1291,4.133292383292384,1628,3.856531004787273,Indiana Jones and the Last Crusade (1989),"0, 1",https://image.tmdb.org/t/p/w500/sizg1AU8f8JDZX4QIgE4pjUMBvx.jpg
1233,4.302697302697303,1001,3.8542455034880065,"Boat, The (Das Boot) (1981)","0, 7, 18",https://image.tmdb.org/t/p/w500/kYkjQ5mTWXyHt2JFsu7sX5AjeMT.jpg
1036,4.121848739495798,1666,3.8529625730686683,Die Hard (1988),"0, 16",https://image.tmdb.org/t/p/w500/1NnCbaFaWgHczKjH5Eii46VmpPp.jpg
2019,4.560509554140127,628,3.8502923342806596,Seven Samurai (The Magnificent Seven) (Shichinin no samurai) (1954),"0, 7",https://image.tmdb.org/t/p/w500/8OKmBV5BUFzmozIC3pPWKHy17kx.jpg
1259,4.0969187675070025,1785,3.8479903932336423,Stand by Me (1986),"1, 4, 7",https://image.tmdb.org/t/p/w500/wc7XQbfx6EIQqCuvmBMt3aisb2Y.jpg
745,4.52054794520548,657,3.846211210808507,"Close Shave, A (1995)","2, 4, 16",https://image.tmdb.org/t/p/w500/3h6szJGcbUBERvwKFJf5H2DWmQE.jpg
969,4.251655629139073,1057,3.8381034669946796,"African Queen, The (1951)","0, 1, 14, 18",https://image.tmdb.org/t/p/w500/hiw4vkWKjIEgprprlBlqbot2f0E.jpg
1358,4.208156329651657,1177,3.837278701172827,Sling Blade (1996),"7, 16",https://image.tmdb.org/t/p/w500/ivBIBd1LNaozcmytZUyE1yIXZms.jpg
111,4.183870967741935,1240,3.8338521674465573,Taxi Driver (1976),"7, 16",https://image.tmdb.org/t/p/w500/ekstpH614fwDX8DUln1a2Opz0N8.jpg
1387,4.089569829110195,1697,3.8338231377646803,Jaws (1975),"0, 10",https://image.tmdb.org/t/p/w500/lxM6kqilAdpdhqUl2biYp5frUxE.jpg
2918,4.11744738628649,1473,3.826457136792733,Ferris Bueller's Day Off (1986),4,https://image.tmdb.org/t/p/w500/9LTQNCvoLsKXP0LtaKAaYVtRaQL.jpg
2692,4.224813432835821,1072,3.82557415697252,Run Lola Run (Lola rennt) (1998),"0, 5, 14",https://image.tmdb.org/t/p/w500/u34YzbFvX067IvJX1ocI4JBvYPa.jpg
1270,3.9903213317847466,2583,3.8248367830297347,Back to the Future (1985),"4, 15",https://image.tmdb.org/t/p/w500/vN5B5WgYscRGcQpVhHl6p9DDTP0.jpg
1230,4.14167916041979,1334,3.822520883831352,Annie Hall (1977),"4, 14",https://image.tmdb.org/t/p/w500/dEtjPywhDbAXYjoFfhBC4U9unU7.jpg
924,4.068764568764569,1716,3.8212111403745634,2001: A Space Odyssey (1968),"7, 13, 15, 16",https://image.tmdb.org/t/p/w500/ve72VxNqjGM69Uky4WTo2bK6rfq.jpg
1242,4.193345323741007,1112,3.8152440096584277,Glory (1989),"0, 7, 18",https://image.tmdb.org/t/p/w500/pGDzBjZvzmSCIEduQBfESLMiwtp.jpg
3147,4.154664484451718,1222,3.8123350467773482,"Green Mile, The (1999)","7, 16",https://image.tmdb.org/t/p/w500/8VG8fDNiy50H4FedGwdSVUPoaJe.jpg
903,4.27292817679558,905,3.8114235813924715,Vertigo (1958),"13, 16",https://image.tmdb.org/t/p/w500/15uOEfqBNTVtDUT7hGBVCka0rZz.jpg
3897,4.22635814889336,994,3.8083967762030726,Almost Famous (2000),"4, 7",https://image.tmdb.org/t/p/w500/3rrkyLYbgLj84AYvjhdcJot4JPx.jpg
1307,4.073341836734694,1568,3.8083881801027184,When Harry Met Sally... (1989),"4, 14",https://image.tmdb.org/t/p/w500/rFOiFUhTMtDetqCGClC9PIgnC1P.jpg
1288,4.179785330948121,1118,3.8082662212644083,This Is Spinal Tap (1984),"4, 7, 12",https://image.tmdb.org/t/p/w500/z2LA8eBTSuuPC4NBhIZRNIwpimH.jpg
1276,4.253763440860215,930,3.8076359408171108,Cool Hand Luke (1967),"4, 7",https://image.tmdb.org/t/p/w500/4ykzTiHKLamh3eZJ8orVICtU2Jp.jpg
1089,4.13582208101668,1259,3.8067748774382677,Reservoir Dogs (1992),"5, 16",https://image.tmdb.org/t/p/w500/2GoaRQCMHdqwzCkfmDVlzREZlnL.jpg
910,4.300480769230769,832,3.8045288785052804,Some Like It Hot (1959),"4, 5",https://image.tmdb.org/t/p/w500/hVIKyTK13AvOGv7ICmJjK44DTzp.jpg
1610,4.052058111380146,1652,3.802969491407094,"Hunt for Red October, The (1990)","0, 16",https://image.tmdb.org/t/p/w500/yVl7zidse4KiWtGMqHFtZCx4X3N.jpg
1267,4.333333333333333,765,3.799111303971894,"Manchurian Candidate, The (1962)","9, 16",https://image.tmdb.org/t/p/w500/4xEWtEbKK2EXMZ8UPff8hDCSiVW.jpg
2959,4.077188146106134,1451,3.796730953352899,Fight Club (1999),7,https://image.tmdb.org/t/p/w500/pB8BM7pdSp6B6Ih7QZ4DrQ3PmJK.jpg
1262,4.376436781609195,696,3.794298031417745,"Great Escape, The (1963)","1, 18",https://image.tmdb.org/t/p/w500/gBH4H8UMFxl139HaLz6lRuvsel8.jpg
1222,4.110845295055821,1254,3.790154698152757,Full Metal Jacket (1987),"0, 7, 18",https://image.tmdb.org/t/p/w500/kMKyx1k8hWWscYFnPbnxxN4Eqo4.jpg
1097,3.9651828999559275,2269,3.788484857023844,E.T. the Extra-Terrestrial (1982),"3, 7, 8, 15",https://image.tmdb.org/t/p/w500/an0nD6uq6byfxXCfk6lQBzdL2J1.jpg
1265,3.953028972783143,2278,3.779807761857355,Groundhog Day (1993),"4, 14",https://image.tmdb.org/t/p/w500/gCgt1WARPZaXnq523ySQEUKinCs.jpg
1294,4.124658780709736,1099,3.7712725424041538,M*A*S*H (1970),"4, 18",https://image.tmdb.org/t/p/w500/xZHNAcCVd5gUy68MBc4CmDqmely.jpg
899,4.2836218375499335,751,3.7688428529456233,Singin' in the Rain (1952),"12, 14",https://image.tmdb.org/t/p/w500/w03EiJVHP8Un77boQeE7hg9DVdU.jpg
953,4.299039780521262,729,3.768784260394923,It's a Wonderful Life (1946),7,https://image.tmdb.org/t/p/w500/bSqt9rhDZx1Q7UZ86dBPKdNomp2.jpg
47,4.106420404573439,1137,3.7673570017605114,Seven (Se7en) (1995),"5, 16",https://image.tmdb.org/t/p/w500/h7904tdTu4O6EVX4UyesxtqF0xR.jpg
150,4.073541167066347,1251,3.766105450030798,Apollo 13 (1995),7,https://image.tmdb.org/t/p/w500/oYUZHYMwNKnE1ef4WE5Hw2a9OAY.jpg
1206,4.0781122864117165,1229,3.7655204716803645,"Clockwork Orange, A (1971)",15,https://image.tmdb.org/t/p/w500/4sHeTAp65WrSSuc05nRBKddhBxO.jpg
1961,4.053383458646617,1330,3.764880720459333,Rain Man (1988),7,https://image.tmdb.org/t/p/w500/iTNHwO896WKkaoPtpMMS74d8VNi.jpg
1090,4.090113735783027,1143,3.7584896362007982,Platoon (1986),"7, 18",https://image.tmdb.org/t/p/w500/m3mmFkPQKvPZq5exmh0bDuXlD9T.jpg
1394,4.02092050209205,1434,3.7572321903332537,Raising Arizona (1987),4,https://image.tmdb.org/t/p/w500/m5Zp4K4hKdPhsBl3E0p8I7QomlT.jpg
1258,4.104875804967802,1087,3.7570998314263666,"Shining, The (1980)",10,https://image.tmdb.org/t/p/w500/phkAS1MQYqxBmNkf09lwUA3VFLS.jpg
3471,4.0144727773949,1451,3.754997406001374,Close Encounters of the Third Kind (1977),"7, 15",https://image.tmdb.org/t/p/w500/yaPx3cK9zGFX3SbcKwxWM1QIbUh.jpg
2791,3.9711149624494513,1731,3.754022289691524,Airplane! (1980),4,https://image.tmdb.org/t/p/w500/7Q3efxd3AF1vQjlSxnlerSA7RzN.jpg
3421,4.053024026512014,1207,3.7463319616762183,Animal House (1978),4,https://image.tmdb.org/t/p/w500/fWooBbipMRIKeSRhEzmeaDV0T8H.jpg
3435,4.415607985480944,551,3.7452337710160055,Double Indemnity (1944),"5, 9",https://image.tmdb.org/t/p/w500/rVNYZZgfhwqVMMWlBmxOfWqnwCj.jpg
1299,4.248633879781421,732,3.744626646449535,"Killing Fields, The (1984)","7, 18",https://image.tmdb.org/t/p/w500/cX6Bv7natnZwQjsV9bLL8mmWjkS.jpg
2716,3.9055479138010085,2181,3.738454507399414,Ghostbusters (1984),"4, 10",https://image.tmdb.org/t/p/w500/7E8nLijS9AwwUEPu2oFYOVKhdFA.jpg
1266,4.0902708124373115,997,3.730536833933388,Unforgiven (1992),19,https://image.tmdb.org/t/p/w500/54roTwbX9fltg85zjsmrooXAs12.jpg
922,4.491489361702127,470,3.7296972436731934,Sunset Blvd. (a.k.a. Sunset Boulevard) (1950),9,https://image.tmdb.org/t/p/w500/eastnKVj95q7BrFMYOzkYSJwks6.jpg
3671,4.047363717605005,1119,3.728305027744655,Blazing Saddles (1974),"4, 19",https://image.tmdb.org/t/p/w500/vNw1gOEDdYTDeNMuuq8OmiEHrfH.jpg
293,4.106175514626218,923,3.723311251912856,"Professional, The (a.k.a. Leon: The Professional) (1994)","5, 7, 14, 16",https://image.tmdb.org/t/p/w500/yI6X2cCM5YPJtxMhUd3dPGqDAhw.jpg
1203,4.295454545454546,616,3.7226100659873618,12 Angry Men (1957),7,https://image.tmdb.org/t/p/w500/ow3wq89wM8qd5X7hWKxiRfsFf9C.jpg
1272,4.266666666666667,645,3.7211872271997053,Patton (1970),"7, 18",https://image.tmdb.org/t/p/w500/rLM7jIEPTjj4CF7F1IrzzNjLUCu.jpg
1212,4.452083333333333,480,3.7203570432294297,"Third Man, The (1949)","13, 16",https://image.tmdb.org/t/p/w500/zgWfekoyJBS6NhHEfHrcM2r6y4L.jpg
1172,4.287804878048781,615,3.7186848968285573,Cinema Paradiso (1988),"4, 7, 14",https://image.tmdb.org/t/p/w500/gCI2AeMV4IHSewhJkzsur5MEp6R.jpg
1199,4.097480832420591,913,3.7161472412700123,Brazil (1985),15,https://image.tmdb.org/t/p/w500/2w09J0KUnVtJvqPYu8N63XjAyCR.jpg
32,3.945731303772336,1511,3.7155866296746236,Twelve Monkeys (1995),"7, 15",https://image.tmdb.org/t/p/w500/gt3iyguaCIw8DpQZI1LIN5TohM2.jpg
1201,4.133819951338199,822,3.7130337375352855,"Good, The Bad and The Ugly, The (1966)","0, 19",https://image.tmdb.org/t/p/w500/bX2xnavhMYjWDoZp1VM6VnU1xwe.jpg
1079,3.971342383107089,1326,3.711394718455848,"Fish Called Wanda, A (1988)",4,https://image.tmdb.org/t/p/w500/hkSGFNVfEEUXFCxRZDITFHVhUlu.jpg
898,4.3006872852233675,582,3.710081466859317,"Philadelphia Story, The (1940)","4, 14",https://image.tmdb.org/t/p/w500/dKUubjvxO78XDts6VP1Ggcp4R9O.jpg
246,4.18854748603352,716,3.7092852603154585,Hoop Dreams (1994),6,https://image.tmdb.org/t/p/w500/gLzHl2XBtVwycl8DxdOXRHPm8G3.jpg
1784,3.9501404494382024,1424,3.7092044781917792,As Good As It Gets (1997),"4, 7",https://image.tmdb.org/t/p/w500/xXxuJPNUDZ0vjsAXca0O5p3leVB.jpg
2599,3.9303547963206307,1522,3.7063166083881836,Election (1999),4,https://image.tmdb.org/t/p/w500/A9YIjDThJYUmYGpzsS9JocBBtf6.jpg
2194,4.007985803016859,1127,3.705775299642335,"Untouchables, The (1987)","0, 5, 7",https://image.tmdb.org/t/p/w500/iK4twY48a1nVCez0qXE5w4JFvXw.jpg
223,3.946883852691218,1412,3.7057071416231593,Clerks (1994),4,https://image.tmdb.org/t/p/w500/9IiSgiq4h4siTIS9H3o4nZ3h5L9.jpg
1953,4.098722415795587,861,3.704351992320651,"French Connection, The (1971)","0, 5, 7, 16",https://image.tmdb.org/t/p/w500/5XSGvIKl2yPvOkieFjc3rzLw7x0.jpg
920,3.9974048442906573,1156,3.703936273553962,Gone with the Wind (1939),"7, 14, 18",https://image.tmdb.org/t/p/w500/lNz2Ow0wGCAvzckW7EOjE03KcYv.jpg
2329,4.2265625,640,3.7004540662913437,American History X (1998),7,https://image.tmdb.org/t/p/w500/euypWkaYFOLW3e5rLIcTAjWnhhT.jpg
34,3.8914905768132497,1751,3.6995653472227357,Babe (1995),"3, 4, 7",https://image.tmdb.org/t/p/w500/zKuQMtnbVTz9DsOnOJmlW71v4qH.jpg
1284,4.312384473197782,541,3.696003025412039,"Big Sleep, The (1946)","9, 13",https://image.tmdb.org/t/p/w500/8GQIPVoISizOE9t0R9NO2ypG9wa.jpg
1228,4.1875923190546525,677,3.695536326900814,Raging Bull (1980),7,https://image.tmdb.org/t/p/w500/1WV7WlTS8LI1L5NkCgjWT9GSW3O.jpg
1220,3.9395973154362416,1341,3.6927176255909178,"Blues Brothers, The (1980)","0, 4, 12",https://image.tmdb.org/t/p/w500/rhYJKOt6UrQq7JQgLyQcSWW5R86.jpg
3363,4.026262626262627,990,3.6922197404978165,American Graffiti (1973),"4, 7",https://image.tmdb.org/t/p/w500/zjoHTqwbXQkG7eX00Vno8NkvCKc.jpg
3683,4.218152866242038,628,3.6919129604316723,Blood Simple (1984),"7, 9",https://image.tmdb.org/t/p/w500/svU6pu4lfHn0T5BVZchVxL58HB5.jpg
1235,4.164992826398852,697,3.6913928102250226,Harold and Maude (1971),4,https://image.tmdb.org/t/p/w500/t7qEuGwDjcYu8ajaKZ68DeDnOxw.jpg
3481,3.928623452294246,1373,3.6893088436556454,High Fidelity (2000),4,https://image.tmdb.org/t/p/w500/e2LZGB62GMhv3Fo8tDZjY87I81a.jpg
590,3.9152308752584424,1451,3.6889575068956644,Dances with Wolves (1990),"1, 7, 19",https://image.tmdb.org/t/p/w500/hw0ZEHAaTqTxSXGVwUFX7uvanSA.jpg
3006,4.0588235294117645,884,3.688113940989151,"Insider, The (1999)",7,https://image.tmdb.org/t/p/w500/f9moV5ksoyOjWQvYc13vQZR4hPv.jpg
2000,3.8869084204056548,1627,3.6863025010761707,Lethal Weapon (1987),"0, 4, 5, 7",https://image.tmdb.org/t/p/w500/fTq4ThIP3pQTYR9eDepsbDHqdcs.jpg
1674,3.9961759082217974,1046,3.6850306075956043,Witness (1985),"7, 14, 16",https://image.tmdb.org/t/p/w500/kOymD1rChAMykmDVEzJpIh4OYS7.jpg
720,4.426940639269406,438,3.6846011509944288,Wallace & Gromit: The Best of Aardman Animation (1996),2,https://image.tmdb.org/t/p/w500/tWkYclnnChwoMMBFECsEjd5hb77.jpg
1269,4.168154761904762,672,3.684460823250799,Arsenic and Old Lace (1944),"4, 13, 16",https://image.tmdb.org/t/p/w500/xG1GEEQGgExKl0WT5sRo1Arst5D.jpg
2336,4.029850746268656,938,3.6838211956737603,Elizabeth (1998),7,https://image.tmdb.org/t/p/w500/yNDGST8cKQTRfqF8zgtSMeOUfkO.jpg
1223,4.361522198731501,473,3.6804755457679796,"Grand Day Out, A (1992)","2, 4",https://image.tmdb.org/t/p/w500/h5e3r12VwfUotN36fBr1DNeCD4n.jpg
2064,4.0739348370927315,798,3.675137049941732,Roger & Me (1989),"4, 6",https://image.tmdb.org/t/p/w500/nsLrWqKnyOKgtBMD6OYLk6fAyTG.jpg
1256,4.21043771043771,594,3.6749315026716998,Duck Soup (1933),"4, 18",https://image.tmdb.org/t/p/w500/31t63plEGKHhYuuCpC9bFWO9SBS.jpg
1080,4.018358531317495,926,3.674884834663845,Monty Python's Life of Brian (1979),4,https://image.tmdb.org/t/p/w500/lSSA64WF0M0BXnjwr2quMh6shCl.jpg
1968,3.8797920727745288,1539,3.673692679649987,"Breakfast Club, The (1985)","4, 7",https://image.tmdb.org/t/p/w500/wM9ErA8UVdcce5P4oefQinN8VVV.jpg
1923,3.9044493070751276,1371,3.6733024726427015,There's Something About Mary (1998),4,https://image.tmdb.org/t/p/w500/kdT3Wwc11GOHorMA4SLqJzG8NJ4.jpg
2248,4.017505470459518,914,3.6719025517407937,Say Anything... (1989),"4, 7, 14",https://image.tmdb.org/t/p/w500/nkucKciFGSRalw6dJtsglWqOXMC.jpg
1293,4.141579731743666,671,3.6713829659307353,Gandhi (1982),7,https://image.tmdb.org/t/p/w500/rOXftt7SluxskrFrvU7qFJa5zeN.jpg
2355,3.854374633000587,1703,3.669793152635558,"Bug's Life, A (1998)","2, 3, 4",https://image.tmdb.org/t/p/w500/Ah3J9OJVc2CNCuH2zMydXy9fmIC.jpg
2300,4.144376899696049,658,3.668304031557474,"Producers, The (1968)","4, 12",https://image.tmdb.org/t/p/w500/nG0Bix2SH2SQcbAIGhb6yqTG5UH.jpg
1945,4.269749518304431,519,3.667418377081294,On the Waterfront (1954),"5, 7",https://image.tmdb.org/t/p/w500/fKjLZy9W8VxMOp5OoyWojmLVCQw.jpg
1287,4.110795454545454,704,3.6670888341723016,Ben-Hur (1959),"0, 1, 7",https://image.tmdb.org/t/p/w500/c9CoGrBA5yw8A7YBMz0hGzfzpNq.jpg
1954,3.9433126660761735,1129,3.66681293719989,Rocky (1976),"0, 7",https://image.tmdb.org/t/p/w500/8kEun6U9hTddM7NEfLLCGQKU2Mp.jpg
1374,3.880524861878453,1448,3.665566862817908,Star Trek: The Wrath of Khan (1982),"0, 1, 15",https://image.tmdb.org/t/p/w500/uPyLsKl8Z0LOoxeaFXsY5MxhR5s.jpg
1263,4.11,700,3.6654577431171704,"Deer Hunter, The (1978)","7, 18",https://image.tmdb.org/t/p/w500/bbGtogDZOg09bm42KIpCXUXICkh.jpg
1231,4.08,750,3.6652732975910745,"Right Stuff, The (1983)",7,https://image.tmdb.org/t/p/w500/btqTjNRxecYgQ1FGfVlLqSSNjz.jpg
914,4.154088050314465,636,3.6651569709161445,My Fair Lady (1964),"12, 14",https://image.tmdb.org/t/p/w500/bTXVc29lGSNclf94VIZ49W4gGKl.jpg
2186,4.304979253112033,482,3.6630390786512548,Strangers on a Train (1951),"9, 16",https://image.tmdb.org/t/p/w500/ihC083U7ef56Ui4x0P0dobojrZ1.jpg
17,4.027544910179641,835,3.6598094239603673,Sense and Sensibility (1995),"7, 14",https://image.tmdb.org/t/p/w500/9pGmTVv1S0WQkFeaFaDZKU0zyr8.jpg
1244,4.082172701949861,718,3.657182620922967,Manhattan (1979),"4, 7, 14",https://image.tmdb.org/t/p/w500/k4eT3EvfxW1L9Wmt04UqJqCvCR6.jpg
1947,4.057818659658344,761,3.657008952556857,West Side Story (1961),"12, 14",https://image.tmdb.org/t/p/w500/yfz3IUoYYSY32tkb97HlUBGFsnh.jpg
2908,4.014117647058823,850,3.6560758745083852,Boys Don't Cry (1999),7,https://image.tmdb.org/t/p/w500/eB505ycEhFVfMwGglIzXNUyKAIs.jpg
1952,4.113122171945701,663,3.65513238332926,Midnight Cowboy (1969),7,https://image.tmdb.org/t/p/w500/f7YLzOxwWzeEdo7RhAlPSBTYa8.jpg
1084,4.096209912536443,686,3.6543778479590214,Bonnie and Clyde (1967),"5, 7",https://image.tmdb.org/t/p/w500/9fx3l6HJuK2gs4dTvmhOma3yMMR.jpg
2289,3.96319018404908,978,3.653746321397362,"Player, The (1992)","4, 7",https://image.tmdb.org/t/p/w500/uuxhFccZJvmQy5UDzoP3Wzjn7LU.jpg
2797,3.8558014755197854,1491,3.653128504294526,Big (1988),"4, 8",https://image.tmdb.org/t/p/w500/eWhCDJiwxvx3YXkAFRiHjimnF0j.jpg
1246,4.005847953216374,855,3.652743353604288,Dead Poets Society (1989),7,https://image.tmdb.org/t/p/w500/hmGAF5NDoYB6S39UONevjHCESOI.jpg
3751,3.8796087283671934,1329,3.6525488675180933,Chicken Run (2000),"2, 3, 4",https://image.tmdb.org/t/p/w500/8XgmIsbpVamdhwcNVsYzohFZTtT.jpg
480,3.7638473053892216,2672,3.651263220281051,Jurassic Park (1993),"0, 1, 15",https://image.tmdb.org/t/p/w500/fjTU1Bgh3KJu4aatZil3sofR2zC.jpg
2268,3.93119698397738,1061,3.6491325572666824,"Few Good Men, A (1992)","5, 7",https://image.tmdb.org/t/p/w500/rLOk4z9zL1tTukIYV56P94aZXKk.jpg
1248,4.215953307392996,514,3.642759826124644,Touch of Evil (1958),"5, 9, 16",https://image.tmdb.org/t/p/w500/2YommRN5p7mX6b3Npk1bg9vCMJ9.jpg
2947,3.971014492753623,897,3.6426509952572976,Goldfinger (1964),0,https://image.tmdb.org/t/p/w500/yNW09AHdvWwIXshiF0tMLr4bAWA.jpg
36,3.9579741379310347,928,3.641491308468172,Dead Man Walking (1995),7,https://image.tmdb.org/t/p/w500/eShxyjhWoFl3BwsuEmVsr4nLaMZ.jpg
1254,4.289183222958058,453,3.6412446881911165,"Treasure of the Sierra Madre, The (1948)",1,https://image.tmdb.org/t/p/w500/pWcst7zVbi8Z8W6GFrdNE7HHRxL.jpg
3408,3.863878326996198,1315,3.6408764215143044,Erin Brockovich (2000),7,https://image.tmdb.org/t/p/w500/jEMvWBWVjndZT0vJnLrRWi9ajea.jpg
2501,4.137755102040816,588,3.640054530387852,October Sky (1999),7,https://image.tmdb.org/t/p/w500/b2hYuUuFs6rjgx0urivSm2j5XmS.jpg
1073,3.8613861386138613,1313,3.639055982269765,Willy Wonka and the Chocolate Factory (1971),"1, 3, 4, 8",https://image.tmdb.org/t/p/w500/vh5iYhj80l1inSdep61sF8g1S8m.jpg
930,4.29438202247191,445,3.6388010589919073,Notorious (1946),"9, 14, 16",https://image.tmdb.org/t/p/w500/62NsZPgueSiE8y7dqtU3FSLFwYw.jpg
3160,3.8939802336028753,1113,3.6346115841443662,Magnolia (1999),7,https://image.tmdb.org/t/p/w500/tpfC325Jk6S38VTe5dDWjWtoyxr.jpg
3911,4.073059360730594,657,3.6341664938954166,Best in Show (2000),4,https://image.tmdb.org/t/p/w500/qkYBCMN26SxkQww4gLxUXQm5vr4.jpg
1641,3.872393661384487,1199,3.63275698407363,"Full Monty, The (1997)",4,https://image.tmdb.org/t/p/w500/vMu38cOFpebRsgwVXJJlIHlRpIs.jpg
1104,4.225672877846791,483,3.6319767783802024,"Streetcar Named Desire, A (1951)",7,https://image.tmdb.org/t/p/w500/aicdlO5vt7z2ARm279eGzJeYCLQ.jpg
1997,3.9559322033898305,885,3.631942919656857,"Exorcist, The (1973)",10,https://image.tmdb.org/t/p/w500/d07xtqwq1uriQ1hda6qeu8Skt5m.jpg
3793,3.8206485771012573,1511,3.631230459176967,X-Men (2000),"0, 15",https://image.tmdb.org/t/p/w500/vF02RqXLgtmpJM5CRLSuvN3fVHi.jpg
1253,4.141323792486583,559,3.6304011205168765,"Day the Earth Stood Still, The (1951)","7, 15",https://image.tmdb.org/t/p/w500/9nTPGIxh05VHbY3bxfRujhgT0uy.jpg
800,4.082539682539682,630,3.629843209846263,Lone Star (1996),"7, 13",https://image.tmdb.org/t/p/w500/lBxY8znsRoqa9Dy2NCe8I6GPsRm.jpg
1580,3.739952718676123,2538,3.628086256705737,Men in Black (1997),"0, 1, 4, 15",https://image.tmdb.org/t/p/w500/uLOmOF5IzWoyrgIF5MfUnh5pa1X.jpg
2761,4.0474777448071215,674,3.627197608682576,"Iron Giant, The (1999)","2, 3",https://image.tmdb.org/t/p/w500/ct04FCFLPImNG5thcPLRnVsZlmS.jpg
3730,4.249448123620309,453,3.6260227008761055,"Conversation, The (1974)","7, 13",https://image.tmdb.org/t/p/w500/tkQEEBfURAoIPoucFFuXcBTViCR.jpg
1224,4.286384976525822,426,3.625072993324098,Henry V (1989),"7, 18",https://image.tmdb.org/t/p/w500/eAisr20DvaKJeHvjDN0oHSx0l7u.jpg
1249,4.005457025920873,733,3.623091858998971,Nikita (La Femme Nikita) (1990),16,https://image.tmdb.org/t/p/w500/1ulQDewUG4KKHOhpXdGKm3GdLFq.jpg
595,3.8858490566037736,1060,3.622113352213465,Beauty and the Beast (1991),"2, 3, 12",https://image.tmdb.org/t/p/w500/eupg5b3CIIbQSJrYa5GD7pNpj7M.jpg
3468,4.24,450,3.6208324237269993,"Hustler, The (1961)",7,https://image.tmdb.org/t/p/w500/65zoACX4e1X6d0bJ6f9ywsNHLNy.jpg
1028,3.894164193867458,1011,3.619518439405915,Mary Poppins (1964),"3, 4, 12",https://image.tmdb.org/t/p/w500/ei8hhYCMfURfPOXKBnyl61be2iV.jpg
1035,3.931972789115646,882,3.618226400115417,"Sound of Music, The (1965)",12,https://image.tmdb.org/t/p/w500/neNMmKjuZAFTfibvYuMlBEsPeSE.jpg
3504,4.020348837209302,688,3.618181194910755,Network (1976),"4, 7",https://image.tmdb.org/t/p/w500/gZ8hhuVEQ78CLND09trZJ45Eiy8.jpg
2020,3.9715394566623545,773,3.6158215266462532,Dangerous Liaisons (1988),"7, 14",https://image.tmdb.org/t/p/w500/opTwqTgREzvP67ERVrqt0ApXbeV.jpg
2395,3.8409836065573773,1220,3.615681889605537,Rushmore (1998),4,https://image.tmdb.org/t/p/w500/hSJ6swahAuZ8wM96lHDTwQPXUvZ.jpg
364,3.8608385370205176,1121,3.6156562246884603,"Lion King, The (1994)","2, 3, 12",https://image.tmdb.org/t/p/w500/dzBtMocZuJbjLOXvrl4zGYigDzh.jpg
2944,4.0042432814710045,707,3.61557385575078,"Dirty Dozen, The (1967)","0, 18",https://image.tmdb.org/t/p/w500/tFWWsuhp22zJ6OG6QepJIiPUfeF.jpg
1282,3.904559915164369,943,3.6142133595133004,Fantasia (1940),"2, 3, 12",https://image.tmdb.org/t/p/w500/5m9njnidjR0syG2gpVPVgcEMB2X.jpg
3175,3.771412037037037,1728,3.6133354399943016,Galaxy Quest (1999),"1, 4, 15",https://image.tmdb.org/t/p/w500/fZXSwgZknp81vmciTb86rw0MejV.jpg
3362,3.969934640522876,765,3.613095914209431,Dog Day Afternoon (1975),"4, 5, 7",https://image.tmdb.org/t/p/w500/mavrhr0ig2aCRR8d48yaxtD5aMQ.jpg
1077,3.9798387096774195,744,3.6130110918126874,Sleeper (1973),"4, 15",https://image.tmdb.org/t/p/w500/vVpUfsHuZecO7FlCtDBQd2ullyq.jpg
3095,4.134357005758157,521,3.611972685954414,"Grapes of Wrath, The (1940)",7,https://image.tmdb.org/t/p/w500/eUcxMVBIA0Jg8l1RGUqycrc3eIQ.jpg
1625,3.9138321995464853,882,3.608297762200431,"Game, The (1997)","13, 16",https://image.tmdb.org/t/p/w500/78yTLvtsMntVN1cLfzBuZj870pe.jpg
529,3.977777777777778,720,3.6059136555957196,Searching for Bobby Fischer (1993),7,https://image.tmdb.org/t/p/w500/oAJpHkMpfXiFY9F3HocIz9fhHLc.jpg
778,3.9600532623169107,751,3.6047091143437995,Trainspotting (1996),7,https://image.tmdb.org/t/p/w500/1jUC02qsqS2NxBMFarbIhcQtazV.jpg
3543,3.9225268176400476,839,3.604572421922853,Diner (1982),"4, 7",https://image.tmdb.org/t/p/w500/2vKIdZ6JkFIzcQeaHg3xtdvOyRO.jpg
1060,3.94147582697201,786,3.603280662346417,Swingers (1996),"4, 7",https://image.tmdb.org/t/p/w500/vsctdCbDHApN003Fs3QzJB8Nl9B.jpg
497,4.0,667,3.6024144960873583,Much Ado About Nothing (1993),"4, 14",https://image.tmdb.org/t/p/w500/kDUEegV4P8odhUTjHE2e2kWMZo3.jpg
926,4.255583126550868,403,3.6006815397668834,All About Eve (1950),7,https://image.tmdb.org/t/p/w500/qU5QzNDrsusmuqKW6FsSvHYoIEQ.jpg
1682,3.861691542288557,1005,3.5997531529466675,"Truman Show, The (1998)",7,https://image.tmdb.org/t/p/w500/vuza0WqY239yBXOadKlGwJsZJFE.jpg
2067,4.065602836879433,564,3.5993597555361383,Doctor Zhivago (1965),"7, 14, 18",https://image.tmdb.org/t/p/w500/r0Iv2BiCFYDnzc6uU1q3AJ56igT.jpg
3037,4.04399323181049,591,3.5992213887057893,Little Big Man (1970),"4, 7, 19",https://image.tmdb.org/t/p/w500/pLvUVqadEI9cPrRlTru6ee71EWU.jpg
6,3.8787234042553194,940,3.599144560518716,Heat (1995),"0, 5, 16",https://image.tmdb.org/t/p/w500/umSVjVdbVwtx5ryCA2QXL44Durm.jpg
916,4.216470588235294,425,3.598762965600689,Roman Holiday (1953),"4, 14",https://image.tmdb.org/t/p/w500/8lI9dmz1RH20FAqltkGelY1v4BE.jpg
3361,3.837442922374429,1095,3.598121043456287,Bull Durham (1988),4,https://image.tmdb.org/t/p/w500/q3T9bO6p74NcTxWOhdUA6fASQ5T.jpg
588,3.788304959289415,1351,3.595660583410716,Aladdin (1992),"2, 3, 4, 12",https://image.tmdb.org/t/p/w500/eLFfl7vS8dkeG1hKp5mwbm37V83.jpg
265,3.9326424870466323,772,3.5955856435471167,Like Water for Chocolate (Como agua para chocolate) (1992),"7, 14",https://image.tmdb.org/t/p/w500/rXAWEI0BVblEK3hCZvTWEif0v0G.jpg
951,4.249370277078086,397,3.5950038560017714,His Girl Friday (1940),4,https://image.tmdb.org/t/p/w500/lu86Y9zTPH3neCiUzLzHCEFHf7f.jpg
905,4.280748663101604,374,3.5919998584376938,It Happened One Night (1934),4,https://image.tmdb.org/t/p/w500/2PNUGWAflH6UUumas0POMmokHlc.jpg
1449,4.147186147186147,462,3.5910800199630675,Waiting for Guffman (1996),4,https://image.tmdb.org/t/p/w500/zuArI6EBpV6mExrvfnyidoOtzdf.jpg
3148,3.952180028129395,711,3.590955809639705,"Cider House Rules, The (1999)",7,https://image.tmdb.org/t/p/w500/qAECAgqjSFRVZzEEGbFAZqZNiDh.jpg
2871,3.9410150891632374,729,3.5898332833637268,Deliverance (1972),"1, 16",https://image.tmdb.org/t/p/w500/2TrAzNJlHyNYYSkQf6asg3rs2Xr.jpg
3359,4.0807692307692305,520,3.589253176299316,Breaking Away (1979),7,https://image.tmdb.org/t/p/w500/k7b5GsVJK1hfdwoYqcczN9pBba6.jpg
1500,3.813380281690141,1136,3.588727871233447,Grosse Pointe Blank (1997),"4, 5",https://image.tmdb.org/t/p/w500/7lQ0MSNQqBTYpXTTZL82u1n95Z3.jpg
58,4.093812375249501,501,3.586974273698492,"Postino, Il (The Postman) (1994)","7, 14",https://image.tmdb.org/t/p/w500/cUaCpjVDefYShKyLmkcDsiPaBHn.jpg
3196,4.228426395939087,394,3.5859117434677303,Stalag 17 (1953),"7, 18",https://image.tmdb.org/t/p/w500/lfve9FDKjT7JPbWI9NCs5340F79.jpg
1292,4.013536379018612,591,3.585590188402874,Being There (1979),4,https://image.tmdb.org/t/p/w500/uoSMXpNuEDsUzTOxqIEERBja92d.jpg
1584,3.768451519536903,1382,3.5854945980516204,Contact (1997),"7, 15",https://image.tmdb.org/t/p/w500/bCpMIywuNZeWt3i5UMLEIc0VSwM.jpg
3552,3.8469493278179936,967,3.5854829612649546,Caddyshack (1980),4,https://image.tmdb.org/t/p/w500/lXnNz7zOXCsftMDVoU3VSo0Eioi.jpg
1302,3.9114583333333335,768,3.5838209307419,Field of Dreams (1989),7,https://image.tmdb.org/t/p/w500/vL7F8T9B6r4Uztpe1Hw4o63I1m1.jpg
954,4.240208877284595,383,3.5836151404817933,Mr. Smith Goes to Washington (1939),7,https://image.tmdb.org/t/p/w500/nDjg1fbNyq15excNDl3acd2IqAk.jpg
1960,3.9764150943396226,636,3.5824034007953096,"Last Emperor, The (1987)","7, 18",https://image.tmdb.org/t/p/w500/aQP33BMBuRrDQwOTSdTVHvmOVnv.jpg
2788,4.137472283813747,451,3.5821870764811483,And Now for Something Completely Different (1971),4,https://image.tmdb.org/t/p/w500/ajbdFQLvJTlNu4LnVWGnNMb4mZ8.jpg
1188,3.951183431952663,676,3.5814812122276733,Strictly Ballroom (1992),"4, 14",https://image.tmdb.org/t/p/w500/f6vs4DQGuNpLuA5Z7k69uuKpbVG.jpg
2352,3.8747016706443915,838,3.578801814217541,"Big Chill, The (1983)","4, 7",https://image.tmdb.org/t/p/w500/rU8kjMEL5Mn0EWm3gOShPHBEZ4l.jpg
1217,4.26890756302521,357,3.5773325759650207,Ran (1985),"7, 18",https://image.tmdb.org/t/p/w500/FepaiApo8Yr6pNIZIeYG5kW06J.jpg
1393,3.7590539541759056,1353,3.5768412215058802,Jerry Maguire (1996),"7, 14",https://image.tmdb.org/t/p/w500/lABvGN7fDk5ifnwZoxij6G96t2w.jpg
955,4.169491525423729,413,3.5752926422634532,Bringing Up Baby (1938),4,https://image.tmdb.org/t/p/w500/vTNNOtemaYmtx3k2NpsLMRJKEwZ.jpg
474,3.825102880658436,972,3.573771286386127,In the Line of Fire (1993),"0, 16",https://image.tmdb.org/t/p/w500/3NvOFpmyECI3DNExYMtFIRcGMsu.jpg
2948,3.8897535667963683,771,3.5733234547057613,From Russia with Love (1963),0,https://image.tmdb.org/t/p/w500/zx4V17FP8oclNvOpTgs2iCCtiYk.jpg
1283,4.1786600496277915,403,3.5733084713342125,High Noon (1952),19,https://image.tmdb.org/t/p/w500/2rWF1ObmtjPvsO266Cd2eXRw0cQ.jpg
928,4.204663212435233,386,3.5730809894988753,Rebecca (1940),"14, 16",https://image.tmdb.org/t/p/w500/kGhllBArW7ImDycSMIG5bj6GEPL.jpg
3035,4.149643705463183,421,3.572161533060404,Mister Roberts (1955),"4, 7, 18",https://image.tmdb.org/t/p/w500/5B8Gc1N2S3CDWHBzm0VxaMPTyzJ.jpg
3424,3.880921895006402,781,3.5708519323310135,Do the Right Thing (1989),"4, 7",https://image.tmdb.org/t/p/w500/63rmSDPahrH7C1gEFYzRuIBAN9W.jpg
162,4.063136456211812,491,3.570480822438341,Crumb (1994),6,https://image.tmdb.org/t/p/w500/jHIiz59mnKuHov0PjSNsuYOcx5D.jpg
2890,3.8070519098922624,1021,3.5702781169871436,Three Kings (1999),"7, 18",https://image.tmdb.org/t/p/w500/fClJQW8xn8wHOFqoA4jUn0PZh1f.jpg
2700,3.760441292356186,1269,3.5700634694951185,"South Park: Bigger, Longer and Uncut (1999)","2, 4",
1296,3.9964285714285714,560,3.5678726977789803,"Room with a View, A (1986)","7, 14",https://image.tmdb.org/t/p/w500/6kxZUgIQu6t3m1SUXiJdWWQyVsB.jpg
1408,3.8133333333333335,975,3.5674812811886154,"Last of the Mohicans, The (1992)","0, 14, 18",https://image.tmdb.org/t/p/w500/qzJMPWRtZveBkxXOv3ucWhoJuyj.jpg
3210,3.8374717832957113,886,3.5671753907681802,Fast Times at Ridgemont High (1982),4,https://image.tmdb.org/t/p/w500/s1DA8H7qwoOcAEhow2rCzuQtpuO.jpg
555,3.9285714285714284,658,3.5659616892151313,True Romance (1993),"0, 5, 14",https://image.tmdb.org/t/p/w500/39lXk6ud6KiJgGbbWI2PUKS7y2.jpg
994,4.095555555555555,450,3.5657243270758756,Big Night (1996),7,https://image.tmdb.org/t/p/w500/bv8druvu1QHKVzgZvboelZnbiGg.jpg
3334,4.082429501084599,461,3.565537038039475,Key Largo (1948),"5, 7, 9, 16",https://image.tmdb.org/t/p/w500/rySfmQQZhS7RswOiJcJrww6FcHy.jpg
2302,3.7845303867403315,1086,3.5652833069600636,My Cousin Vinny (1992),4,https://image.tmdb.org/t/p/w500/iwSURa8nS2ujwrU3s1lfxxX7voH.jpg
933,4.10158013544018,443,3.5648373934208912,To Catch a Thief (1955),"4, 14, 16",https://image.tmdb.org/t/p/w500/9UdAlTenWqxj2l5oFExkjuVHmKO.jpg
11,3.7938044530493706,1033,3.5641258688147492,"American President, The (1995)","4, 7, 14",https://image.tmdb.org/t/p/w500/yObOAYFIHXHkFPQ3jhgkN2ezaD.jpg
2916,3.682364729458918,1996,3.5636660589932108,Total Recall (1990),"0, 1, 15, 16",https://image.tmdb.org/t/p/w500/wVbeL6fkbTKSmNfalj4VoAUUqJv.jpg
2917,4.031746031746032,504,3.562847056170243,Body Heat (1981),"5, 16",https://image.tmdb.org/t/p/w500/5LipPcaW1J9IjAP7TOTesw8OcMS.jpg
440,3.811181434599156,948,3.562308103598209,Dave (1993),"4, 14",
909,4.127098321342926,417,3.5619466583392896,"Apartment, The (1960)","4, 7",https://image.tmdb.org/t/p/w500/8EWKKGnAQPdTXhr2aRde1aLwPQn.jpg
1333,3.882673942701228,733,3.56155339746051,"Birds, The (1963)",10,https://image.tmdb.org/t/p/w500/6V8NqT6n831trjCVa8ebINAPa9Q.jpg
1673,3.769503546099291,1128,3.5611153936936715,Boogie Nights (1997),7,https://image.tmdb.org/t/p/w500/6fzz3HkAGJxhGcwRZwpbEZxgZMu.jpg
902,3.908284023668639,676,3.560847985617926,Breakfast at Tiffany's (1961),"7, 14",https://image.tmdb.org/t/p/w500/79xm4gXw4l7A5D0XukUOJRocFYQ.jpg
3499,3.82579185520362,884,3.5604411799107503,Misery (1990),10,https://image.tmdb.org/t/p/w500/23Y65uWaVMpqfbZTN3CT0aei4D5.jpg
2686,3.9622641509433962,583,3.560207119075044,"Red Violin, The (Le Violon rouge) (1998)","7, 13",https://image.tmdb.org/t/p/w500/uPjq8PaNDhFQTzOu4Ce91f6BFgZ.jpg
1215,3.804232804232804,945,3.5579407845840523,Army of Darkness (1993),"0, 1, 4, 10, 15",https://image.tmdb.org/t/p/w500/xsgTuAtR2zSH8Umg3jWZcZjlDpe.jpg
3753,3.7451612903225806,1240,3.557639930838281,"Patriot, The (2000)","0, 7, 18",https://image.tmdb.org/t/p/w500/9Bdo9Q2JYohPgK4O18GtjXWXia3.jpg
1748,3.822654462242563,874,3.5570762979644495,Dark City (1998),"9, 15, 16",https://image.tmdb.org/t/p/w500/7mkj8Vv5lpndZnjdHNBdIV4fhoh.jpg
357,3.7437145174371453,1233,3.556062086005603,Four Weddings and a Funeral (1994),"4, 14",https://image.tmdb.org/t/p/w500/qa72G2VS0bpxms6yo0tI9vsHm2e.jpg
2502,3.8211009174311927,872,3.5558987472906622,Office Space (1999),"4, 14",https://image.tmdb.org/t/p/w500/v7fBXxHZ5WQn2PGgpXhTqHgtcJk.jpg
3104,3.8562091503267975,765,3.5548824648952797,Midnight Run (1988),"0, 1, 4, 5",https://image.tmdb.org/t/p/w500/vT4hIPxQIfYPOwIQaTvOY2gHzJg.jpg
1260,4.3019480519480515,308,3.5544788855768625,M (1931),"5, 9, 16",https://image.tmdb.org/t/p/w500/rESIobLEipch59C8Qr0tRXufHYX.jpg
3039,3.828367103694875,839,3.5542058296372305,Trading Places (1983),4,https://image.tmdb.org/t/p/w500/8mBuLCOcpWnmYtZc4aqtvDXslv6.jpg
2951,3.9942528735632186,522,3.5539527317506954,"Fistful of Dollars, A (1964)","0, 19",https://image.tmdb.org/t/p/w500/lBwOEpwVeUAmrmglcstnaGcJq3Y.jpg
1041,4.037974683544304,474,3.5536118353020316,Secrets & Lies (1996),7,https://image.tmdb.org/t/p/w500/zQBuRQ3hrLhkEsXcxteUxuxLrvs.jpg
3072,3.7871690427698574,982,3.5534746384960534,Moonstruck (1987),4,https://image.tmdb.org/t/p/w500/2mnVWpvsHEHHnfvLn1NXYVvBGl5.jpg
2359,3.879089615931721,703,3.553069349937867,Waking Ned Devine (1998),4,https://image.tmdb.org/t/p/w500/bsxiOOKC40HlhdIJYCUE2BkpJv0.jpg
2987,3.6798221234018897,1799,3.5526089949717203,Who Framed Roger Rabbit? (1988),"1, 2, 9",https://image.tmdb.org/t/p/w500/lYfRc57Kx9VgLZ48iulu0HKnM15.jpg
2973,4.05,460,3.552561449168554,Crimes and Misdemeanors (1989),4,https://image.tmdb.org/t/p/w500/6vC6MLYUICH57MmEVi1UaNaj2Qs.jpg
733,3.723134328358209,1340,3.552438677838123,"Rock, The (1996)","0, 1, 16",https://image.tmdb.org/t/p/w500/j5mxLNWjUlXUUk8weFBtnF4afIR.jpg
1127,3.6839650145772596,1715,3.5511441373638757,"Abyss, The (1989)","0, 1, 15, 16",https://image.tmdb.org/t/p/w500/ta1B8QQ3pBRA0TG8wH0CfgG6vlp.jpg
3396,3.8561827956989245,744,3.550574715837119,"Muppet Movie, The (1979)","3, 4",https://image.tmdb.org/t/p/w500/8LUjnIW5ph6pHoXDE3Zg4iVi6BV.jpg
2664,3.912420382165605,628,3.5504764963432747,Invasion of the Body Snatchers (1956),"10, 15",https://image.tmdb.org/t/p/w500/5oNHdVo0vTsaC47Jv2Wb4eeo4V4.jpg
3307,4.387453874538745,271,3.5499968453633133,City Lights (1931),"4, 7, 14",https://image.tmdb.org/t/p/w500/ugmakEL5y294I5bXgiBqApuZpwc.jpg
306,4.227544910179641,334,3.5493858427700946,Three Colors: Red (1994),7,https://image.tmdb.org/t/p/w500/JHmsBiX1tjCKqAul1lzC20WcAW.jpg
594,3.8453473132372213,763,3.5489258584830785,Snow White and the Seven Dwarfs (1937),"2, 3, 12",https://image.tmdb.org/t/p/w500/3VAHfuNb6Z7UiW12iYKANSPBl8m.jpg
1912,3.797356828193833,908,3.548562958037249,Out of Sight (1998),"0, 5, 14",https://image.tmdb.org/t/p/w500/v49q7AMR3pB4M762woWB1NYMCLF.jpg
1094,3.7314890154597236,1229,3.5480070685657363,"Crying Game, The (1992)","7, 14, 18",https://image.tmdb.org/t/p/w500/ea6HPVTlGa0MmtTrPud0UnP9wh.jpg
2706,3.7098632109431247,1389,3.5476855528845865,American Pie (1999),4,https://image.tmdb.org/t/p/w500/5P68by2Thn8wHAziyWGEw2O7hco.jpg
1956,3.990138067061144,507,3.546924257004444,Ordinary People (1980),7,https://image.tmdb.org/t/p/w500/uvgJx1590X2DCsw0gNOgkWHQUzP.jpg
1639,3.7784679089026914,966,3.54631191022471,Chasing Amy (1997),"7, 14",https://image.tmdb.org/t/p/w500/eFhPqkNmRDfRHyQiUzUdoQjpwgh.jpg
2080,3.8043981481481484,864,3.5455110409701884,Lady and the Tramp (1955),"2, 3, 4, 12, 14",https://image.tmdb.org/t/p/w500/340NcWz9SQXWQyf4oicMxjbrLOb.jpg
2580,3.854771784232365,723,3.545453937202062,Go (1999),5,https://image.tmdb.org/t/p/w500/1b4JNGUsy0WAuHAVK2VPNCcvPGS.jpg
1275,3.8461538461538463,741,3.5448975476273343,Highlander (1986),"0, 1",https://image.tmdb.org/t/p/w500/8Z8dptJEypuLoOQro1WugD855YE.jpg
2542,3.8976,625,3.542836355692872,"Lock, Stock & Two Smoking Barrels (1998)","4, 5, 16",https://image.tmdb.org/t/p/w500/6pJB2t3MbQUy9m5pFIBHXLqnqNd.jpg
3360,3.91864406779661,590,3.5428358043092043,Hoosiers (1986),7,https://image.tmdb.org/t/p/w500/dHpjZQXEdoi1xNLubM1rPmTHJYz.jpg
2081,3.756521739130435,1035,3.542517338501556,"Little Mermaid, The (1989)","2, 3, 4, 12, 14",https://image.tmdb.org/t/p/w500/qEM80vqREgfjk7YhIbl4AgfZ47S.jpg
2966,4.055944055944056,429,3.5414517425860987,"Straight Story, The (1999)",7,https://image.tmdb.org/t/p/w500/tT9cMiVDdtlcdZxOoFy3VRmEoKk.jpg
1663,3.8391891891891894,740,3.5411853309193573,Stripes (1981),4,https://image.tmdb.org/t/p/w500/vP8tPOgmJSNOh4bpOv1bFjid3rZ.jpg
1285,3.8156911581569117,803,3.5411235522257716,Heathers (1989),4,https://image.tmdb.org/t/p/w500/dGbVfM4WlM7uvIbyRehfPZUIgp2.jpg
1356,3.7091603053435116,1310,3.5409521175709706,Star Trek: First Contact (1996),"0, 1, 15",https://image.tmdb.org/t/p/w500/iqhHe893Vcf07jNkNQ31tu85dKG.jpg
3256,3.75,1052,3.5407083041178753,Patriot Games (1992),"0, 16",https://image.tmdb.org/t/p/w500/yToAJg67r3hk3Ux3sfXOdpiqxU.jpg
1179,3.7887005649717516,885,3.5402736722118275,"Grifters, The (1990)","5, 7, 9",https://image.tmdb.org/t/p/w500/zMpGfkiDIdg5bB7WGcAT3Fdrfpt.jpg
1962,3.8773006134969323,652,3.540189535856674,Driving Miss Daisy (1989),7,https://image.tmdb.org/t/p/w500/lE1UzoV7gZhmqhw1qTiyyichPgh.jpg
3735,3.981818181818182,495,3.539217512279294,Serpico (1973),"5, 7",https://image.tmdb.org/t/p/w500/pRagfd10PPWryFRSzLPIivfAXHJ.jpg
1732,3.7383773928896993,1097,3.538884119236789,"Big Lebowski, The (1998)","4, 5, 13, 16",https://image.tmdb.org/t/p/w500/9mprbw31MGdd66LR0AQKoDMoFRv.jpg
539,3.760649087221095,986,3.5387769418746693,Sleepless in Seattle (1993),"4, 14",https://image.tmdb.org/t/p/w500/jAXfku1u1uaLGh4cUmK0ESf1pPu.jpg
3429,4.335766423357664,274,3.5383874875794668,Creature Comforts (1990),"2, 4",https://image.tmdb.org/t/p/w500/Ap8XavPP8AyvW9TDQDAZzEGT200.jpg
2949,3.874613003095975,646,3.537456811185747,Dr. No (1962),0,https://image.tmdb.org/t/p/w500/9zCOLJmLNst0sCPZlkW1IRoH65E.jpg
2313,4.013129102844639,457,3.537102270363249,"Elephant Man, The (1980)",7,https://image.tmdb.org/t/p/w500/m5XdpHHG1ICWTPkEZrxXVvIKu9K.jpg
1147,4.32129963898917,277,3.5367827558728218,When We Were Kings (1996),6,https://image.tmdb.org/t/p/w500/yBkZK1JZOOJ3q5Jj1H9UP9T8YuV.jpg
678,4.245098039215686,306,3.5362354841004295,Some Folks Call It a Sling Blade (1993),"7, 16",https://image.tmdb.org/t/p/w500/zP5jcbckIq4yWzGq6n2TkCPIGIC.jpg
3083,4.086294416243655,394,3.5360675067076057,All About My Mother (Todo Sobre Mi Madre) (1999),"4, 7",https://image.tmdb.org/t/p/w500/hjQhzhkGYXPNM96k0mOgob6HMmn.jpg
1178,4.473913043478261,230,3.5349367835184937,Paths of Glory (1957),"7, 18",https://image.tmdb.org/t/p/w500/tJXwtzOSNUC8dxJfrdvkNtGrrgW.jpg
3654,3.9641434262948207,502,3.5345284967811574,"Guns of Navarone, The (1961)","0, 7, 18",https://image.tmdb.org/t/p/w500/j6VSFnm20GlkUi8yb7hM5Qfc1fA.jpg
3448,3.733826247689464,1082,3.534513852490199,"Good Morning, Vietnam (1987)","4, 7, 18",https://image.tmdb.org/t/p/w500/sreISlFUn5TyR41QNjlfAdX5SEW.jpg
3462,4.2360655737704915,305,3.5328872342058917,Modern Times (1936),4,https://image.tmdb.org/t/p/w500/7uoiKOEjxBBW0AgDGQWrlfGQ90w.jpg
1517,3.7103734439834026,1205,3.532577846361331,Austin Powers: International Man of Mystery (1997),4,https://image.tmdb.org/t/p/w500/cCrwSLofFvxIKxiM7m0l2s1uKt2.jpg
337,3.8412698412698414,693,3.53235279000773,What's Eating Gilbert Grape (1993),7,https://image.tmdb.org/t/p/w500/8r9yts6XHbB1xNLaPC6ExNAK1Qu.jpg
1396,3.7277726856095326,1091,3.5318713780752513,Sneakers (1992),"5, 7, 15",https://image.tmdb.org/t/p/w500/l2pIGwCvpZEpBuMb55YBl6A04Jv.jpg
29,4.062034739454094,403,3.531807367581453,"City of Lost Children, The (1995)","1, 15",https://image.tmdb.org/t/p/w500/whwT3Q9JxbAYzEc3t7uYYcCbTMf.jpg
2010,4.082474226804123,388,3.5317868848196823,Metropolis (1926),15,https://image.tmdb.org/t/p/w500/vZIJxGnjcswPCAa52jhbl01FQkV.jpg
2406,3.6892193308550185,1345,3.5308613370865247,Romancing the Stone (1984),"0, 1, 4, 14",https://image.tmdb.org/t/p/w500/qfIlVOYZH5RiZ0ndFKUpr5Zn2Bx.jpg
3000,4.147826086956521,345,3.5307322883071146,"Princess Mononoke, The (Mononoke Hime) (1997)","0, 1, 2",https://image.tmdb.org/t/p/w500/cMYCDADoLKLbB83g4WnJegaZimC.jpg
3418,3.6803105151729003,1417,3.530292030648029,Thelma & Louise (1991),"0, 7",https://image.tmdb.org/t/p/w500/vbRAGLzbC75QfiKD1lKjmnQGuph.jpg
1537,4.137142857142857,350,3.53012676589717,Shall We Dance? (Shall We Dansu?) (1996),4,https://image.tmdb.org/t/p/w500/aGIyiQv08Gw1HO5BV1yrwCWtGHC.jpg
2529,3.712564543889845,1162,3.529882021562779,Planet of the Apes (1968),"0, 15",https://image.tmdb.org/t/p/w500/2r9iKnlSYEk4daQadsXfcjHfIjQ.jpg
2872,3.81266846361186,742,3.5282173590118897,Excalibur (1981),"0, 7, 8, 14",https://image.tmdb.org/t/p/w500/cTWF6zkr5mUOnheowKODIijWYcN.jpg
349,3.7261567516525025,1059,3.5274094737411215,Clear and Present Danger (1994),"0, 1, 16",https://image.tmdb.org/t/p/w500/6xTM8FPxrLRYwz6I3fqtwh7xybs.jpg
1237,4.230769230769231,299,3.5272453512746673,"Seventh Seal, The (Sjunde inseglet, Det) (1957)",7,https://image.tmdb.org/t/p/w500/wcZ21zrOsy0b52AfAF50XpTiv75.jpg
3317,3.9495967741935485,496,3.5265376122284744,Wonder Boys (2000),"4, 7",https://image.tmdb.org/t/p/w500/5yvQe06HPNII2eZCJWTeMwqLWvR.jpg
1950,4.129310344827586,348,3.526470388664497,In the Heat of the Night (1967),"7, 13",https://image.tmdb.org/t/p/w500/fvqHTabYej3LwzKRRZCm6jV3g0O.jpg
2728,4.018779342723005,426,3.5264144039688405,Spartacus (1960),7,https://image.tmdb.org/t/p/w500/4qDIb9K9qLxCVT8cKGt5YrF54Xb.jpg
1086,4.079155672823219,379,3.5261811851925984,Dial M for Murder (1954),"13, 16",https://image.tmdb.org/t/p/w500/9V95TXeYLYEPrMBtU7kIIyWdPNA.jpg
3089,4.357142857142857,252,3.5260028973876665,"Bicycle Thief, The (Ladri di biciclette) (1948)",7,https://image.tmdb.org/t/p/w500/cVNZ4u1OOBStpCaoNvcEQ4GExE.jpg
2160,3.818820224719101,712,3.5253359998515403,Rosemary's Baby (1968),"10, 16",https://image.tmdb.org/t/p/w500/nclYFGpVzfbiORO5ELVVdxzt9Vg.jpg
950,4.239726027397261,292,3.524984673309834,"Thin Man, The (1934)",13,https://image.tmdb.org/t/p/w500/6cL89ok9t8xEKboOjOVga2W66jj.jpg
3811,4.102777777777778,360,3.524343133351074,Breaker Morant (1980),"7, 18",https://image.tmdb.org/t/p/w500/Nr46BDNjBtz3s0wRvm84eK3PXl.jpg
1944,4.096153846153846,364,3.524254086681294,From Here to Eternity (1953),"7, 14, 18",https://image.tmdb.org/t/p/w500/25Rm1YJSyhXAEu8abonZvW83aPL.jpg
508,3.894830659536542,561,3.5240386236233983,Philadelphia (1993),7,https://image.tmdb.org/t/p/w500/tFe5Yoo5zT495okA49bq1vPPkiV.jpg
1095,3.8844133099824867,571,3.5223159121768512,Glengarry Glen Ross (1992),7,https://image.tmdb.org/t/p/w500/nGZCeCfNseq1ee3cJLBp0rH0djT.jpg
1834,3.9391480730223125,493,3.5212857617881355,"Spanish Prisoner, The (1997)","7, 16",https://image.tmdb.org/t/p/w500/cwkWlWfFrvH6WW6ovX5gfGHo7ks.jpg
1300,4.1454545454545455,330,3.521257049349689,My Life as a Dog (Mitt liv som hund) (1985),7,https://image.tmdb.org/t/p/w500/eVg9IsX2HtR1BNYH0UAhF4JPHi7.jpg
1653,3.711234911792015,1077,3.520493686014943,Gattaca (1997),"7, 15, 16",https://image.tmdb.org/t/p/w500/eSKr5Fl1MEC7zpAXaLWBWSBjgJq.jpg
2321,3.6968911917098444,1158,3.5198791225356265,Pleasantville (1998),4,https://image.tmdb.org/t/p/w500/m1hhYP6OScjKU5Z9iZaWirSn4I6.jpg
3469,4.279850746268656,268,3.5185682644471132,Inherit the Wind (1960),7,https://image.tmdb.org/t/p/w500/7oaHcF0gCOt2lKaT2zajhajP0Zo.jpg
3526,3.7694204685573367,811,3.5181900965829245,Parenthood (1989),"4, 7",https://image.tmdb.org/t/p/w500/e51tNNQBJpJi9xkyuj0QFhyBcz7.jpg
3088,4.089887640449438,356,3.517984195104556,Harvey (1950),4,https://image.tmdb.org/t/p/w500/dgd82hYmpiXDM1G867HqNaWe8wj.jpg
911,4.183006535947713,306,3.517886860247219,Charade (1963),"4, 13, 14, 16",https://image.tmdb.org/t/p/w500/qqaPjC5FQidtKY65jbAKZPiOTaS.jpg
3265,4.137614678899083,327,3.5170580632143826,Hard-Boiled (Lashou shentan) (1992),"0, 5",https://image.tmdb.org/t/p/w500/mbA77wY7fjh2TSQ3FxEuqpKOOA8.jpg
551,3.717871485943775,996,3.5153705266798,"Nightmare Before Christmas, The (1993)","3, 4, 12",https://image.tmdb.org/t/p/w500/oQffRNjK8e19rF7xVYEN8ew0j7b.jpg
1719,4.044619422572178,381,3.5153280898568173,"Sweet Hereafter, The (1997)",7,https://image.tmdb.org/t/p/w500/gJy7LMq4b5qO5fsSUSoBgm24BHf.jpg
3507,4.033419023136247,389,3.515218456670537,"Odd Couple, The (1968)",4,https://image.tmdb.org/t/p/w500/d3dKPpzEi7WfgmoMnMwWyQnd2ja.jpg
1466,3.7955493741307373,719,3.515203205927508,Donnie Brasco (1997),"5, 7",https://image.tmdb.org/t/p/w500/xtKLvpOfARi1XVm8u2FTdhY5Piq.jpg
1185,3.958057395143488,453,3.5143947938993616,My Left Foot (1989),7,https://image.tmdb.org/t/p/w500/GRAAl0bMQFoFIjV3aunc5jsM5u.jpg
2288,3.785425101214575,741,3.5142957115171676,"Thing, The (1982)","0, 10, 15, 16",https://image.tmdb.org/t/p/w500/Ap1cdn5cjJhl2COj6DZoTLUMOF8.jpg
942,4.2020547945205475,292,3.5142161955810036,Laura (1944),"5, 9, 13",https://image.tmdb.org/t/p/w500/zVZIcXVMFdbzTTHOThrZX7o2DO7.jpg
3510,3.7588306942752743,821,3.5142030595201517,Frequency (2000),"7, 16",https://image.tmdb.org/t/p/w500/eu3Hrjj271dnBdNAF0HqfmwWASt.jpg
2078,3.816265060240964,664,3.514009216925723,"Jungle Book, The (1967)","2, 3, 4, 12",https://image.tmdb.org/t/p/w500/a0vfM3bHpftyVvgp452FT1U58N8.jpg
3044,3.855917667238422,583,3.5129690238369493,Dead Again (1991),"13, 14, 16",https://image.tmdb.org/t/p/w500/irEnDVtxox6gnRJuwtEZuxvl2vZ.jpg
553,3.8734177215189876,553,3.512492665720074,Tombstone (1993),19,https://image.tmdb.org/t/p/w500/f6Lb4bpUW2AJW42Hpnix2533RKU.jpg
1189,4.25278810408922,269,3.5120399036414574,"Thin Blue Line, The (1988)",6,https://image.tmdb.org/t/p/w500/4w4BJk3l8y9gYwPPLRs6uPHOmGL.jpg
3052,3.7128412537917086,989,3.5116507674052926,Dogma (1999),4,https://image.tmdb.org/t/p/w500/xI5beD8Td79E2uZNAxgd1gWWOEd.jpg
2662,3.8584070796460175,565,3.5092868627161025,"War of the Worlds, The (1953)","0, 15, 18",https://image.tmdb.org/t/p/w500/jkkyb7uayYSKfjYGjLtRL8o0nmK.jpg
2863,3.88996138996139,518,3.509235946922641,"Hard Day's Night, A (1964)","4, 12",https://image.tmdb.org/t/p/w500/6Ulsccp2VkaVU5qbya3bxm9JG4x.jpg
232,4.07514450867052,346,3.5079236111445793,Eat Drink Man Woman (1994),"4, 7",https://image.tmdb.org/t/p/w500/olhIWtIBFg6VWK59DEd4lAvgVgz.jpg
3508,4.043835616438356,365,3.507329231417081,"Outlaw Josey Wales, The (1976)",19,https://image.tmdb.org/t/p/w500/92BZIFPbyCPNhExyFScxA3xF1dy.jpg
1257,3.9216101694915255,472,3.5070926706500165,Better Off Dead... (1985),4,https://image.tmdb.org/t/p/w500/hBcooj0QpaoxFIhsLHmHdrYu9wR.jpg
16,3.7932551319648096,682,3.5067459042054514,Casino (1995),"7, 16",https://image.tmdb.org/t/p/w500/gziIkUSnYuj9ChCi8qOu2ZunpSC.jpg
1274,3.933628318584071,452,3.5046735876309736,Akira (1988),"1, 2, 15, 16",https://image.tmdb.org/t/p/w500/neZ0ykEsPqxamsX6o5QNUFILQrz.jpg
3527,3.653816499614495,1297,3.5044519337705378,Predator (1987),"0, 15, 16",https://image.tmdb.org/t/p/w500/k3mW4qfJo6SKqe6laRyNGnbB9n5.jpg
1303,4.129032258064516,310,3.504350018072145,"Man Who Would Be King, The (1975)",1,https://image.tmdb.org/t/p/w500/gc5fS9UfNrGm5cBlbAI560YbDSF.jpg
2115,3.676131322094055,1127,3.504320950059787,Indiana Jones and the Temple of Doom (1984),"0, 1",https://image.tmdb.org/t/p/w500/om61eim8XwLfh6QXzh2r0Q4blBz.jpg
3030,4.404651162790698,215,3.504258172351504,Yojimbo (1961),"4, 7, 19",https://image.tmdb.org/t/p/w500/xYAHrrJV3YTq2Idu2B5g6MuwQMr.jpg
3255,3.6797088262056414,1099,3.503840220829092,"League of Their Own, A (1992)","4, 7",https://image.tmdb.org/t/p/w500/7xpFXAOjgzFPE3vyVerFGfrXhFK.jpg
2243,3.747782002534854,789,3.5033071081896576,Broadcast News (1987),"4, 7, 14",https://image.tmdb.org/t/p/w500/kQNR1Lc0qAF5xuBySpDn481KVjb.jpg
2968,3.6940594059405942,1010,3.503174385620003,Time Bandits (1981),"1, 8, 15",https://image.tmdb.org/t/p/w500/4VZtpwdhHQSa4LUkvujyGAHb1hG.jpg
2648,3.9753694581280787,406,3.5022209104235977,Frankenstein (1931),10,https://image.tmdb.org/t/p/w500/osjlYkk2dIJvbOHTwghboKWfl8k.jpg
3386,3.755291005291005,756,3.501697639707839,JFK (1991),"7, 13",https://image.tmdb.org/t/p/w500/r0VWVTYlqdRCK5ZoOdNnHdqM2gt.jpg
628,3.8969072164948453,485,3.5016647540436354,Primal Fear (1996),"7, 16",https://image.tmdb.org/t/p/w500/qJf2TzE8nRTFbFMPJNW6c8mI0KU.jpg
1527,3.6405228758169934,1377,3.501434533010204,"Fifth Element, The (1997)","0, 15",https://image.tmdb.org/t/p/w500/fPtlCO1yQtnoLHOwKtWz7db6RGU.jpg
3246,3.903157894736842,475,3.5008483551564926,Malcolm X (1992),7,https://image.tmdb.org/t/p/w500/o2s9ow0uRRm1BcF3teznk5twd90.jpg
3105,3.7808823529411764,680,3.5003702332642748,Awakenings (1990),7,https://image.tmdb.org/t/p/w500/9gztZXuHLG6AJ0fgqGd7Q43cWRI.jpg
838,3.8802395209580838,501,3.500017751959362,Emma (1996),"4, 7, 14",https://image.tmdb.org/t/p/w500/d6ksCUWYOaweyvGLi1JILYvIybN.jpg
3629,4.189090909090909,275,3.49902622577003,"Gold Rush, The (1925)",4,https://image.tmdb.org/t/p/w500/mNVcRIj38V6ennK6JqsOZWbLPHk.jpg
380,3.6342857142857143,1400,3.498836273203097,True Lies (1994),"0, 1, 4, 14",https://image.tmdb.org/t/p/w500/pweFTnzzTfGK68woSVkiTgjLzWm.jpg
1101,3.6861386138613863,1010,3.4985753629123284,Top Gun (1986),"0, 14",https://image.tmdb.org/t/p/w500/xUuHj3CgmZQ9P2cMaqQs4J0d4Zc.jpg
1957,3.7965299684542586,634,3.4981825036934326,Chariots of Fire (1981),7,https://image.tmdb.org/t/p/w500/qnRaum8k0HqGRml2i7OawFqUtEb.jpg
2391,3.751677852348993,745,3.497980226372326,"Simple Plan, A (1998)","5, 16",https://image.tmdb.org/t/p/w500/iJYGDwZmVEYRkSPbWQdxzvBLTcK.jpg
515,3.917777777777778,450,3.497898977351416,"Remains of the Day, The (1993)",7,https://image.tmdb.org/t/p/w500/uDGDtqSvuch324WnM7Ukdp1bCAQ.jpg
2795,3.841530054644809,549,3.4976705856753973,Vacation (1983),4,https://image.tmdb.org/t/p/w500/fYDALvoCt3DBlSWN6pSAnGQ9ld7.jpg
2353,3.687246963562753,988,3.4968103893950477,Enemy of the State (1998),"0, 16",https://image.tmdb.org/t/p/w500/x9pXrMKLsBGGOFyyZ0Gwt9YpVub.jpg
3949,4.115131578947368,304,3.4966345851823855,Requiem for a Dream (2000),7,https://image.tmdb.org/t/p/w500/nOd6vjEmzCT0k4VYqsA2hwyi87C.jpg
3198,4.073846153846154,325,3.496227447876714,Papillon (1973),7,https://image.tmdb.org/t/p/w500/ahF5c6vyP8HWMqIwlhecbRALkjq.jpg
1280,4.1732851985559565,277,3.4960475348097315,Raise the Red Lantern (1991),7,https://image.tmdb.org/t/p/w500/j6MGZpg55cTqlHHwahBtzI2qQg1.jpg
866,3.8234265734265733,572,3.4957908903465196,Bound (1996),"5, 7, 14, 16",https://image.tmdb.org/t/p/w500/3qxA0avnx9CEgrUdDStT4CZmgqE.jpg
3060,3.8315412186379927,558,3.4957451213871806,"Commitments, The (1991)","4, 7",https://image.tmdb.org/t/p/w500/iccBDq9aS1gwi6b8aJjBgPU4t2D.jpg
3916,3.9244851258581237,437,3.495732399302182,Remember the Titans (2000),7,https://image.tmdb.org/t/p/w500/825ohvC4wZ3gCuncCaqkWeQnK8h.jpg
1927,4.1940298507462686,268,3.4955106203368373,All Quiet on the Western Front (1930),18,https://image.tmdb.org/t/p/w500/2IRjbi9cADuDMKmHdLK7LaqQDKA.jpg
235,3.696871628910464,927,3.495183727006336,Ed Wood (1994),"4, 7",https://image.tmdb.org/t/p/w500/2jjFN4BtTSz01J3ZD4iYjf26pWX.jpg
1175,4.002717391304348,368,3.4950085137002236,Delicatessen (1991),"4, 15",https://image.tmdb.org/t/p/w500/gNtOgQHxE5B8e08zuNRAdDpmK5Z.jpg
741,4.089171974522293,314,3.4947502096655443,Ghost in the Shell (Kokaku kidotai) (1995),"2, 15",https://image.tmdb.org/t/p/w500/9gC88zYUBARRSThcG93MvW14sqx.jpg
300,3.7588652482269502,705,3.49443837140885,Quiz Show (1994),7,https://image.tmdb.org/t/p/w500/yoGJo1h3Hl2exXPVcG9UXWDENtX.jpg
3703,3.6740812379110253,1034,3.494058317996028,Mad Max 2 (a.k.a. The Road Warrior) (1981),"0, 15",https://image.tmdb.org/t/p/w500/l1KVEhkGDpWRzQ0VqIhZqDDuOim.jpg
3098,3.832116788321168,548,3.4933634785017578,"Natural, The (1984)",7,https://image.tmdb.org/t/p/w500/u4IbLxbb1p9X9pMAUn4ddJztO60.jpg
1271,3.806070826306914,593,3.493211224034779,Fried Green Tomatoes (1991),7,https://image.tmdb.org/t/p/w500/g71l1vbJwyAAYk8zKCkIQQ58qcb.jpg
2333,3.8131487889273354,578,3.4927509321499004,Gods and Monsters (1998),7,https://image.tmdb.org/t/p/w500/xhaZ2nKL9VtqfYQ9Ss4Azxc2E3F.jpg
1376,3.6563055062166963,1126,3.4921971672250036,Star Trek IV: The Voyage Home (1986),"0, 1, 15",https://image.tmdb.org/t/p/w500/xY5TzGXJOB3L9rhZ1MbbPyVlW5J.jpg
3702,3.6641651031894935,1066,3.491379473008073,Mad Max (1979),"0, 15",https://image.tmdb.org/t/p/w500/5LrI4GiCSrChgkdskVZiwv643Kg.jpg
1245,4.005586592178771,358,3.4912844540560872,Miller's Crossing (1990),7,https://image.tmdb.org/t/p/w500/ab3pnsTKp3BgcAFy0FgWBFBg9FL.jpg
1921,3.7911908646003263,613,3.4910777234904993,Pi (1998),"15, 16",https://image.tmdb.org/t/p/w500/fJA22FjlAW8rzrOw9Mwanl6oTc9.jpg
1261,3.826642335766423,548,3.4910151419068454,Evil Dead II (Dead By Dawn) (1987),"0, 1, 4, 10",https://image.tmdb.org/t/p/w500/4zqCKJVHUolGs6C5AZwAZqLWixW.jpg
3545,3.9029345372460496,443,3.4897840885168403,Cabaret (1972),"12, 18",https://image.tmdb.org/t/p/w500/fMhOeJ2TvuY46iYGmsowhgRXfnr.jpg
940,3.9735449735449735,378,3.4896359763304696,"Adventures of Robin Hood, The (1938)","0, 1",https://image.tmdb.org/t/p/w500/4mazyXEMkmLw5h6076yyNSm9uv0.jpg
3178,3.848722986247544,509,3.4895210688623295,"Hurricane, The (1999)",7,https://image.tmdb.org/t/p/w500/e84QUr1Nz5aWmizgKHF5CXfdpHC.jpg
39,3.6233480176211454,1362,3.4892526147673895,Clueless (1995),"4, 14",https://image.tmdb.org/t/p/w500/8AwVTcgpTnmeOs4TdTWqcFDXEsA.jpg
21,3.6238938053097347,1356,3.4892216944550443,Get Shorty (1995),"0, 4, 7",https://image.tmdb.org/t/p/w500/r82SdPhg4fnIcLt0ogIjQxqjdcO.jpg
2203,4.2703862660944205,233,3.4885941234140208,Shadow of a Doubt (1943),"9, 16",https://image.tmdb.org/t/p/w500/ptyWagbWE8jSGyV2tGEzAdVbRCj.jpg
1301,3.9758713136729225,373,3.488228429737864,Forbidden Planet (1956),15,https://image.tmdb.org/t/p/w500/aq0OQfRS7hDDI8vyD0ICbH9eguC.jpg
3022,4.368932038834951,206,3.4877304583495405,"General, The (1927)",4,https://image.tmdb.org/t/p/w500/qZKKwXyZ92K0mIRpf2FbCkQa7oO.jpg
2108,3.7066666666666666,825,3.4871481786979706,L.A. Story (1991),"4, 14",https://image.tmdb.org/t/p/w500/dVDCImNu9lM3MTYRaS0sWhDrm2m.jpg
1131,4.324074074074074,216,3.486802584649387,Jean de Florette (1986),7,https://image.tmdb.org/t/p/w500/t4ObdDKWHEPvKIxMr6E8s4nrshV.jpg
247,3.8658280922431865,477,3.48675660487857,Heavenly Creatures (1994),"7, 8, 14, 16",https://image.tmdb.org/t/p/w500/uvb86wVCIqD3Rlbr0GTNgWDF7Zo.jpg
2076,3.7629969418960245,654,3.486643905880734,Blue Velvet (1986),"7, 13",https://image.tmdb.org/t/p/w500/7hlgzJXLgyECS1mk3LSN3E72l5N.jpg
3019,3.920673076923077,416,3.486487860136181,Drugstore Cowboy (1989),"5, 7",https://image.tmdb.org/t/p/w500/2bQXK39axyedUL6DE1pzdMYgAw1.jpg
161,3.723684210526316,760,3.4862516574595466,Crimson Tide (1995),"7, 16, 18",https://image.tmdb.org/t/p/w500/21nqRJ6ofEgVvEl68J4O9V26Xzy.jpg
1238,4.0,351,3.4861377545451138,Local Hero (1983),4,https://image.tmdb.org/t/p/w500/jqxD0H9a1rg5bXftsm6gsNOjt4n.jpg
1411,3.9581151832460733,382,3.4860745333207337,Hamlet (1996),7,https://image.tmdb.org/t/p/w500/yL1rYMHlqZtZVESxEWLsaneXq86.jpg
2398,3.960526315789474,380,3.4860494310824652,Miracle on 34th Street (1947),7,https://image.tmdb.org/t/p/w500/ldY9TlE5kwQNUrcDoGB8Jufuswy.jpg
2859,4.2343096234309625,239,3.4845346864078426,Stop Making Sense (1984),6,https://image.tmdb.org/t/p/w500/uFMsMsk1NGo0QWs9IHknZVHSe4O.jpg
3551,3.93,400,3.483640410611771,Marathon Man (1976),16,https://image.tmdb.org/t/p/w500/uPNgubSiri2yvBQRPtP77ViYjN.jpg
2819,4.040752351097178,319,3.4828534513934146,Three Days of the Condor (1975),16,https://image.tmdb.org/t/p/w500/zinwtZqdb7gnc4zMu8dfkK1fMN3.jpg
1357,3.8065693430656933,548,3.4824045743921683,Shine (1996),"7, 14",https://image.tmdb.org/t/p/w500/cbmThowj2XAW7lKlMAXmnhZvjGI.jpg
1103,3.9228855721393034,402,3.4819017620733494,Rebel Without a Cause (1955),7,https://image.tmdb.org/t/p/w500/yHStsC8rRRfIjqRN38BQsLh6S7k.jpg
915,3.9643835616438357,365,3.4808331144687026,Sabrina (1954),"4, 14",https://image.tmdb.org/t/p/w500/8vvgKw3DbEPNlJAdHe7xXzhb2gN.jpg
2132,4.074074074074074,297,3.4805375974534787,Who's Afraid of Virginia Woolf? (1966),7,https://image.tmdb.org/t/p/w500/wF7ihB5V5gSm6zxjv3ZhHOpgREI.jpg
2565,3.954301075268817,372,3.4805009929968183,"King and I, The (1956)",12,https://image.tmdb.org/t/p/w500/kbEA2LEFh1MX9EraNQSiq9ajs24.jpg
2763,3.6418732782369148,1089,3.4802154763739317,"Thomas Crown Affair, The (1999)","0, 16",https://image.tmdb.org/t/p/w500/oODAwa2AK3fXvK93GCbq7dFLZPi.jpg
1218,4.19672131147541,244,3.478964400396502,"Killer, The (Die xue shuang xiong) (1989)","0, 16",https://image.tmdb.org/t/p/w500/8hTxlSqMAHBXAh1eB69ir0BXhzE.jpg
592,3.6009783368273935,1431,3.4787187427845385,Batman (1989),"0, 1, 5, 7",https://image.tmdb.org/t/p/w500/cij4dd21v2Rk2YtUQbV5kW69WB2.jpg
3152,3.9717514124293785,354,3.4783311894656164,"Last Picture Show, The (1971)",7,https://image.tmdb.org/t/p/w500/7NYePZc0lZrRomtmQsjOJMePTEb.jpg
3062,3.971590909090909,352,3.477366475992598,"Longest Day, The (1962)","0, 7, 18",https://image.tmdb.org/t/p/w500/hgkYOsFd9MBp7F6KENKF1YpDhVd.jpg
3100,3.756019261637239,623,3.47709563311349,"River Runs Through It, A (1992)",7,https://image.tmdb.org/t/p/w500/aVP45oS2cBL4WtZ1kB7r8uarruB.jpg
2150,3.726618705035971,695,3.4768493111870793,"Gods Must Be Crazy, The (1980)",4,https://image.tmdb.org/t/p/w500/bULIYu1m6h9aJfV3Odz6k1DbZzc.jpg
2357,4.283720930232558,215,3.476730379868709,Central Station (Central do Brasil) (1998),7,https://image.tmdb.org/t/p/w500/5osZDDs0LN5bC8QFUqU3o3mM7XG.jpg
597,3.641491395793499,1046,3.476075383715007,Pretty Woman (1990),"4, 14",https://image.tmdb.org/t/p/w500/dvcarc7TMrRp1C3jXPpn7PKce99.jpg
2137,3.8229376257545273,497,3.4755579647664048,Charlotte's Web (1973),"2, 3",https://image.tmdb.org/t/p/w500/eLq5bed09bkNVjUfknlbSil2cfR.jpg
2291,3.5926680244399187,1473,3.475492324079907,Edward Scissorhands (1990),"7, 14",https://image.tmdb.org/t/p/w500/e0FqKFvGPdQNWG8tF9cZBtev9Em.jpg
1096,3.9767441860465116,344,3.475334740368883,Sophie's Choice (1982),7,https://image.tmdb.org/t/p/w500/rZDPbPTFwuKgr5b9jixGFNYkGYt.jpg
1132,4.259090909090909,220,3.475273137215371,Manon of the Spring (Manon des sources) (1986),7,https://image.tmdb.org/t/p/w500/1qpu6Zc1PSDL3UbDNIZJ6YuhJDW.jpg
25,3.6510204081632653,980,3.475151707391632,Leaving Las Vegas (1995),"7, 14",https://image.tmdb.org/t/p/w500/wTrFpGe3U65kXTldIUxuM2hmOAK.jpg
3201,3.9526462395543174,359,3.474296595118048,Five Easy Pieces (1970),7,https://image.tmdb.org/t/p/w500/AciLTjLqyHiEA0lq35CV4Atnm4v.jpg
2739,3.8555555555555556,450,3.474160104947855,"Color Purple, The (1985)",7,https://image.tmdb.org/t/p/w500/h5bqIxM8GO4TewJ0u6Rzkg58ssJ.jpg
2144,3.710709318497914,719,3.473090675723849,Sixteen Candles (1984),4,https://image.tmdb.org/t/p/w500/hgIDeDxu21fxoqfvBKMN0K7pLmU.jpg
1721,3.5834411384217333,1546,3.4729825725273544,Titanic (1997),"7, 14",https://image.tmdb.org/t/p/w500/rEPzO9I6LCk6Mxg1X4BsBk6oA3V.jpg
945,4.147410358565737,251,3.4714654194655736,Top Hat (1935),"4, 12, 14",https://image.tmdb.org/t/p/w500/qoPBiN6PBs2NsP7BNOJGCnmwruG.jpg
1678,3.829113924050633,474,3.4713517605201454,"Joy Luck Club, The (1993)",7,https://image.tmdb.org/t/p/w500/s1Sk0hhVARNs7i9wqRHqbCriu8n.jpg
1994,3.6842767295597483,795,3.471152406550341,Poltergeist (1982),"10, 16",https://image.tmdb.org/t/p/w500/jBXupXZ7WEPUpkYFpkQsdipwBQn.jpg
1635,3.8007889546351086,507,3.4692857612502994,"Ice Storm, The (1997)",7,https://image.tmdb.org/t/p/w500/3a6uLta7K8Dzojps4RoJAPHD0km.jpg
1243,3.9846153846153847,325,3.468726262480792,Rosencrantz and Guildenstern Are Dead (1990),"4, 7",https://image.tmdb.org/t/p/w500/6RI9sYpRxIdqlmsF6kBOiF7Bxug.jpg
1949,4.232876712328767,219,3.46839414210437,"Man for All Seasons, A (1966)",7,https://image.tmdb.org/t/p/w500/6TlEBiAA61YX4JuG6k3dOqEWbVP.jpg
2919,3.895140664961637,391,3.4678909806211466,Year of Living Dangerously (1982),"7, 14",https://image.tmdb.org/t/p/w500/y9GIM95xWWU4urqqu0kziby0Ykg.jpg
1022,3.755632582322357,577,3.4671043580451553,Cinderella (1950),"2, 3, 12",https://image.tmdb.org/t/p/w500/4nssBcQUBadCTBjrAkX46mVEKts.jpg
3836,3.9093333333333335,375,3.4665204561213177,Kelly's Heroes (1970),"0, 4, 18",https://image.tmdb.org/t/p/w500/hleMxFKSC42yT0TClS4G29HV11n.jpg
377,3.5654545454545454,1650,3.465338030588777,Speed (1994),"0, 14, 16",https://image.tmdb.org/t/p/w500/82PkCE4R95KhHICUDF7G4Ly2z3l.jpg
1344,3.9224376731301938,361,3.465173630248505,Cape Fear (1962),"9, 16",https://image.tmdb.org/t/p/w500/meJZAAuVcjic2ipvbOPz5UlE4P9.jpg
3101,3.669576059850374,802,3.4644282362298364,Fatal Attraction (1987),16,https://image.tmdb.org/t/p/w500/vjB9XwJKnYqFKKjhWcE6WpAf5Ki.jpg
599,4.087121212121212,264,3.46428972701157,"Wild Bunch, The (1969)",19,https://image.tmdb.org/t/p/w500/g9W0de9Pal6FKQGhfCTh8kzY5Q8.jpg
1965,3.6830892143808254,751,3.46421603768051,Repo Man (1984),"4, 15",https://image.tmdb.org/t/p/w500/bjuu5UceuVUNUjnOC2fBzL3hZKC.jpg
1729,3.6892265193370166,724,3.463207322866182,Jackie Brown (1997),"5, 7",https://image.tmdb.org/t/p/w500/rOUx7qg4KmEh1juEDwqzbDSL1Nr.jpg
2018,3.738539898132428,589,3.4620946862237356,Bambi (1942),"2, 3",https://image.tmdb.org/t/p/w500/wV9e2y4myJ4KMFsyFfWYcUOawyK.jpg
3007,4.013559322033898,295,3.461953971484622,American Movie (1999),6,https://image.tmdb.org/t/p/w500/y8dJgWr1HeW0RRxwANDWvgIXdsF.jpg
3668,3.9157303370786516,356,3.4608676589461034,Romeo and Juliet (1968),"7, 14",https://image.tmdb.org/t/p/w500/vaBQKLbSWkXGTOlsz9ARdJP4lvg.jpg
2109,3.743455497382199,573,3.460861300411513,"Jerk, The (1979)",4,https://image.tmdb.org/t/p/w500/iimMsIA5xrTMNoyaiXzJkH7QSh1.jpg
345,3.8059701492537314,469,3.460802539662908,"Adventures of Priscilla, Queen of the Desert, The (1994)","4, 7",https://image.tmdb.org/t/p/w500/kJ7syYXEJgSBmBfSnF3Can9cK1J.jpg
562,3.799163179916318,478,3.4606806159718384,Welcome to the Dollhouse (1995),"4, 7",https://image.tmdb.org/t/p/w500/fsMMOVto87pvUQyozOF9CaT9aMR.jpg
3498,4.0067796610169495,295,3.4600017996935044,Midnight Express (1978),7,https://image.tmdb.org/t/p/w500/qyyluUpwgSwyV8EVauZkFfiDQwI.jpg
2174,3.5678929765886287,1495,3.460000828854122,Beetlejuice (1988),"4, 8",https://image.tmdb.org/t/p/w500/nnl6OWkyPpuMm595hmAxNW3rZFn.jpg
3451,3.92,350,3.4597238015618297,Guess Who's Coming to Dinner (1967),"4, 7",https://image.tmdb.org/t/p/w500/fkHeYWahNbhxhuLefaAg553lYo5.jpg
2731,4.320855614973262,187,3.4596528573769723,"400 Blows, The (Les Quatre cents coups) (1959)",7,https://image.tmdb.org/t/p/w500/12PuU23kkDLvTd0nb8hMlE3oShB.jpg
1321,3.7522768670309654,549,3.4593444222025775,"American Werewolf in London, An (1981)",10,https://image.tmdb.org/t/p/w500/hVEqUASJmCQaolkKFEySCHZ8uKG.jpg
3253,3.600892857142857,1120,3.458108593558256,Wayne's World (1992),4,https://image.tmdb.org/t/p/w500/j2PXBHjYxg1PLBl0YQ8Tiblnqdn.jpg
971,4.047970479704797,271,3.4580428223748076,Cat on a Hot Tin Roof (1958),7,https://image.tmdb.org/t/p/w500/reO2NXIYPeBqehTsmia0P9rSMDv.jpg
2671,3.6628205128205127,780,3.4579475613024147,Notting Hill (1999),"4, 14",https://image.tmdb.org/t/p/w500/hHRIf2XHeQMbyRb3HUx19SF5Ujw.jpg
3108,3.6264550264550266,945,3.4576123283284534,"Fisher King, The (1991)","4, 7, 14",https://image.tmdb.org/t/p/w500/hwIYw22HmAUMobV4zsX69MgfVUz.jpg
446,4.082677165354331,254,3.4568091955119424,Farewell My Concubine (1993),"7, 14",https://image.tmdb.org/t/p/w500/ySf9I93w6kJiaEb2T4zpoQjY8PR.jpg
1211,4.1115702479338845,242,3.4562757012722543,Wings of Desire (Der Himmel über Berlin) (1987),"4, 7, 14",https://image.tmdb.org/t/p/w500/iZQs2vUeCzvS1KfZJ6uYNCGJBBV.jpg
3159,3.8057395143487858,453,3.4560438425251543,Fantasia 2000 (1999),"2, 3, 12",https://image.tmdb.org/t/p/w500/5rwAtUaKEK48CPUijVfVU0IPKPZ.jpg
3467,4.021505376344086,279,3.4554009358314284,Hud (1963),"7, 19",https://image.tmdb.org/t/p/w500/A168bF52vmAIGkC2Qafj7M2EmaE.jpg
3624,3.6548672566371683,791,3.4552922353081197,Shanghai Noon (2000),0,https://image.tmdb.org/t/p/w500/b0WwWRcDiDahkah5vZ0KjB4N9ZZ.jpg
1939,4.122881355932203,236,3.4549682483542155,"Best Years of Our Lives, The (1946)","7, 18",https://image.tmdb.org/t/p/w500/fupcTxod2KXTFbSK9hlP3KuPVO.jpg
2915,3.6396713615023475,852,3.454803568628514,Risky Business (1983),4,https://image.tmdb.org/t/p/w500/xCt8O9Vcy4gkwBxR0XedcqynroN.jpg
965,4.075098814229249,253,3.4542207061435066,"39 Steps, The (1935)",16,https://image.tmdb.org/t/p/w500/yRnl3nTtKVTIBcLHHyXrrXPZWVS.jpg
3868,3.680635838150289,692,3.453937280187123,"Naked Gun: From the Files of Police Squad!, The (1988)",4,https://image.tmdb.org/t/p/w500/zT0mhZqZQJE1gSY5Eg9qcGP4NYo.jpg
3948,3.6357308584686776,862,3.453830878910459,Meet the Parents (2000),4,https://image.tmdb.org/t/p/w500/5tXJ9ctuyEOMUFLaeqRisbXowWs.jpg
307,4.098765432098766,243,3.4537499679033368,Three Colors: Blue (1993),7,https://image.tmdb.org/t/p/w500/33wsWxzsNstI8N7dvuwzFmj1qBd.jpg
1680,3.790948275862069,464,3.4535164170808508,Sliding Doors (1998),"7, 14",https://image.tmdb.org/t/p/w500/s8VOVTywXZIIHqdEjkCZziH0ebq.jpg
1277,3.884297520661157,363,3.4533380721153275,Cyrano de Bergerac (1990),"0, 7, 14",https://image.tmdb.org/t/p/w500/l4JFOXslwb90opz8xozfIhPke8z.jpg
3068,3.865435356200528,379,3.453109466654033,"Verdict, The (1982)",7,https://image.tmdb.org/t/p/w500/cAbKxBleD50LgFXmxgK8EDi5vBd.jpg
968,3.6713286713286712,715,3.4529400095437834,Night of the Living Dead (1968),"10, 15",https://image.tmdb.org/t/p/w500/isp4lCv08asTPNvv8Xe8oQK293n.jpg
1183,3.609706774519717,989,3.452296679537967,"English Patient, The (1996)","7, 14, 18",https://image.tmdb.org/t/p/w500/8eHHqMg8qEYtVw8LQLygsHXSR2q.jpg
1955,3.7964601769911503,452,3.4521979211053706,Kramer Vs. Kramer (1979),7,https://image.tmdb.org/t/p/w500/6IVQjDTbr7pXx2AR8jovbYwpyiF.jpg
3067,3.8923512747875355,353,3.451983227515931,Women on the Verge of a Nervous Breakdown (1988),"4, 7",https://image.tmdb.org/t/p/w500/lOehCiqghODNrNBpI1JS76zl6Lx.jpg
441,3.6936236391912907,643,3.4519284836327833,Dazed and Confused (1993),4,https://image.tmdb.org/t/p/w500/msG9awbLhVZwv1Eh9Ge7SofMexW.jpg
3365,4.085714285714285,245,3.4517925539107184,"Searchers, The (1956)",19,https://image.tmdb.org/t/p/w500/lWkOfWaV87QIkvi7vbiAiBu0NOB.jpg
3801,4.231155778894473,199,3.4515582593279435,Anatomy of a Murder (1959),"7, 13",https://image.tmdb.org/t/p/w500/b2G1QSAwtBv9luhEwErIgSRaU92.jpg
3168,3.7711340206185566,485,3.4514383234137465,Easy Rider (1969),"1, 7",https://image.tmdb.org/t/p/w500/opyQ1lbQYrO3hyDUwTPfQZTWRJW.jpg
1264,4.054474708171206,257,3.4513652749984747,Diva (1981),"0, 7, 13, 14, 16",https://image.tmdb.org/t/p/w500/L6ZrY3vU8o5GhRgQGV2MZ9AhmA.jpg
2366,3.6560846560846563,756,3.451209588546614,King Kong (1933),"0, 1, 10",https://image.tmdb.org/t/p/w500/paYKhEwUaxKA05vmOfU7FlleTln.jpg
2303,3.92,325,3.448811610987193,Nashville (1975),"7, 12",https://image.tmdb.org/t/p/w500/twl4ovyjb8muFKvZmcCDzPR0hy1.jpg
1343,3.671033478893741,687,3.4484799461955493,Cape Fear (1991),16,https://image.tmdb.org/t/p/w500/meJZAAuVcjic2ipvbOPz5UlE4P9.jpg
3681,3.916923076923077,325,3.4478632942494025,For a Few Dollars More (1965),19,https://image.tmdb.org/t/p/w500/ooqASvA7qxlTVKL3KwOzBwy57Dh.jpg
1963,4.051587301587301,252,3.4475515474131377,Take the Money and Run (1969),4,https://image.tmdb.org/t/p/w500/dT7cKFxsuHzSnDBxKeP5acoIpWZ.jpg
3741,4.078838174273859,241,3.4474722759258065,Badlands (1973),"5, 7",https://image.tmdb.org/t/p/w500/z81rBzHNgiNLean2JTGHgxjJ8nq.jpg
1608,3.5882899628252787,1076,3.4471181632711136,Air Force One (1997),"0, 16",https://image.tmdb.org/t/p/w500/juRFEbyx5JlNuYrZM50vcZmtN78.jpg
596,3.751004016064257,498,3.4466573065466353,Pinocchio (1940),"2, 3",https://image.tmdb.org/t/p/w500/9c3EG58062cl5zjBqSkDhoKIOtD.jpg
3505,3.8732394366197185,355,3.4465392750447172,No Way Out (1987),16,https://image.tmdb.org/t/p/w500/lW6IHrtaATxDKYVYoQGU5sh0OVm.jpg
1251,4.105263157894737,228,3.4451925261472534,8 1/2 (1963),7,https://image.tmdb.org/t/p/w500/s7ZFiyO0AaKH6KkF18oRO8Ma9rx.jpg
1885,3.692434210526316,608,3.445063060774576,"Opposite of Sex, The (1998)","4, 7",https://image.tmdb.org/t/p/w500/xpILzxKHywYngftBC8AmvsqUfBj.jpg
2139,3.850948509485095,369,3.4444896165552983,"Secret of NIMH, The (1982)","2, 3",https://image.tmdb.org/t/p/w500/prNrnOKlkV9wl5Sl3zwHu1f3t2z.jpg
3252,3.7135135135135133,555,3.443964066785516,Scent of a Woman (1992),7,https://image.tmdb.org/t/p/w500/4adI7IaveWb7EidYXfLb3MK3CgO.jpg
3536,3.7484662576687118,489,3.4433909263734064,Keeping the Faith (2000),"4, 14",https://image.tmdb.org/t/p/w500/wlgTrGGpz9I6XH2HJn8JJl2nv0W.jpg
1019,3.7026086956521738,575,3.443290029732461,"20,000 Leagues Under the Sea (1954)","1, 3, 8, 15",https://image.tmdb.org/t/p/w500/bKMNl4yHC2DYlrMA1EVdk35S8cO.jpg
2140,3.652112676056338,710,3.4427036080486246,"Dark Crystal, The (1982)","3, 8, 15",https://image.tmdb.org/t/p/w500/q6UYtxTxpN68PCzjQ86cVX8t8CL.jpg
2467,3.9012345679012346,324,3.4425931122790656,"Name of the Rose, The (1986)",13,
3134,4.33939393939394,165,3.4418913848921133,"Grand Illusion (Grande illusion, La) (1937)","7, 18",https://image.tmdb.org/t/p/w500/lWg41zE0FVixkNsFgxnlRyvDYv9.jpg
2208,4.185929648241206,199,3.44186520601615,"Lady Vanishes, The (1938)","4, 13, 14, 16",https://image.tmdb.org/t/p/w500/xw0GhX9M3zjbFd7OeYdNHrmZSiH.jpg
2318,3.903125,320,3.4414214805011865,Happiness (1998),4,
1907,3.742857142857143,490,3.441387325777774,Mulan (1998),"2, 3",https://image.tmdb.org/t/p/w500/bj3iSjLlkwHtJrPmvHXa8P7edI9.jpg
1078,3.836021505376344,372,3.440555464172488,Bananas (1971),"4, 18",https://image.tmdb.org/t/p/w500/gK11RUXspxqty0Wq6KoV8J0crKO.jpg
475,3.9006410256410255,312,3.437130910980312,In the Name of the Father (1993),7,https://image.tmdb.org/t/p/w500/7i1SObIa2MSJjgPcAcVsfSZhdKH.jpg
509,3.674342105263158,608,3.436838761709155,"Piano, The (1993)","7, 14",https://image.tmdb.org/t/p/w500/1BVofIiyDjv41Sn6WaKjXHft6RG.jpg
3819,4.024489795918368,245,3.4364000449317547,Tampopo (1986),4,https://image.tmdb.org/t/p/w500/2XLDb3RDQmtlxt5Snnig9W4moq4.jpg
1029,3.688380281690141,568,3.4356623073495145,Dumbo (1941),"2, 3, 12",https://image.tmdb.org/t/p/w500/hKDdllslMtsU9JixAv5HR9biXlp.jpg
2677,4.056521739130435,230,3.434884673044289,Buena Vista Social Club (1999),6,https://image.tmdb.org/t/p/w500/b203Z3qwCRMLOY00XZh4qNQCwM4.jpg
900,3.8513119533527695,343,3.4347523018983637,"American in Paris, An (1951)","12, 14",https://image.tmdb.org/t/p/w500/atUXvqMEbN4cutgrC3pbfXOap8E.jpg
2921,3.8832807570977916,317,3.4340868072489203,High Plains Drifter (1972),19,https://image.tmdb.org/t/p/w500/AjkJCFkqanK1OZqiHxc6Kl2wPQO.jpg
62,3.6968576709796674,541,3.4339014905832315,Mr. Holland's Opus (1995),7,https://image.tmdb.org/t/p/w500/jYEKdpVvRV3KdyHMUVYyg0KTVSY.jpg
3260,3.7291666666666665,480,3.4334616319024347,Howards End (1992),7,https://image.tmdb.org/t/p/w500/1009nhfj28VhhQnVadtjkOacduX.jpg
1982,3.7134387351778657,506,3.433243094929984,Halloween (1978),10,https://image.tmdb.org/t/p/w500/wijlZ3HaYMvlDTPqJoTCWKFkCPU.jpg
2096,3.710371819960861,511,3.4331091042208746,Sleeping Beauty (1959),"2, 3, 12",https://image.tmdb.org/t/p/w500/nf0epPWD2bK3YufyvblQyLmHnKB.jpg
2058,3.6082603254067585,799,3.4319737283519762,"Negotiator, The (1998)","0, 16",https://image.tmdb.org/t/p/w500/bHQG4UsLMFCy91gfLAFRpnCOPdP.jpg
3783,4.029787234042553,235,3.4315934098351426,Croupier (1998),"5, 7",https://image.tmdb.org/t/p/w500/uaWqZXnXe5agLUjAqS0Cg8dq3Rw.jpg
1914,3.8091397849462365,372,3.4314769348942304,Smoke Signals (1998),"4, 7",https://image.tmdb.org/t/p/w500/3AdYe9YfmdwDFtnapMGxXoHh4uq.jpg
1226,4.053097345132743,226,3.4314723639832496,"Quiet Man, The (1952)","4, 14",https://image.tmdb.org/t/p/w500/u3B1hVKHE56yBRoxF3Nk9uxHdYN.jpg
921,3.8940397350993377,302,3.430704647393112,My Favorite Year (1982),4,https://image.tmdb.org/t/p/w500/xksAhZJx1WmHM03OaePNe9IiEBt.jpg
1032,3.697142857142857,525,3.4306670735639657,Alice in Wonderland (1951),"2, 3, 12",https://image.tmdb.org/t/p/w500/o0kre9wRCZz3jjSjaru7QU0UtFz.jpg
1959,3.6533546325878596,626,3.430300142962741,Out of Africa (1985),"7, 14",https://image.tmdb.org/t/p/w500/6oMKqh08TfxmvnoFR4mm1wZB67P.jpg
1694,3.7261146496815285,471,3.4300473500924573,"Apostle, The (1997)",7,https://image.tmdb.org/t/p/w500/lOCAXX85lQG2mZ5UEFHT7UhRfmW.jpg
780,3.5104046242774567,1730,3.429872674846918,Independence Day (ID4) (1996),"0, 15, 18",https://image.tmdb.org/t/p/w500/p0BPQGSPoSa8Ml0DAf2mB2kCU0R.jpg
2087,3.65993265993266,594,3.427859345512652,Peter Pan (1953),"2, 3, 8, 12",https://image.tmdb.org/t/p/w500/mOR1Ks0EcXocwMV4EPv4letz0F5.jpg
3271,3.847560975609756,328,3.4276802305304916,Of Mice and Men (1992),7,https://image.tmdb.org/t/p/w500/qAHLUMZyoW3iwj2b01B2nKcePTA.jpg
3952,3.7809278350515463,388,3.427088898242501,"Contender, The (2000)","7, 16",https://image.tmdb.org/t/p/w500/rpjiNEwl8FoCsygYmxrJkohBzWL.jpg
3634,4.254545454545455,165,3.4262401831034044,Seven Days in May (1964),16,https://image.tmdb.org/t/p/w500/dT2GYlEG7ywMcYyP4snKlZc3ANY.jpg
1931,4.0311111111111115,225,3.4256383905563075,Mutiny on the Bounty (1935),1,https://image.tmdb.org/t/p/w500/GD98ozz6F6tSu8BWGulpseEKhv.jpg
1125,3.779220779220779,385,3.425546741844769,"Return of the Pink Panther, The (1974)",4,https://image.tmdb.org/t/p/w500/cDi6lHXmY12SxtjcP6IdK7mB3W1.jpg
2640,3.536824877250409,1222,3.425453161048422,Superman (1978),"0, 1, 15",https://image.tmdb.org/t/p/w500/wPLysNDLffQLOVebZQCbXJEv6E6.jpg
3479,3.6734317343173433,542,3.424122566878486,Ladyhawke (1985),"1, 8, 14",https://image.tmdb.org/t/p/w500/l3nRJ9Cs7C1AZ7das8S76QqwqjI.jpg
2006,3.5615462868769074,983,3.4241003467363473,"Mask of Zorro, The (1998)","0, 1, 14",https://image.tmdb.org/t/p/w500/bdMufwGDDzqu4kTSQwrKc5WR4bu.jpg
1348,3.991596638655462,238,3.4240535853085223,"Nosferatu (Nosferatu, eine Symphonie des Grauens) (1922)",10,https://image.tmdb.org/t/p/w500/5qGIxdEO841C0tdY8vOdLoRVrr0.jpg
1407,3.5756207674943568,886,3.4235666009198362,Scream (1996),"10, 16",https://image.tmdb.org/t/p/w500/lr9ZIrmuwVmZhpZuTCW8D9g0ZJe.jpg
1370,3.541850220264317,1135,3.4233155504349666,Die Hard 2 (1990),"0, 16",https://image.tmdb.org/t/p/w500/lDFO7D4MdbhjOwaPwe18QG69Rt0.jpg
2312,3.8277945619335347,331,3.4226985797133382,Children of a Lesser God (1986),7,https://image.tmdb.org/t/p/w500/tWMuw7YWWDpD9Iv652vfKELPZPR.jpg
428,3.931558935361217,263,3.422440144872539,"Bronx Tale, A (1993)",7,https://image.tmdb.org/t/p/w500/sDbO6LmLYtyqAoFTPpRcMgPSCEO.jpg
342,3.6776061776061777,518,3.4210595942172306,Muriel's Wedding (1994),"4, 14",https://image.tmdb.org/t/p/w500/zJyTr8Fo412a2OIfJGXTRAm4IwX.jpg
3328,3.843949044585987,314,3.420960080293239,Ghost Dog: The Way of the Samurai (1999),"5, 7",https://image.tmdb.org/t/p/w500/gkH4zOxIfbb4BEbk9Q4cVOEpDaY.jpg
1281,4.032407407407407,216,3.4201711726980384,"Great Dictator, The (1940)",4,https://image.tmdb.org/t/p/w500/nhMXB8GTdswYMCL9nepDZymJCOr.jpg
3814,4.0228310502283104,219,3.419896514270949,Love and Death (1975),4,https://image.tmdb.org/t/p/w500/oJXFd1UHZoOQ1UtoLxbyBLGJDox.jpg
125,3.8333333333333335,318,3.419352595499757,Flirting With Disaster (1996),4,https://image.tmdb.org/t/p/w500/sRRdVLuxk8OLCDRd4u4xDrDdwv7.jpg
1171,3.7349397590361444,415,3.418760894526863,Bob Roberts (1992),4,https://image.tmdb.org/t/p/w500/j4PokuSIrmbN5oCR54D8kiI0U6a.jpg
1066,4.1657142857142855,175,3.4182109936826923,Shall We Dance? (1937),"4, 12, 14",https://image.tmdb.org/t/p/w500/aGIyiQv08Gw1HO5BV1yrwCWtGHC.jpg
41,3.958677685950413,242,3.4181902663777612,Richard III (1995),"7, 18",https://image.tmdb.org/t/p/w500/aN2BcIH6rvGbYiRQCS8lxOdeeVQ.jpg
2161,3.6051502145922747,699,3.418111196210007,"NeverEnding Story, The (1984)","1, 3, 8",https://image.tmdb.org/t/p/w500/ddYCa91iDXfJCxaqSYzwi2fjfnl.jpg
1124,3.740740740740741,405,3.418044816029965,On Golden Pond (1981),7,https://image.tmdb.org/t/p/w500/ic4f03J6pnf9cpQmVDABFhUpbCU.jpg
1380,3.5777233782129745,817,3.4178932064571583,Grease (1978),"4, 12, 14",https://image.tmdb.org/t/p/w500/czVhhAaSBFpakur7U8pOIDV9NUG.jpg
3267,3.6873706004140785,483,3.41754378868948,"Mariachi, El (1992)","0, 16",https://image.tmdb.org/t/p/w500/zRh7K4SV1xQ419m8gzGITak51vc.jpg
319,3.8937728937728937,273,3.417228771856354,Shallow Grave (1994),16,https://image.tmdb.org/t/p/w500/7IdrAxax97Yrlnm8gJjHtWL73LY.jpg
314,3.85,300,3.4169711935755176,"Secret of Roan Inish, The (1994)",7,https://image.tmdb.org/t/p/w500/jjYHAhscWp3uWutHSvFaLC3vEEW.jpg
2138,3.8426229508196723,305,3.4168891675070037,Watership Down (1978),"2, 3, 7, 8",https://image.tmdb.org/t/p/w500/q9ZcNxfquJbMTd6UfhAlJbmLBts.jpg
3203,3.6780684104627768,497,3.41685433655605,Dead Calm (1989),16,https://image.tmdb.org/t/p/w500/hXpav86ZX5N1YIfVfVtzuZLNrjW.jpg
2001,3.5450049455984174,1011,3.4167031564412493,Lethal Weapon 2 (1989),"0, 4, 5, 7",https://image.tmdb.org/t/p/w500/z35OkbOTfnalyx8LK5EPUrnKQhR.jpg
947,4.1063829787234045,188,3.4166450613471335,My Man Godfrey (1936),4,https://image.tmdb.org/t/p/w500/wtfOW7fIxBZWY78rvUoPpWhMSiR.jpg
3742,3.97008547008547,234,3.416473112388163,"Battleship Potemkin, The (Bronenosets Potyomkin) (1925)","7, 18",https://image.tmdb.org/t/p/w500/hZmsRLsCnE9Zshf1YJONUpCOhds.jpg
2070,3.9053030303030303,264,3.4159756857433266,Tender Mercies (1983),7,https://image.tmdb.org/t/p/w500/fBP6uK0K4EnV8dtt4SJQrMdX0wb.jpg
1297,3.7081447963800906,442,3.4159384069876184,Real Genius (1985),4,https://image.tmdb.org/t/p/w500/5mVimQD1XOMLzbO2Qug0JQxh70S.jpg
2971,3.823343848580442,317,3.4159310499627287,All That Jazz (1979),12,https://image.tmdb.org/t/p/w500/culCEdj4srLljefgn4XKd6k3C5t.jpg
3871,3.839344262295082,305,3.4159225169511798,Shane (1953),"7, 19",https://image.tmdb.org/t/p/w500/svr5ADpjXTCOQv8hmuJnB7I14Qv.jpg
471,3.631051752921536,599,3.4157108346149756,"Hudsucker Proxy, The (1994)","4, 14",https://image.tmdb.org/t/p/w500/9NAG5aAprmytPnm6Ea8tG1w5caB.jpg
348,3.698901098901099,455,3.4155946338421237,Bullets Over Broadway (1994),4,https://image.tmdb.org/t/p/w500/mY9D1oCLeDKNMdUO8EV7MoCZ3up.jpg
2670,4.0,220,3.415241541638752,"Run Silent, Run Deep (1958)",18,https://image.tmdb.org/t/p/w500/6pYDWEQjsx3R0A6Mk4Op4wnntWj.jpg
3090,4.141242937853107,177,3.4150820118985057,Matewan (1987),7,https://image.tmdb.org/t/p/w500/cESTph19WGOoOPjpqjyl7mPdL3T.jpg
3097,4.038834951456311,206,3.4150420564254356,"Shop Around the Corner, The (1940)","4, 14",https://image.tmdb.org/t/p/w500/dZ1aEzGYRiqJwPfjS6VL7wUkHmF.jpg
538,3.8222222222222224,315,3.41481267954619,Six Degrees of Separation (1993),7,https://image.tmdb.org/t/p/w500/oH0bl69uZZA6dAclgFRkm1Vwcry.jpg
3061,3.88,275,3.414407012230956,Holiday Inn (1942),"4, 12",https://image.tmdb.org/t/p/w500/7eZzwqLM1w1Mljg60rzB1zr27lu.jpg
906,4.096256684491979,187,3.413826343465352,Gaslight (1944),"13, 16",https://image.tmdb.org/t/p/w500/gXKszCl5Q1KrgWRWpPcqn94CP58.jpg
2130,3.8322368421052633,304,3.413422200083208,Atlantic City (1980),"5, 7, 14",https://image.tmdb.org/t/p/w500/maei87BG3mICexJdH2iAVENKvSk.jpg
1361,4.213836477987422,159,3.413361669989865,Paradise Lost: The Child Murders at Robin Hood Hills (1996),6,https://image.tmdb.org/t/p/w500/h65fwEQTv9zRNyEuExE1wAk5CQ2.jpg
1023,3.986425339366516,221,3.4127005195013096,Winnie the Pooh and the Blustery Day (1968),"2, 3",https://image.tmdb.org/t/p/w500/5kNFx8GW0zgtLDkhfNBOMMVmJTX.jpg
2912,3.679324894514768,474,3.412357161434146,"Limey, The (1999)","0, 5, 7",https://image.tmdb.org/t/p/w500/efAnFInZYrenNvBlLIXN2oLYyNc.jpg
2407,3.5377733598409544,1006,3.412141655883604,Cocoon (1985),"4, 15",https://image.tmdb.org/t/p/w500/wqNNm36j3nkucAucHEGAW5pNZcd.jpg
2125,3.7139423076923075,416,3.4114114742784767,Ever After: A Cinderella Story (1998),"7, 14",https://image.tmdb.org/t/p/w500/9TspO5dThMBioF0DFrvy6YqrngH.jpg
1967,3.637184115523466,554,3.4108078253104757,Labyrinth (1986),"1, 3, 8",https://image.tmdb.org/t/p/w500/bAMEKYoKIgvGlmHb0Luqux6Nn6s.jpg
165,3.561212121212121,825,3.409952939071081,Die Hard: With a Vengeance (1995),"0, 16",https://image.tmdb.org/t/p/w500/amwo4CjYKynZ2yKvKMxoiRSsaE1.jpg
3176,3.503380916604057,1331,3.409741249107496,"Talented Mr. Ripley, The (1999)","7, 13, 16",https://image.tmdb.org/t/p/w500/6ojHgqtIR41O2qLKa7LFUVj0cZa.jpg
3733,3.837370242214533,289,3.40871069591163,"Paper Chase, The (1973)",7,https://image.tmdb.org/t/p/w500/xqdGdasqPEV1mtWGIA1x8mrWOAe.jpg
1643,3.8754716981132074,265,3.4085186966173904,"Mrs. Brown (Her Majesty, Mrs. Brown) (1997)","7, 14",https://image.tmdb.org/t/p/w500/zFLaeGWglaWfdLiUNcvmUeg0KRJ.jpg
671,3.6798245614035086,456,3.4084958614812275,Mystery Science Theater 3000: The Movie (1996),"4, 15",https://image.tmdb.org/t/p/w500/tlakU3uwNiUgd7aOlb2RoAsGTnY.jpg
3512,3.6806167400881056,454,3.408341228378534,Return to Me (2000),"7, 14",https://image.tmdb.org/t/p/w500/mtYZyZh7hSiTq3gAU0C8FlcMC5.jpg
3091,4.283687943262412,141,3.408123887175181,Kagemusha (1980),"7, 18",https://image.tmdb.org/t/p/w500/fJgqj9s8HNZz9zwX6femVJn8HEB.jpg
3789,4.198717948717949,156,3.4079862719209433,"Pawnbroker, The (1965)",7,https://image.tmdb.org/t/p/w500/o4CT5WPqmOLF2QfodAuGT7jQNn1.jpg
535,3.8172757475083055,301,3.407832939142159,Short Cuts (1993),7,https://image.tmdb.org/t/p/w500/mbNTvbtWfV4soyErimDTdX67OAr.jpg
534,3.835664335664336,286,3.4069639032850763,Shadowlands (1993),"7, 14",https://image.tmdb.org/t/p/w500/sbWOa25R7FMDJRyf5posqGOeFPp.jpg
3358,3.681614349775785,446,3.4068667322722206,Defending Your Life (1991),"4, 14",https://image.tmdb.org/t/p/w500/pkNIdL0fOENFBq3DdTb0M8FB26t.jpg
949,3.9767441860465116,215,3.4068521374123826,East of Eden (1955),7,https://image.tmdb.org/t/p/w500/yrBEpSxuPpDZQO2vg1MIWEAkQTX.jpg
531,3.769230769230769,338,3.406812031649644,"Secret Garden, The (1993)","3, 7",https://image.tmdb.org/t/p/w500/zf6h5dJ7wVG7LqMO9dhHGHVejzj.jpg
272,3.7258485639686683,383,3.4065364887964003,"Madness of King George, The (1994)",7,https://image.tmdb.org/t/p/w500/1dTSY023ZyBbgVSKDRuA6JLGSnZ.jpg
1446,4.052910052910053,189,3.406392862042455,Kolya (1996),4,https://image.tmdb.org/t/p/w500/fB0cGiEOngfsfyDHXIpFOmEwFgi.jpg
3347,3.981132075471698,212,3.406024263182151,Never Cry Wolf (1983),7,https://image.tmdb.org/t/p/w500/e61tGxVtobTQuFPmAC7xWwdC4O1.jpg
3555,3.539647577092511,908,3.40566219467847,U-571 (2000),"0, 16",https://image.tmdb.org/t/p/w500/yeUhRSrlFcXhsuUai2ozWH6rNnK.jpg
1964,3.80794701986755,302,3.405498636729031,Klute (1971),"7, 13",https://image.tmdb.org/t/p/w500/tVyINAsNGSgD1OIstqwCcs7wyGH.jpg
2993,3.7054455445544554,404,3.4051802768292854,Thunderball (1965),0,https://image.tmdb.org/t/p/w500/wCc4qllaTDsQN8zgGkAgQrKO6N9.jpg
10,3.5405405405405403,888,3.4044957303159165,GoldenEye (1995),"0, 1, 16",https://image.tmdb.org/t/p/w500/5uAaswPrUlAtd4bxvxrHIasbF6u.jpg
3081,3.516885553470919,1066,3.403938648725143,Sleepy Hollow (1999),"10, 14",https://image.tmdb.org/t/p/w500/1GuK965FLJxqUw9fd1pmvjbFAlv.jpg
3397,3.7374301675977653,358,3.403008591987122,"Great Muppet Caper, The (1981)","3, 4",https://image.tmdb.org/t/p/w500/otcJx3KsIDR1sBOz1gryCy8joP.jpg
454,3.5473300970873787,824,3.4024923358776924,"Firm, The (1993)","7, 16",https://image.tmdb.org/t/p/w500/2nmD4YYgnfgdbidq0wwKJ151poM.jpg
1186,3.613879003558719,562,3.4020687911622103,"Sex, Lies, and Videotape (1989)",7,https://image.tmdb.org/t/p/w500/pj1uKm07svgXZDHbYE8AzRfNHcu.jpg
3548,3.835766423357664,274,3.401865315182855,Auntie Mame (1958),"4, 7",https://image.tmdb.org/t/p/w500/uH810rwkYEbUaV6IlwTaAExbXUm.jpg
3071,3.764525993883792,327,3.4015824361438667,Stand and Deliver (1987),7,https://image.tmdb.org/t/p/w500/A9pfzwk02iNl6i9wyk8lNcBkvc.jpg
3763,3.570613409415121,701,3.4014483353974097,F/X (1986),"0, 5, 16",https://image.tmdb.org/t/p/w500/nQuwGPekJ2AsaX8el9yWd7OT6xQ.jpg
101,3.869565217391304,253,3.401294497492107,Bottle Rocket (1996),4,https://image.tmdb.org/t/p/w500/3NIxuMUmChKL94BXudMMMsBDe8o.jpg
3476,3.578710644677661,667,3.40119716705048,Jacob's Ladder (1990),"10, 13, 16",https://image.tmdb.org/t/p/w500/wIlmYRxrIVBo90ITVBCCbTqUZE3.jpg
2857,3.6967418546365916,399,3.4007725687071293,Yellow Submarine (1968),"2, 12",https://image.tmdb.org/t/p/w500/cjrGM2QYlwzV6vXz2yF7y6fdTRu.jpg
1946,3.975609756097561,205,3.400504915768855,Marty (1955),"7, 14",https://image.tmdb.org/t/p/w500/8tnGO5VoAQII4DbE3hozWKhV4BY.jpg
373,3.856589147286822,258,3.400275284846577,Red Rock West (1992),16,https://image.tmdb.org/t/p/w500/ewofUEqU3Gpr7WSgSz3TEVPIfBg.jpg
3034,3.7434402332361514,343,3.400253467399529,Robin Hood (1973),"2, 3",https://image.tmdb.org/t/p/w500/9NS5QGOfck24yL3bZqWeW06PgPC.jpg
28,4.055865921787709,179,3.399858936473302,Persuasion (1995),14,https://image.tmdb.org/t/p/w500/s99WrKSEVR4RVvwm5Zn2cqrHTMM.jpg
2687,3.665158371040724,442,3.399719883726842,Tarzan (1999),"2, 3",https://image.tmdb.org/t/p/w500/wIg7TclH6PUcvTWFh0QdtU5Wcvt.jpg
2690,3.7,390,3.3995282213363067,"Ideal Husband, An (1999)",4,https://image.tmdb.org/t/p/w500/Aac3Kw7qAszSotkTNle4bvu3uuH.jpg
2371,3.5943238731218696,599,3.3991508045058296,Fletch (1985),4,https://image.tmdb.org/t/p/w500/nKDnMvVynvj7lwdv1iAZO1DzTYn.jpg
1345,3.6049382716049383,567,3.3989755833289585,Carrie (1976),10,https://image.tmdb.org/t/p/w500/kloXz9qwO23z9Kbt3z3MgnjF4xO.jpg
1594,3.778501628664495,307,3.3987186143617896,In the Company of Men (1997),7,https://image.tmdb.org/t/p/w500/1gPJ4H4TbGAiuEA6pFalFtqA0eL.jpg
2202,3.943661971830986,213,3.398166412505035,Lifeboat (1944),"7, 16, 18",https://image.tmdb.org/t/p/w500/2QXpzBMJJtmH7JvVf0ZzENvgc1o.jpg
3675,3.8265682656826567,271,3.398072807382304,White Christmas (1954),12,https://image.tmdb.org/t/p/w500/2ZzFQiXQg287WK1xNuiMYXstscj.jpg
2401,3.769230769230769,312,3.3977646123725345,Pale Rider (1985),19,https://image.tmdb.org/t/p/w500/kpAN5WnDEVWYzMDPkXHTbrDQuak.jpg
2935,4.1931034482758625,145,3.3971090266277817,"Lady Eve, The (1941)","4, 14",https://image.tmdb.org/t/p/w500/lJYD3CMgKtv12hazSHc7xt3i2uq.jpg
1099,3.9896907216494846,194,3.3966127166063833,"Christmas Carol, A (1938)",7,https://image.tmdb.org/t/p/w500/1gjT65lS29BbclJlmGvtwnT7hya.jpg
308,3.9653465346534653,202,3.396427100145996,Three Colors: White (1994),7,https://image.tmdb.org/t/p/w500/fdIet3NSa27gobMbaUml66oCQNT.jpg
2745,3.8951965065502185,229,3.39569310775795,"Mission, The (1986)",7,https://image.tmdb.org/t/p/w500/z53D72EAOxGRqdr7KXXWp9dJiDe.jpg
1354,3.8239700374531833,267,3.3956566420331113,Breaking the Waves (1996),7,https://image.tmdb.org/t/p/w500/dQWMcdHXUOSHtr7ypOCa5T79JMS.jpg
3341,4.03954802259887,177,3.3952254206133428,Born Yesterday (1950),4,https://image.tmdb.org/t/p/w500/dUANBUEbVprsyEzRPe1mQFACr3n.jpg
587,3.49644128113879,1124,3.395075178735363,Ghost (1990),"4, 14, 16",https://image.tmdb.org/t/p/w500/w9RaPHov8oM5cnzeE27isnFMsvS.jpg
2085,3.5964601769911506,565,3.394957005628424,101 Dalmatians (1961),"2, 3",https://image.tmdb.org/t/p/w500/8o2ADoAyG796UwTjwBFjPyBz0yG.jpg
1693,3.717948717948718,351,3.394513506511796,Amistad (1997),7,https://image.tmdb.org/t/p/w500/6QqNyIHKow0jngiQgTNBOBrLILM.jpg
1958,3.607547169811321,530,3.394022900981338,Terms of Endearment (1983),"4, 7",https://image.tmdb.org/t/p/w500/l77DRjJuykqKMtD9GTK4YT7qKHW.jpg
2841,3.6262833675564683,487,3.3939760327052984,Stir of Echoes (1999),16,https://image.tmdb.org/t/p/w500/9CyJ5aYF27cITX1WSUTENeP4wBE.jpg
1227,3.863070539419087,241,3.3938916473838177,Once Upon a Time in America (1984),"5, 7, 16",https://image.tmdb.org/t/p/w500/i0enkzsL5dPeneWnjl1fCWm6L7k.jpg
2936,4.093167701863354,161,3.3933428902706293,Sullivan's Travels (1942),4,https://image.tmdb.org/t/p/w500/z5cqIM0ysVjkCmaDfyTQnlozdIp.jpg
3384,3.800724637681159,276,3.393109740214814,"Taking of Pelham One Two Three, The (1974)",0,https://image.tmdb.org/t/p/w500/akBizBjWNtflwja701E8eZqqFdi.jpg
2118,3.7024793388429753,363,3.3929261728018263,"Dead Zone, The (1983)","10, 16",https://image.tmdb.org/t/p/w500/hN8w1ftoH7yyfwgE9VBdGRkipbZ.jpg
1340,3.912037037037037,216,3.392672494749863,Bride of Frankenstein (1935),10,https://image.tmdb.org/t/p/w500/5241zUwe7rC17MNc2QpCBKKdp1N.jpg
1092,3.5419440745672435,751,3.392618604380949,Basic Instinct (1992),"13, 16",https://image.tmdb.org/t/p/w500/76Ts0yoHk8kVQj9MMnoMixhRWoh.jpg
3366,3.811320754716981,265,3.3914246795233733,Where Eagles Dare (1969),"0, 1, 18",https://image.tmdb.org/t/p/w500/dnyiVS4Ad4w4rfS4Bm1YalEdonx.jpg
2946,3.7731958762886597,291,3.3912511943027877,Help! (1965),"4, 12",https://image.tmdb.org/t/p/w500/iSfXaWMAvdlidvFd1g4p5nzVogE.jpg
3494,3.7375,320,3.3909212422925155,True Grit (1969),"1, 19",https://image.tmdb.org/t/p/w500/tCrB8pcjadZjsDk7rleGJaIv78k.jpg
316,3.490143369175627,1116,3.3908273333979926,Stargate (1994),"0, 1, 15",https://image.tmdb.org/t/p/w500/4T6Po0XnZlevmhfPh3ZfEs5butR.jpg
431,3.6910569105691056,369,3.390780012549836,Carlito's Way (1993),"5, 7",https://image.tmdb.org/t/p/w500/g6D7mjQtndu768cusGmoEQY9fTB.jpg
556,4.2272727272727275,132,3.390332958544394,"War Room, The (1993)",6,https://image.tmdb.org/t/p/w500/qDNOzfkgneIkJHQmP2Bk68LSDqR.jpg
2278,3.5272952853598016,806,3.390277983579287,Ronin (1998),"0, 5, 16",https://image.tmdb.org/t/p/w500/AirrhRJjHwytOV0pdLu7YZ4DEyr.jpg
2273,3.5661881977671452,627,3.3901745991787653,Rush Hour (1998),"0, 16",https://image.tmdb.org/t/p/w500/we7wOLVFgxhzLzUt0qNe50xdIQZ.jpg
3685,3.5926605504587155,545,3.390170140279321,Prizzi's Honor (1985),"4, 7, 14",https://image.tmdb.org/t/p/w500/5azGfZXuUFYjYfz6etYOdlyLXwL.jpg
492,3.719402985074627,335,3.3901097640075104,Manhattan Murder Mystery (1993),"4, 13",https://image.tmdb.org/t/p/w500/axriUXXcBVZMZT8I9boo07Jgptw.jpg
3639,3.629067245119306,461,3.3899805491692527,"Man with the Golden Gun, The (1974)",0,https://image.tmdb.org/t/p/w500/xVkbKwGnBVNQ122GN5bCTMyPbWz.jpg
151,3.588447653429603,554,3.3897715962493145,Rob Roy (1995),"7, 14, 18",https://image.tmdb.org/t/p/w500/qY6NDTFnv9UoiDo6j4dGR0SlJUA.jpg
1209,4.023121387283237,173,3.3892208795412686,Once Upon a Time in the West (1969),19,https://image.tmdb.org/t/p/w500/qbYgqOczabWNn2XKwgMtVrntD6P.jpg
141,3.5498533724340176,682,3.389140519862554,"Birdcage, The (1996)",4,https://image.tmdb.org/t/p/w500/hU2XeckncHS61TWZKDtw1BrKmOO.jpg
3135,3.948717948717949,195,3.3886120538518067,"Great Santini, The (1979)",7,https://image.tmdb.org/t/p/w500/b1vPydT2uVl2q3oQBFAJ79kUqKn.jpg
1845,3.750830564784053,301,3.388424884799607,Zero Effect (1998),"4, 16",https://image.tmdb.org/t/p/w500/yFALvZFwqnh5ESarNoVd5KtizCo.jpg
368,3.5236907730673317,802,3.3880325457303266,Maverick (1994),"0, 4, 19",https://image.tmdb.org/t/p/w500/mTVbGGi5PIexmxVzeyFd2RYKwfM.jpg
52,3.640371229698376,431,3.3879981419956873,Mighty Aphrodite (1995),4,https://image.tmdb.org/t/p/w500/ice135yQZp4iX2SgCmd90nKgS5j.jpg
176,3.9170731707317072,205,3.3876638242760784,Living in Oblivion (1995),4,https://image.tmdb.org/t/p/w500/b54xDk98oWtEtAso9sj1wjaZDDH.jpg
524,3.615546218487395,476,3.3876166269481502,Rudy (1993),7,https://image.tmdb.org/t/p/w500/fAbfTCRpjHe2rprXBly55KL1dL9.jpg
931,3.912621359223301,206,3.3872494321603366,Spellbound (1945),"13, 14, 16",https://image.tmdb.org/t/p/w500/4dSrwXJNKtMtlkwJPgZMkjjuHvD.jpg
2360,4.3076923076923075,117,3.38661765361606,"Celebration, The (Festen) (1998)",7,https://image.tmdb.org/t/p/w500/8QqAFRn2Y8s2CRrUKQRRyMBK7OC.jpg
2394,3.5716753022452505,579,3.3861458492823804,"Prince of Egypt, The (1998)","2, 12",https://image.tmdb.org/t/p/w500/2xUjYwL6Ol7TLJPPKs7sYW5PWLX.jpg
3635,3.6057494866529773,487,3.3857557285540443,"Spy Who Loved Me, The (1977)",0,https://image.tmdb.org/t/p/w500/3ZxHKFxMYvAko680DsRgAZKWcLi.jpg
932,3.9523809523809526,189,3.385706961117033,"Affair to Remember, An (1957)",14,https://image.tmdb.org/t/p/w500/jwbWglYHbjqUu8M9DjTYzTOFklt.jpg
1909,3.4929718875502007,996,3.385553082460733,"X-Files: Fight the Future, The (1998)","13, 15, 16",https://image.tmdb.org/t/p/w500/yLIw6shz2WC3W3iI0jROsF4B2ha.jpg
1289,3.9725274725274726,182,3.385377777055398,Koyaanisqatsi (1983),"6, 18",https://image.tmdb.org/t/p/w500/6zCNciRcob8lwuydVXgq0esla8L.jpg
3549,3.792307692307692,260,3.384307067999995,Guys and Dolls (1955),12,https://image.tmdb.org/t/p/w500/mrSM6laJJLBVdMdWfeNRa1innnk.jpg
2693,3.857142857142857,224,3.3841340784331364,Trekkies (1997),6,https://image.tmdb.org/t/p/w500/o6MYZAcI2A7VfJkcIvCDbFPISLP.jpg
2644,3.827731092436975,238,3.3837435077891422,Dracula (1931),10,https://image.tmdb.org/t/p/w500/gU0BMydJQV9HES5fRAEAPs2qw2M.jpg
2423,3.588349514563107,515,3.3835048965737204,Christmas Vacation (1989),4,https://image.tmdb.org/t/p/w500/pJKKjFIItN4QTMGxa6P8ZxUHjei.jpg
3342,3.8565022421524664,223,3.38348750003779,Birdy (1984),"7, 18",https://image.tmdb.org/t/p/w500/weIn0Huxx4SQU8PB5ZggzA4PLIE.jpg
2206,4.0119760479041915,167,3.382902223966531,Suspicion (1941),"13, 16",https://image.tmdb.org/t/p/w500/xAPubDwDLG9d23OrmdWpUifV7Nr.jpg
3788,3.8089430894308944,246,3.382646687633004,Blowup (1966),"7, 13",https://image.tmdb.org/t/p/w500/iVtUdWsT6Ed2DK762zZxjaQAdHy.jpg
253,3.524390243902439,738,3.382468036651445,Interview with the Vampire (1994),"7, 10",https://image.tmdb.org/t/p/w500/2162lAT2MP36MyJd2sttmj5du5T.jpg
1797,4.005988023952096,167,3.3817867749983215,Everest (1998),6,https://image.tmdb.org/t/p/w500/4xmndWnTYTE4bDdlWrkZyaGcZlo.jpg
2065,3.5991649269311066,479,3.381689568709967,"Purple Rose of Cairo, The (1985)","4, 7, 14",https://image.tmdb.org/t/p/w500/ccsint43E44B7NGceEhVimD93Yt.jpg
610,3.546925566343042,618,3.3801646336074174,Heavy Metal (1981),"0, 1, 2, 10, 15",https://image.tmdb.org/t/p/w500/h7j6uKamzHH9p7muvIYnln621IE.jpg
1081,3.6175115207373274,434,3.380121911290069,Victor/Victoria (1982),"4, 12",https://image.tmdb.org/t/p/w500/mCjXcPRM3Rc7gOCGeVrBdPvF2bk.jpg
943,3.982456140350877,171,3.3800908870471904,"Ghost and Mrs. Muir, The (1947)","7, 14",https://image.tmdb.org/t/p/w500/idoD3cwfwj86BPvVoWVgWhnT2xq.jpg
2390,3.690909090909091,330,3.3796808341538416,Little Voice (1998),4,https://image.tmdb.org/t/p/w500/7VxdMxSa3BEAvGl5nLvsgpBwrZH.jpg
2726,4.1692307692307695,130,3.379606566359506,"Killing, The (1956)","5, 9",https://image.tmdb.org/t/p/w500/jxdKa1467pktAILLbfw6kZyQlbW.jpg
3244,3.6956521739130435,322,3.3787654244279555,"Goodbye Girl, The (1977)","4, 14",https://image.tmdb.org/t/p/w500/xdaPFRARLPJuSdQIfxKVJSCOsmD.jpg
1298,3.640826873385013,387,3.378210339261975,Pink Floyd - The Wall (1982),"7, 12, 18",https://image.tmdb.org/t/p/w500/gIDinNfjIJQuEc64MrQRafjADsL.jpg
3461,3.6657223796033995,353,3.378080225206462,Lord of the Flies (1963),"1, 7, 16",https://image.tmdb.org/t/p/w500/xhxWsFgBYyDfRWfOhM1OrV88QDJ.jpg
1777,3.4895489548954894,909,3.3779504692010955,"Wedding Singer, The (1998)","4, 14",https://image.tmdb.org/t/p/w500/zVvyTrcZQb7kC2DPDzyo25WcxXp.jpg
104,3.526392961876833,682,3.3778050611307084,Happy Gilmore (1996),4,https://image.tmdb.org/t/p/w500/4RnCeRzvI1xk5tuNWjpDKzSnJDk.jpg
1747,3.4895259095920617,907,3.377801309982276,Wag the Dog (1997),"4, 7",https://image.tmdb.org/t/p/w500/rYoEQzMBlB40ZlwVoe6y5s8B58z.jpg
1350,3.6234718826405867,409,3.3770503678401367,"Omen, The (1976)",10,https://image.tmdb.org/t/p/w500/tnsDyNNkOxYUyjD8CNJoAla6YvY.jpg
2490,3.5058214747736094,773,3.376220861088849,Payback (1999),"0, 16",https://image.tmdb.org/t/p/w500/eEyK8GrVbyWqeSFBWSnCavH6gMK.jpg
249,3.7586206896551726,261,3.3758423460736955,Immortal Beloved (1994),"7, 14",https://image.tmdb.org/t/p/w500/lkqz2R5pjXeDaiIjR3Z6JTGjtg6.jpg
3163,3.7039473684210527,304,3.375686351026604,Topsy-Turvy (1999),7,https://image.tmdb.org/t/p/w500/oUYC9Qx4YFOxWWeigvh2xj4ZiBS.jpg
2183,3.9329608938547485,179,3.375643196242152,"Man Who Knew Too Much, The (1956)",16,https://image.tmdb.org/t/p/w500/gy8YBRjCQRIT9x9G9F5fpnFD4xw.jpg
1873,3.7606177606177607,259,3.375591141918053,"Misérables, Les (1998)",7,https://image.tmdb.org/t/p/w500/toQ6BJCiKVSnklpsma2GnJ6KKah.jpg
2176,3.8952879581151834,191,3.3750916282303045,Rope (1948),16,https://image.tmdb.org/t/p/w500/9ar6rxLDB8kagAnXZKn6h9smscr.jpg
1012,3.7043189368770766,301,3.3748392467598203,Old Yeller (1957),"3, 7",https://image.tmdb.org/t/p/w500/Xe7AB0ffhGPSdBZ4qJ9AKJfllL.jpg
73,3.8169642857142856,224,3.374695169151542,"Misérables, Les (1995)","7, 12",https://image.tmdb.org/t/p/w500/toQ6BJCiKVSnklpsma2GnJ6KKah.jpg
2729,3.8656716417910446,201,3.374284625240188,Lolita (1962),7,https://image.tmdb.org/t/p/w500/8Puqbeh0D95DpXFWep1rmH78btu.jpg
2193,3.4962593516209477,802,3.3736675440979402,Willow (1988),"0, 1, 8",https://image.tmdb.org/t/p/w500/pAIRGMIdN7ZdZhflazdV2ezuJ9f.jpg
3174,3.48512585812357,874,3.373103737939504,Man on the Moon (1999),"4, 7",https://image.tmdb.org/t/p/w500/msOZS07xRIFnapwp3fprGbKEAfT.jpg
2985,3.451586655817738,1229,3.372362442576459,Robocop (1987),"0, 5, 15",https://image.tmdb.org/t/p/w500/pStzjTRqeU7QdJYsoofJEfFvaNz.jpg
2612,4.088235294117647,136,3.372353372369723,Mildred Pierce (1945),7,https://image.tmdb.org/t/p/w500/iSXi0xvPUPwEI2xxWZrcKJXpUYc.jpg
2117,3.7194244604316546,278,3.3714857010282833,Nineteen Eighty-Four (1984),"7, 15",https://image.tmdb.org/t/p/w500/hrdQlicxuyTg3zyVqq78EsA4Z6J.jpg
1120,3.5833333333333335,456,3.371380720190633,"People vs. Larry Flynt, The (1996)",7,https://image.tmdb.org/t/p/w500/sAgHn7ys6TiVXBDTZ0UBEjinIUk.jpg
1948,3.8585858585858586,198,3.3711825809013423,Tom Jones (1963),4,https://image.tmdb.org/t/p/w500/yKuZKLMhe74PJzaxYLh2s8h4P2P.jpg
3606,3.940828402366864,169,3.3709202490662165,On the Town (1949),12,https://image.tmdb.org/t/p/w500/lEU8QQmIayAtPZrCDf2czQgTjQ1.jpg
3723,3.7286245353159853,269,3.3708280859148676,Hamlet (1990),7,https://image.tmdb.org/t/p/w500/yL1rYMHlqZtZVESxEWLsaneXq86.jpg
581,4.049645390070922,141,3.370214639616307,"Celluloid Closet, The (1995)",6,https://image.tmdb.org/t/p/w500/x0DSh3uMeQk6EG1DHjGJUywN7C0.jpg
648,3.432874918140144,1527,3.370162572030133,Mission: Impossible (1996),"0, 1, 13",https://image.tmdb.org/t/p/w500/l5uxY5m5OInWpcExIpKG6AR3rgL.jpg
2071,3.9298245614035086,171,3.37009643951804,And the Band Played On (1993),7,https://image.tmdb.org/t/p/w500/qVdAkEmGOsSh2bNOL6lNabIHE4j.jpg
2937,4.288461538461538,104,3.369852242094775,"Palm Beach Story, The (1942)",4,https://image.tmdb.org/t/p/w500/vl3MVnrUsCa0wRsFTVU0ohbtWy6.jpg
3129,3.701388888888889,288,3.3698003378732144,Sweet and Lowdown (1999),"4, 7",https://image.tmdb.org/t/p/w500/23S5qa8j3ajYnERcYCqMLfSeOvw.jpg
3521,3.877659574468085,188,3.3697785763335095,Mystery Train (1989),"4, 5, 7",https://image.tmdb.org/t/p/w500/f11xq7dBGhz9UDc3dabldAGeXVH.jpg
2991,3.5924170616113744,422,3.368451449227959,Live and Let Die (1973),0,https://image.tmdb.org/t/p/w500/39qkrjqMZs6utwNmihVImC3ghas.jpg
2628,3.409777777777778,2250,3.367938192242321,Star Wars: Episode I - The Phantom Menace (1999),"0, 1, 8, 15",https://image.tmdb.org/t/p/w500/6wkfovpn7Eq8dYNKaG5PY3q2oq6.jpg
2750,3.6982456140350877,285,3.3679367607550468,Radio Days (1987),"4, 7",https://image.tmdb.org/t/p/w500/ljZ3yyYznAiq1vF6nHITdJn6qXB.jpg
936,4.075757575757576,132,3.3671176364317996,Ninotchka (1939),"4, 14",https://image.tmdb.org/t/p/w500/v4MkgNqZyodYwBDNbZ64MF9tVEL.jpg
3074,3.7882882882882885,222,3.3670749803321023,Jeremiah Johnson (1972),19,https://image.tmdb.org/t/p/w500/732cOohUbdH3FCo7lPbYVtbgUot.jpg
2005,3.4972067039106145,716,3.3668431987450673,"Goonies, The (1985)","1, 3, 8",https://image.tmdb.org/t/p/w500/eBU7gCjTCj9n2LTxvCSIXXOvHkD.jpg
2351,4.207207207207207,111,3.3667719735704877,Nights of Cabiria (Le Notti di Cabiria) (1957),7,https://image.tmdb.org/t/p/w500/xF4oCG3PLNbcrtPZbqB3BtkIbKg.jpg
3844,3.593137254901961,408,3.3659532692624134,Steel Magnolias (1989),7,https://image.tmdb.org/t/p/w500/7ExUSN9s9gX9bhVM17zDLEizano.jpg
290,3.9166666666666665,168,3.365762500040106,Once Were Warriors (1994),"5, 7",https://image.tmdb.org/t/p/w500/1nd4SsytVc96hy92g8NNVPD3mzf.jpg
1734,3.825870646766169,201,3.3656870970295483,My Life in Pink (Ma vie en rose) (1997),"4, 7",https://image.tmdb.org/t/p/w500/4SwZaSDy1DR80QXKdvp6iSTawK2.jpg
69,3.6551724137931036,319,3.3655430079027138,Friday (1995),4,https://image.tmdb.org/t/p/w500/2lReF53F8trkC68piGSfk0JVwWU.jpg
3929,3.993197278911565,147,3.365398566783793,"Bank Dick, The (1940)",4,https://image.tmdb.org/t/p/w500/3XrqHTrJpTaUeyqXqb4fVacYWpf.jpg
1177,3.993197278911565,147,3.365398566783793,Enchanted April (1991),7,https://image.tmdb.org/t/p/w500/b4Jrg23Q3y7p8GS7aMnPdFiEcnP.jpg
2922,3.7468879668049793,241,3.3650405397073624,Hang 'em High (1967),19,https://image.tmdb.org/t/p/w500/gFvRKgCAa1MKlcAKZfoDNdR2dgy.jpg
1649,3.8518518518518516,189,3.3650210601916113,"Fast, Cheap & Out of Control (1997)",6,https://image.tmdb.org/t/p/w500/8uXV6w3ZQUtefqjCgxXswCwPSjk.jpg
2167,3.477132262051916,809,3.3641675942710396,Blade (1998),"0, 1, 10",https://image.tmdb.org/t/p/w500/oWT70TvbsmQaqyphCZpsnQR7R32.jpg
3516,3.7665198237885464,227,3.3641106573821173,"Bell, Book and Candle (1958)","4, 14",https://image.tmdb.org/t/p/w500/z3MLtVFPT2wIkKCBSE2yBgDmeXI.jpg
3910,3.82,200,3.3639288260204356,Dancer in the Dark (2000),"7, 12",https://image.tmdb.org/t/p/w500/9rsivF4sWfmBzrNr4LPu6TNJhXX.jpg
2732,3.97972972972973,148,3.3638425570210773,Jules and Jim (Jules et Jim) (1961),7,https://image.tmdb.org/t/p/w500/kuFjZlcZhQFDtIjuI3GQJjsQG03.jpg
339,3.49925705794948,673,3.3638301916477684,While You Were Sleeping (1995),"4, 14",https://image.tmdb.org/t/p/w500/qNGO3ETcNwlWqK2kNRpbJSJRlos.jpg
1485,3.5,666,3.3635054416237873,Liar Liar (1997),4,https://image.tmdb.org/t/p/w500/6onhfIc1qxGGX5qOSKxJXkQqdnx.jpg
3576,3.683098591549296,284,3.3633663974208137,"Hidden, The (1987)","0, 10, 15",https://image.tmdb.org/t/p/w500/thWAdfTM9JLCb9w2ShBH2gUByIA.jpg
1129,3.4649321266968327,884,3.362734331444683,Escape from New York (1981),"0, 1, 15, 16",https://image.tmdb.org/t/p/w500/vH9llaphjAssRGi0k7e75tD40Ce.jpg
2707,3.504731861198738,634,3.3625022690032966,Arlington Road (1999),16,https://image.tmdb.org/t/p/w500/4yYHyZuyTTQaEZuHKS7561jXjtR.jpg
3932,3.75,232,3.362217206225684,"Invisible Man, The (1933)","10, 15",https://image.tmdb.org/t/p/w500/xR2DDwnOSbnUsfI7deRWusmtrdA.jpg
2575,4.0,141,3.3621732840735152,"Dreamlife of Angels, The (La Vie rêvée des anges) (1998)",7,https://image.tmdb.org/t/p/w500/1yxr5KJHJk5aPCbapJaBS8Znx8V.jpg
934,3.6578947368421053,304,3.3621401488011564,Father of the Bride (1950),4,https://image.tmdb.org/t/p/w500/g6OTK7l6EX2JP5r00O5fG6BZJlh.jpg
1150,3.930379746835443,158,3.36199644370253,"Return of Martin Guerre, The (Retour de Martin Guerre, Le) (1982)",7,https://image.tmdb.org/t/p/w500/k6XfHExAs3bTZOCuQWqeVS7xiqu.jpg
785,3.4784313725490197,765,3.3615067539551657,Kingpin (1996),4,https://image.tmdb.org/t/p/w500/axNjHHylLwT5oOahajqHtIEYZ10.jpg
2779,3.6202898550724636,345,3.3613511808152583,Heaven Can Wait (1978),4,https://image.tmdb.org/t/p/w500/c0jKfLvvggNqvMDhOWxaBMGXkz7.jpg
3470,4.326086956521739,92,3.360647405704194,Dersu Uzala (1974),"1, 7",https://image.tmdb.org/t/p/w500/bIOrDQ3Gg68k3qJAnRU7nIZr0BW.jpg
3556,3.6310975609756095,328,3.360540750625054,"Virgin Suicides, The (1999)","4, 7",https://image.tmdb.org/t/p/w500/1NCQtXPQnaHRjOZVmktA9BSM35F.jpg
3728,3.9594594594594597,148,3.360423753602274,One False Move (1991),16,https://image.tmdb.org/t/p/w500/x5xCkGw4jutMcc8nmWLKNzbDKht.jpg
1273,3.9657534246575343,146,3.3601049043814903,Down by Law (1986),"4, 7",https://image.tmdb.org/t/p/w500/4IyxoUQ7BB5kcSd7gASe2dTyWu7.jpg
262,3.872093023255814,172,3.359702544410421,"Little Princess, A (1995)","3, 7",https://image.tmdb.org/t/p/w500/9V4bAVEskSNbEqjVI0YmeuB0n8I.jpg
3296,3.793103448275862,203,3.359540851245035,To Sir with Love (1967),7,https://image.tmdb.org/t/p/w500/xMaVwTfgETmPs5yp3lNK5SeWCtB.jpg
3699,3.461271676300578,865,3.3595307894549986,Starman (1984),"1, 7, 14, 15",https://image.tmdb.org/t/p/w500/A8tN4sMLLch4PcXSKyndIh4iNY7.jpg
728,3.7649769585253456,217,3.3595053817073377,Cold Comfort Farm (1995),4,https://image.tmdb.org/t/p/w500/fkPm7MQhn3YqcRDM9qFDKNHiw7D.jpg
1683,3.761467889908257,218,3.3591259565023694,"Wings of the Dove, The (1997)","7, 14, 16",https://image.tmdb.org/t/p/w500/2DEAGoLQqFSTt11mnugjXlL4Wbh.jpg
3350,3.972027972027972,143,3.35905082382349,"Raisin in the Sun, A (1961)",7,https://image.tmdb.org/t/p/w500/fxGAJFfryAgdi4ONkVyrBWKDBbI.jpg
2455,3.4407096171802056,1071,3.3589402076012194,"Fly, The (1986)","10, 15",https://image.tmdb.org/t/p/w500/gORksEPahEgO409HYJOZlNVyEpe.jpg
3873,3.6678571428571427,280,3.357872059223373,Cat Ballou (1965),"4, 19",https://image.tmdb.org/t/p/w500/3WJmB1F5z4mLwt84i1FuIrSYEe.jpg
2231,3.608695652173913,345,3.357628519112141,Rounders (1998),"5, 7",https://image.tmdb.org/t/p/w500/oT6BtjgZj51kLH4z2MpgRtuZJJd.jpg
2301,3.5902964959568733,371,3.3573574227950886,History of the World: Part I (1981),4,https://image.tmdb.org/t/p/w500/6iAl78qZHT65erPXr2YW6Y54wlY.jpg
647,3.5532879818594103,441,3.3573445910175095,Courage Under Fire (1996),"7, 18",https://image.tmdb.org/t/p/w500/vDJurMJkrx049AiXa3DJx5Zx7a4.jpg
2905,4.608695652173913,69,3.3572596666073826,Sanjuro (1962),"0, 1",https://image.tmdb.org/t/p/w500/zW47oIH3bc3ggmmmzTvKqM4Fqjk.jpg
3364,3.9271523178807946,151,3.3569242973151563,"Asphalt Jungle, The (1950)","5, 9",https://image.tmdb.org/t/p/w500/8xsUnT0P2fJWQv9jGDhs3i9Zx2l.jpg
213,4.056910569105691,123,3.3569171188105518,Burnt By the Sun (Utomlyonnye solntsem) (1994),7,https://image.tmdb.org/t/p/w500/gaAJuYKkJ3tEkpwmLy67MpbBpwY.jpg
180,3.5476718403547673,451,3.3568588257399368,Mallrats (1995),4,https://image.tmdb.org/t/p/w500/6K0cH551dIrBcD33kZtyugqmdJU.jpg
2100,3.4307824591573515,1163,3.356814712700658,Splash (1984),"4, 8, 14",https://image.tmdb.org/t/p/w500/7FutTsMWBwVhjk1Ujf1wtndUVZh.jpg
3189,3.6433333333333335,300,3.356747784153468,My Dog Skip (1999),4,https://image.tmdb.org/t/p/w500/44LHbH8pOxEBnSKDJsqTpKQ8jCI.jpg
2403,3.5717884130982367,397,3.3562111351850827,First Blood (1982),0,https://image.tmdb.org/t/p/w500/a9sa6ERZCpplbPEO7OMWE763CLD.jpg
194,3.755868544600939,213,3.3557260942026472,Smoke (1995),7,https://image.tmdb.org/t/p/w500/1WMUaTQaj2dQrhsPI3Px0OR9eTF.jpg
2114,3.6875,256,3.3554255137351547,"Outsiders, The (1983)",7,https://image.tmdb.org/t/p/w500/pl8Tf36TAOb2i561yPbQ9xl4P4D.jpg
3200,3.8488372093023258,172,3.355265495048247,"Last Detail, The (1973)","4, 7",https://image.tmdb.org/t/p/w500/kC2eh5bFFoQTSoWKxKkCcYVelGX.jpg
2066,4.150943396226415,106,3.354604241515254,Out of the Past (1947),9,https://image.tmdb.org/t/p/w500/lnUK6Cg5ARM0qaq0B5SG20VAM0h.jpg
1392,3.73972602739726,219,3.354530146321555,Citizen Ruth (1996),"4, 7",https://image.tmdb.org/t/p/w500/hMGWyETjqWpfud4Cmeva6qfVogZ.jpg
261,3.6491228070175437,285,3.3541368593257714,Little Women (1994),7,https://image.tmdb.org/t/p/w500/yn5ihODtZ7ofn8pDYfxCmxh8AXI.jpg
2294,3.483720930232558,645,3.353780897625315,Antz (1998),"2, 3",https://image.tmdb.org/t/p/w500/pvpJfkzcqENTSlBKCSImi05WlXK.jpg
2920,4.19,100,3.353552554292942,Children of Paradise (Les enfants du paradis) (1945),"7, 14",
3893,3.5026833631484795,559,3.3533347642887046,Nurse Betty (2000),"4, 16",https://image.tmdb.org/t/p/w500/1OCHR9z9k7go669AsShOkTj4CFb.jpg
918,3.7936507936507935,189,3.35304501228742,Meet Me in St. Louis (1944),12,https://image.tmdb.org/t/p/w500/ekVeUvG81pidsv2LMtWf5yYcNbq.jpg
1419,3.963235294117647,136,3.3527115468353497,Walkabout (1971),7,https://image.tmdb.org/t/p/w500/24vooYt5StgtgcQObVr1GHuM5gy.jpg
3546,3.7219730941704037,223,3.351991437045664,What Ever Happened to Baby Jane? (1962),"7, 16",https://image.tmdb.org/t/p/w500/msGYzyWwtjAaA3DScdgmvJ5MReG.jpg
1633,3.661654135338346,266,3.351855192150673,Ulee's Gold (1997),7,https://image.tmdb.org/t/p/w500/wMpZ7U7A0QHJptR9L573V3Y7SI0.jpg
714,3.888888888888889,153,3.3515828258198246,Dead Man (1995),19,https://image.tmdb.org/t/p/w500/jX3wGBVoYoAY3IixBpwYk1fjT4z.jpg
805,3.5901162790697674,344,3.351440935059148,"Time to Kill, A (1996)",7,https://image.tmdb.org/t/p/w500/canu4YHGSI6vTPgIkXdZwQVRHAT.jpg
3475,3.962686567164179,134,3.351212326330047,"Place in the Sun, A (1951)","7, 14",https://image.tmdb.org/t/p/w500/mgghe9jdzteoaZivnZ5KQciXC6c.jpg
164,3.5672823218997363,379,3.351169908692824,Devil in a Blue Dress (1995),"5, 9, 13, 16",https://image.tmdb.org/t/p/w500/5lcJhwKGavLbPva17QkTBhLfqEk.jpg
2611,3.910958904109589,146,3.3509672687447116,"Winslow Boy, The (1998)",7,https://image.tmdb.org/t/p/w500/5HjxMMFr6QKB3vaiGQxavcs3qB0.jpg
1942,4.033613445378151,119,3.3503498453576848,All the King's Men (1949),7,https://image.tmdb.org/t/p/w500/xCDq6aXoE5kwPH12bSd3PP09HfA.jpg
946,3.8509316770186337,161,3.349547269832673,To Be or Not to Be (1942),"4, 7, 18",https://image.tmdb.org/t/p/w500/dDQRpEoyjHT4fzw9cNklIvZuXYg.jpg
3927,3.5804597701149423,348,3.349208207690019,Fantastic Voyage (1966),"1, 15",https://image.tmdb.org/t/p/w500/wNi1ZdAqor6DMoyMVTaUZfQodAQ.jpg
1722,3.4419953596287702,862,3.3488984252503897,Tomorrow Never Dies (1997),"0, 14, 16",https://image.tmdb.org/t/p/w500/gZm002w7q9yLOkltxT76TWGfdZX.jpg
3107,3.440736478711162,869,3.3486217352430376,Backdraft (1991),"0, 7",https://image.tmdb.org/t/p/w500/bymJtYNIdiAiBR1LRetaJXbfryc.jpg
1913,3.8263473053892216,167,3.34832330595203,Picnic at Hanging Rock (1975),"7, 13",https://image.tmdb.org/t/p/w500/7BAXwmFN4pZDNb9N6kzmAAwdssi.jpg
892,3.861842105263158,152,3.346309522162218,Twelfth Night (1996),"4, 7, 14",https://image.tmdb.org/t/p/w500/858SgtP5WoAIO9ZXiXHJ8oCwL2u.jpg
1573,3.4011259676284307,1421,3.3460924639786076,Face/Off (1997),"0, 15, 16",https://image.tmdb.org/t/p/w500/69Xzn8UdPbVnmqSChKz2RTpoNfB.jpg
493,3.6073825503355703,298,3.34576335161654,Menace II Society (1993),"0, 5, 7",https://image.tmdb.org/t/p/w500/nS7yqmSVeNoH22VXj69JoFCxW1h.jpg
1279,3.747422680412371,194,3.3457193760541366,Night on Earth (1991),"4, 7",https://image.tmdb.org/t/p/w500/ktejUHCo6c8DekpOtR3uSb6oDXr.jpg
3079,3.882758620689655,145,3.3456510506415036,Mansfield Park (1999),7,https://image.tmdb.org/t/p/w500/8wmitt5MhUovjDzxhVfWIifnnnV.jpg
1025,3.6109215017064846,293,3.3454981357320244,"Sword in the Stone, The (1963)","2, 3",https://image.tmdb.org/t/p/w500/7lyeeuhGAJSNXYEW34S8mJ1bwI8.jpg
2528,3.4696485623003195,626,3.3454606003585354,Logan's Run (1976),"0, 1, 15",https://image.tmdb.org/t/p/w500/v3ILN8ROPcrNRJ8S7GH24JyihH8.jpg
3077,4.2272727272727275,88,3.3452866590654375,42 Up (1998),6,https://image.tmdb.org/t/p/w500/fcOziYVE7iGW3H7tM4yLod4ExvK.jpg
1061,3.550802139037433,374,3.344605205062071,Sleepers (1996),"5, 7",https://image.tmdb.org/t/p/w500/yUpiEk2EojS9ZEXb3nIQonQCYYF.jpg
322,3.712918660287081,209,3.3444558804325997,Swimming with Sharks (1995),"4, 7",https://image.tmdb.org/t/p/w500/eMRiIJIEyMLjWjktIqjNfzs9jGX.jpg
2442,3.825,160,3.3443191048746432,Hilary and Jackie (1998),7,https://image.tmdb.org/t/p/w500/aE2NJH2sllQTmbpN6laKuM7NXYy.jpg
1176,3.937984496124031,129,3.3439392472754745,"Double Life of Veronique, The (La Double Vie de Véronique) (1991)",7,https://image.tmdb.org/t/p/w500/oqRyO9xrNBRaxqF9pCHHgLuaATx.jpg
3405,3.875,144,3.3437571193886604,"Night to Remember, A (1958)","0, 7",https://image.tmdb.org/t/p/w500/6fDhJAz6AuYWj3hAnvUL42Xlxfj.jpg
3182,3.9596774193548385,124,3.3436108304463916,Mr. Death: The Rise and Fall of Fred A. Leuchter Jr. (1999),6,https://image.tmdb.org/t/p/w500/buoMN4p95mvB2JgyglMb5gKxurV.jpg
1645,3.4358353510895885,826,3.3434727378887787,"Devil's Advocate, The (1997)","5, 10, 13, 16",https://image.tmdb.org/t/p/w500/5ZzBGpxy55OQzHxKVY11IpY6a0o.jpg
832,3.478723404255319,564,3.3434648966262044,Ransom (1996),"7, 16",https://image.tmdb.org/t/p/w500/v05Zi28HlV0ZJ3JlLbKQbISOD0r.jpg
1236,4.188888888888889,90,3.3432237264014586,Trust (1990),"4, 7",https://image.tmdb.org/t/p/w500/rXoZYWd2G7pBh8N8Cp5ZO5Sjzbl.jpg
2470,3.4265350877192984,912,3.343144589574167,Crocodile Dundee (1986),"1, 4",https://image.tmdb.org/t/p/w500/pduPduL1ub5kok3lPYT15ryC9L6.jpg
2624,4.088235294117647,102,3.3430809907227843,After Life (1998),7,https://image.tmdb.org/t/p/w500/ty43RTdSBpL3VjBJWeRoKhFg7hF.jpg
2941,3.6142857142857143,280,3.3430132182129717,South Pacific (1958),"12, 14, 18",https://image.tmdb.org/t/p/w500/nYNltu2clFoRQGBz9BtZUTcCbUm.jpg
3111,3.699530516431925,213,3.3429939987119313,Places in the Heart (1984),7,https://image.tmdb.org/t/p/w500/bmWg3uVn700inqOiadxeFTmiqmV.jpg
1810,3.558073654390935,353,3.3429762991094645,Primary Colors (1998),7,https://image.tmdb.org/t/p/w500/1FDR837wg7bi02F1R7JESCoPWBD.jpg
353,3.4455040871934606,734,3.342515779833273,"Crow, The (1994)","0, 14, 16",https://image.tmdb.org/t/p/w500/rMMB3v6jYHjsvXRNJYESacoTD7j.jpg
2330,4.163043478260869,92,3.3423881239026114,Hands on a Hard Body (1996),6,https://image.tmdb.org/t/p/w500/snyLQ21YGNWHNcDSNUIouzBFObh.jpg
2924,3.9097744360902253,133,3.3423441667084,Drunken Master (Zui quan) (1979),"0, 4",https://image.tmdb.org/t/p/w500/cf43J2SH8tECZVl9N5n0Q6Ckche.jpg
2952,3.747311827956989,186,3.3421866125461444,"Hard 8 (a.k.a. Sydney, a.k.a. Hard Eight) (1996)","5, 16",https://image.tmdb.org/t/p/w500/2WMzlJP3ya9krwXieJ2TeWao60w.jpg
549,3.821656050955414,157,3.3421002185967232,Thirty-Two Short Films About Glenn Gould (1993),6,https://image.tmdb.org/t/p/w500/gIvypJ6N8aUN9DoeRY1siPDF9AW.jpg
1951,3.6948356807511735,213,3.341932990754372,Oliver! (1968),12,https://image.tmdb.org/t/p/w500/wkMdDqXI58MuW99wi9kotC8kCVM.jpg
2660,3.8962962962962964,135,3.3415521616957724,"Thing From Another World, The (1951)",15,https://image.tmdb.org/t/p/w500/rm2w8dEhOGDuckB6i0Spz9lTzpR.jpg
2009,3.518957345971564,422,3.341530042367343,Soylent Green (1973),"15, 16",https://image.tmdb.org/t/p/w500/5nbkShkOEXUoKVhaX0XG41wyBkq.jpg
215,3.80625,160,3.3409464235930244,Before Sunrise (1995),"7, 14",https://image.tmdb.org/t/p/w500/kf1Jb1c2JAOqjuzA3H4oDM263uB.jpg
3420,3.71356783919598,199,3.3406266492040877,...And Justice for All (1979),"7, 16",https://image.tmdb.org/t/p/w500/32NmJn0p4o9BdWVpEhuyxzwsqhL.jpg
1042,3.481060606060606,528,3.3405740308437335,That Thing You Do! (1996),4,https://image.tmdb.org/t/p/w500/9RmZu33qHdyZFGLfhEOmkTjdNEu.jpg
3093,3.6971153846153846,208,3.340556633371728,McCabe & Mrs. Miller (1971),"7, 19",https://image.tmdb.org/t/p/w500/eQ9hDaTNpZ4wb7FWdqoJcOCJBve.jpg
3852,3.6971153846153846,208,3.340556633371728,"Tao of Steve, The (2000)",4,https://image.tmdb.org/t/p/w500/u9z4Qg0KGomhBUerbUzQXeO1ODs.jpg
3102,3.6434426229508197,244,3.3402895159589057,Jagged Edge (1985),16,https://image.tmdb.org/t/p/w500/wHYjo3NLc293ZEXVSGhRIUr3Iqi.jpg
1672,3.5700934579439254,321,3.340096947916226,"Rainmaker, The (1997)",7,https://image.tmdb.org/t/p/w500/twLGHXPjQtS8UyVGp5GXmhJiTM7.jpg
3724,3.717948717948718,195,3.3399370944142728,Coming Home (1978),"7, 18",https://image.tmdb.org/t/p/w500/AcacHtZ4LzZvL0Wz6CzvJrXkRqT.jpg
1935,4.02803738317757,107,3.3398348401506217,How Green Was My Valley (1941),7,https://image.tmdb.org/t/p/w500/8N7OmxBqjRVUrqergUduGgr6exy.jpg
3682,3.6904761904761907,210,3.339831659165508,Magnum Force (1973),19,https://image.tmdb.org/t/p/w500/1uX1uzn09seCftG3rTGLPyFXxV6.jpg
1476,3.4869739478957915,499,3.33965962050142,Private Parts (1997),"4, 7",https://image.tmdb.org/t/p/w500/8nCc9fhXCVvetlqpxkrCTc9NwOz.jpg
2927,4.08080808080808,99,3.3394952851973385,Brief Encounter (1946),"7, 14",https://image.tmdb.org/t/p/w500/jC9EwLJcGhYMSQAHu2LxkKN5v7O.jpg
2764,3.6,280,3.339050860610198,"Thomas Crown Affair, The (1968)","5, 7, 16",https://image.tmdb.org/t/p/w500/oODAwa2AK3fXvK93GCbq7dFLZPi.jpg
1569,3.428048780487805,820,3.3389944135437206,My Best Friend's Wedding (1997),"4, 14",https://image.tmdb.org/t/p/w500/b5g4bp8gS5ovMyR5439AII6zQ3n.jpg
2932,3.957627118644068,118,3.3389638274761,Days of Heaven (1978),7,https://image.tmdb.org/t/p/w500/siE1XQ544MLO27geLYDbUDy3oTt.jpg
2013,3.454983922829582,622,3.338343946567514,"Poseidon Adventure, The (1972)","0, 1",https://image.tmdb.org/t/p/w500/wJOIXW4bjsXBPGzqojBV8laiLKM.jpg
1192,4.0285714285714285,105,3.3382526588208448,Paris Is Burning (1990),6,https://image.tmdb.org/t/p/w500/90rCWH41mj9hjHUEy2SOHfuAOl3.jpg
3087,3.4786821705426356,516,3.338235121466074,Scrooged (1988),4,https://image.tmdb.org/t/p/w500/uO0znfB2ZzTXA1IS7jkrjNbpkYK.jpg
2683,3.388423988842399,1434,3.338004087721745,Austin Powers: The Spy Who Shagged Me (1999),4,https://image.tmdb.org/t/p/w500/wqcE8EAmVl5j3mLuIrHFG7RmQyg.jpg
281,3.648068669527897,233,3.3379447727646703,Nobody's Fool (1994),7,https://image.tmdb.org/t/p/w500/xyAXFy6mOfgZcVWbceCeuTYadeq.jpg
1372,3.4095904095904097,1001,3.337631808024268,Star Trek VI: The Undiscovered Country (1991),"0, 1, 15",https://image.tmdb.org/t/p/w500/tvTOJD7Gz668GLy2nNdLRQvpPsv.jpg
3153,3.616279069767442,258,3.3374904747199947,"7th Voyage of Sinbad, The (1958)","0, 1, 8",https://image.tmdb.org/t/p/w500/rK5ceoe5d3K8cTzEoOnuRNA6Xt9.jpg
3298,3.4593220338983053,590,3.337454978238723,Boiler Room (2000),7,https://image.tmdb.org/t/p/w500/rjm6Ps5kG5VD3EkOPozH6M0S0jS.jpg
2940,4.009345794392523,107,3.337443925625816,Gilda (1946),9,https://image.tmdb.org/t/p/w500/46eKPjoWEyNBAQKDoXEcDFBcaUw.jpg
952,3.6022304832713754,269,3.3367770092999454,Around the World in 80 Days (1956),"1, 4",https://image.tmdb.org/t/p/w500/j0IVBeLturX6bOreC3n3xdabt87.jpg
3831,3.7204301075268815,186,3.336725116096117,Saving Grace (2000),4,https://image.tmdb.org/t/p/w500/ml8XwUomPfisNsKmluP8TIZOR89.jpg
1111,4.095744680851064,94,3.3366992638567035,Microcosmos (Microcosmos: Le peuple de l'herbe) (1996),6,https://image.tmdb.org/t/p/w500/AeYKj4t7nvg7ZxdAglP8h5HxDPM.jpg
2943,3.78125,160,3.3364495152175326,Indochine (1992),"7, 14",https://image.tmdb.org/t/p/w500/sAemRfr6mOSwtQ76e4yUQVImo8B.jpg
1286,3.585964912280702,285,3.336394128916703,Somewhere in Time (1980),"7, 14",https://image.tmdb.org/t/p/w500/hDYXWyC9E7BCQXOYrhvod1MqS5q.jpg
2083,3.6068702290076335,262,3.3361289397740745,"Muppet Christmas Carol, The (1992)","3, 12",https://image.tmdb.org/t/p/w500/ssrV29QSVVJuemBHho0Qx7pFYak.jpg
1050,3.8219178082191783,146,3.3361186108349457,Looking for Richard (1996),"6, 7",https://image.tmdb.org/t/p/w500/qAYYZzO6q7prlt6bmIvqOOwKsXi.jpg
94,3.7252747252747254,182,3.3360086053603895,Beautiful Girls (1996),7,https://image.tmdb.org/t/p/w500/sHcx1fBmrtZYvFmUywU0d5cvIFd.jpg
3066,3.7010309278350517,194,3.335973842756898,Tora! Tora! Tora! (1970),18,https://image.tmdb.org/t/p/w500/5DUBmStl9ORMkfM7sfhXNSQzK29.jpg
500,3.420047732696897,838,3.3357396132606025,Mrs. Doubtfire (1993),4,https://image.tmdb.org/t/p/w500/shHrSmXS5140o6sQzgzXxn3KqSm.jpg
2989,3.501176470588235,425,3.33544551215764,For Your Eyes Only (1981),0,https://image.tmdb.org/t/p/w500/xV4Nnr6DjjERlqNikqDQX8LUgua.jpg
2046,3.466417910447761,536,3.3352602479541646,Flight of the Navigator (1986),"1, 3, 15",https://image.tmdb.org/t/p/w500/tdRgQWMximj0tL6OWu9kRTtePmI.jpg
2866,3.6884422110552766,199,3.3352416195864247,"Buddy Holly Story, The (1978)",7,https://image.tmdb.org/t/p/w500/5snXyPLAzgTGfWctJAjC5pO3jun.jpg
1938,3.9098360655737703,122,3.335022717305925,"Lost Weekend, The (1945)",7,https://image.tmdb.org/t/p/w500/8ggIOoCzt8xT2ePl8DdlRtXgcOh.jpg
2068,3.8828125,128,3.3350108965434346,Fanny and Alexander (1982),7,https://image.tmdb.org/t/p/w500/q8jlA3Wc1Z987hNKRFA44g5OugC.jpg
222,3.547112462006079,329,3.334692341791209,Circle of Friends (1995),"7, 14",https://image.tmdb.org/t/p/w500/bnSBsGCIfGGiN68MSBIoviaoh9a.jpg
1017,3.5869565217391304,276,3.3344324652272457,Swiss Family Robinson (1960),"1, 3",https://image.tmdb.org/t/p/w500/3ZItm1RcdwNuPnCaaqEFGrbVlcO.jpg
1805,3.4456869009584663,626,3.334394573062335,Wild Things (1998),"5, 7, 13, 16",https://image.tmdb.org/t/p/w500/wrcTDD9T7Ga5c9MW7kaOo2qwIvW.jpg
1362,4.03,100,3.334263826143454,"Garden of Finzi-Contini, The (Giardino dei Finzi-Contini, Il) (1970)",7,https://image.tmdb.org/t/p/w500/jl7F7vtcO1TufR1U9TcdYlWpH6M.jpg
2171,3.688775510204082,196,3.33416730825067,"Next Stop, Wonderland (1998)","4, 7, 14",https://image.tmdb.org/t/p/w500/ZfbpmpxvQmPvAqWj7l9tuhEnBL.jpg
802,3.496487119437939,427,3.3340007296031082,Phenomenon (1996),"7, 14",https://image.tmdb.org/t/p/w500/5eK1HNf0Kl2vDPOeqf1kX4SKxrw.jpg
1730,3.727272727272727,176,3.333817607715069,Kundun (1997),7,https://image.tmdb.org/t/p/w500/yvdFRDoQIQ5PBk4u8x8gJT8NJAw.jpg
333,3.502439024390244,410,3.3337181604089476,Tommy Boy (1995),4,https://image.tmdb.org/t/p/w500/dTf5qp5Pe3W8VBwWchQR7CKA0X7.jpg
661,3.4647619047619047,525,3.333417173205257,James and the Giant Peach (1996),"2, 3, 12",https://image.tmdb.org/t/p/w500/nl2oB6EbD1fHFuP2TLUHDtqs7Ux.jpg
708,3.434462444771723,679,3.3331713480908736,"Truth About Cats & Dogs, The (1996)","4, 14",https://image.tmdb.org/t/p/w500/iECTzpGdAMrkEeoYvuYsCxdmW2G.jpg
1347,3.4855875831485585,451,3.33314006250402,"Nightmare on Elm Street, A (1984)",10,https://image.tmdb.org/t/p/w500/wGTpGGRMZmyFCcrY2YoxVTIBlli.jpg
514,3.531791907514451,346,3.333121193664338,"Ref, The (1994)",4,https://image.tmdb.org/t/p/w500/ym7Kx3iDmalK8kXKvVQwnFYABEV.jpg
3653,3.791946308724832,149,3.3326941875765455,"Endless Summer, The (1966)",6,https://image.tmdb.org/t/p/w500/hinHiXl8sOGIz2TLIZNpO5rhjND.jpg
1883,3.4352409638554215,664,3.3324519869293106,Bulworth (1998),4,https://image.tmdb.org/t/p/w500/gR9jZ7W2d28aSa2Yimz797VNXRh.jpg
1827,4.0,102,3.3322571783355324,"Big One, The (1997)","4, 6",https://image.tmdb.org/t/p/w500/l5ZPkMdDzeq5qHQwvZMR9KfiwA5.jpg
163,3.4574074074074073,540,3.331840759185502,Desperado (1995),"0, 14, 16",https://image.tmdb.org/t/p/w500/yappcE88lL9LkuTIPge8tCbRGGG.jpg
3450,3.415327564894932,809,3.331668406750728,Grumpy Old Men (1993),4,https://image.tmdb.org/t/p/w500/iMY7yFn4gMvGaQYMGWnyX2QgvHZ.jpg
3204,3.661764705882353,204,3.3313035284263472,"Boys from Brazil, The (1978)",16,https://image.tmdb.org/t/p/w500/w7IZT1HJNmWcEj3Axwlwhya02OX.jpg
2348,3.5526315789473686,304,3.3311774008572765,Sid and Nancy (1986),7,https://image.tmdb.org/t/p/w500/wHzCbMCfipDJ38GW5IyBTWDflMz.jpg
412,3.559322033898305,295,3.3311584614797414,"Age of Innocence, The (1993)",7,https://image.tmdb.org/t/p/w500/8FPPU6mGUzLRzmd5aFG1kK0CCQs.jpg
266,3.425531914893617,705,3.3306182250163787,Legends of the Fall (1994),"7, 14, 18, 19",https://image.tmdb.org/t/p/w500/t1KPGlW0UGd0m515LPQmk2F4nu1.jpg
2852,3.7378048780487805,164,3.3304665291393345,"Soldier's Story, A (1984)",7,https://image.tmdb.org/t/p/w500/iqttzl9f5eXiD3qMAOM4ylVbqTv.jpg
1047,3.4838709677419355,434,3.3302723195410358,"Long Kiss Goodnight, The (1996)","0, 16",https://image.tmdb.org/t/p/w500/yREdXX5lMFUKhTvb0ofI7mzUHlR.jpg
154,3.7261904761904763,168,3.3301079039398274,Belle de jour (1967),7,https://image.tmdb.org/t/p/w500/iUAFECovwPA0cVV9bo4uNGLJSGL.jpg
233,3.6127659574468085,235,3.3299863595500208,Exotica (1994),7,https://image.tmdb.org/t/p/w500/pWcJdcIHjL3P6NaEJKeV6ONfAMV.jpg
2757,3.8222222222222224,135,3.3299847817073394,Frances (1982),7,https://image.tmdb.org/t/p/w500/eyUq8VBgoHncr0cXFTKgg3VPyfi.jpg
1046,4.066666666666666,90,3.329800907609512,Beautiful Thing (1996),"7, 14",https://image.tmdb.org/t/p/w500/Jwhonh2EzmjuLwlvXK12Nh2wcG.jpg
1615,3.6211453744493394,227,3.3296098732733874,"Edge, The (1997)","1, 16",https://image.tmdb.org/t/p/w500/6AtoMpHvs9pxd30KsyK8QmJ9W9M.jpg
3261,3.4825174825174825,429,3.3291081948951193,Singles (1992),"4, 7, 14",https://image.tmdb.org/t/p/w500/4T7OKBdkNBorRKWw7VSeuA225z1.jpg
1069,3.9272727272727272,110,3.3290909395902264,"Murder, My Sweet (1944)","9, 16",https://image.tmdb.org/t/p/w500/tbyzfN1AUKTvzh058L9ZcOpS9Vn.jpg
3608,3.40534262485482,861,3.328998329950327,Pee-wee's Big Adventure (1985),4,https://image.tmdb.org/t/p/w500/414IUXc54mrhX88ZUQiRDLXn01i.jpg
2572,3.422857142857143,700,3.3289764559538266,10 Things I Hate About You (1999),"4, 14",https://image.tmdb.org/t/p/w500/ujERk3aKABXU3NDXOAxEQYTHe9A.jpg
2583,3.608510638297872,235,3.3289495529144584,Cookie's Fortune (1999),13,https://image.tmdb.org/t/p/w500/tskbsm57aWqU4wsf8sX4ClM77Kf.jpg
112,3.443859649122807,570,3.328797109492878,Rumble in the Bronx (1995),"0, 1, 5",https://image.tmdb.org/t/p/w500/1nAfchiXHQB3iyhK8fCJJEnNs5A.jpg
3812,3.557894736842105,285,3.328508470957117,Everything You Always Wanted to Know About Sex (1972),4,https://image.tmdb.org/t/p/w500/A1ZNhNd8FV8kCW39OeDelokT0tv.jpg
3925,3.8548387096774195,124,3.328379430329227,Stranger Than Paradise (1984),4,https://image.tmdb.org/t/p/w500/a6UvfMk1vWiX2eQgWOlAqIqlCV8.jpg
3020,3.4522900763358777,524,3.328098798393295,Falling Down (1993),"0, 7",https://image.tmdb.org/t/p/w500/7ujqyF96Zg3rfrsh9M0cEF0Yzqj.jpg
2212,3.8359375,128,3.32801381199533,"Man Who Knew Too Much, The (1934)",16,https://image.tmdb.org/t/p/w500/gy8YBRjCQRIT9x9G9F5fpnFD4xw.jpg
3186,3.4779582366589326,431,3.3276793139043472,"Girl, Interrupted (1999)",7,https://image.tmdb.org/t/p/w500/dOBdatHIVppvmRFw2z7bf9VKJr9.jpg
3038,4.202702702702703,74,3.327656308383317,"Face in the Crowd, A (1957)",7,https://image.tmdb.org/t/p/w500/bjPvs6MY6Rv0DIiJ9rgx2TMEkAk.jpg
2682,4.056818181818182,88,3.3269380352122266,Limbo (1999),7,https://image.tmdb.org/t/p/w500/gyqfrAaNMXGfZFQ8NoByUEdiN5Q.jpg
2069,3.7857142857142856,140,3.3269371406394423,"Trip to Bountiful, The (1985)",7,https://image.tmdb.org/t/p/w500/b92ktkXFciUPZdugRT6u87FbtC6.jpg
986,3.603448275862069,232,3.3268557917691055,Fly Away Home (1996),"1, 3",https://image.tmdb.org/t/p/w500/obcQJkZB2OsRxd5GWIcQ5Qjv4YW.jpg
1295,3.5676691729323307,266,3.32674218361225,"Unbearable Lightness of Being, The (1988)",7,https://image.tmdb.org/t/p/w500/g1kPEwATsCI8DnGx6ViAhUVKQSI.jpg
1597,3.405672009864365,811,3.32669382913729,Conspiracy Theory (1997),"0, 13, 14, 16",https://image.tmdb.org/t/p/w500/wj0n6gci4EMWRhV9ozCKTgESGdB.jpg
2463,3.4610526315789474,475,3.326502153413031,Ruthless People (1986),4,https://image.tmdb.org/t/p/w500/fA3f8bsXoVbIALq4EdiAwptF1ws.jpg
3700,3.5853658536585367,246,3.3262653447319277,"Brother from Another Planet, The (1984)","7, 15",https://image.tmdb.org/t/p/w500/woSsOJmx8lBD14wA4Jlmf4DrJXc.jpg
1057,3.5583941605839415,274,3.32613038742999,Everyone Says I Love You (1996),"4, 12, 14",https://image.tmdb.org/t/p/w500/cFOZ4bNbWtnIIboc43M86yhwPBX.jpg
1916,3.505649717514124,354,3.3260469255062257,Buffalo 66 (1998),"0, 4, 7",https://image.tmdb.org/t/p/w500/fxzXFzbSGNA52NHQCMqQiwzMIQw.jpg
1966,3.6464646464646466,198,3.3258995620334177,Metropolitan (1990),4,https://image.tmdb.org/t/p/w500/w9Pgp72Hzjo6Y53DWST4BZ8GDEH.jpg
2310,3.798507462686567,134,3.3257346193236774,"Mighty, The (1998)",7,https://image.tmdb.org/t/p/w500/hmqR1ic1VSxhETjObl1EhGW0AJb.jpg
3181,3.7116564417177913,163,3.3252345588638597,Titus (1999),7,https://image.tmdb.org/t/p/w500/82mCeQoeT2C7h7vR6Ot9MQotE1R.jpg
3747,3.75,148,3.3250961182746384,Jesus' Son (1999),7,https://image.tmdb.org/t/p/w500/A2lVDbF1oTuCMlh69vLnqugWEAM.jpg
448,3.6008771929824563,228,3.3250880875049558,Fearless (1993),7,https://image.tmdb.org/t/p/w500/5oQJ6HeNGWnEtP9Qyt5IZjuKI7j.jpg
907,3.9238095238095236,105,3.325071112985015,"Gay Divorcee, The (1934)","4, 12, 14",https://image.tmdb.org/t/p/w500/8kTPsctFZVLktaZbCN7isYFfb4T.jpg
456,4.0,93,3.324950569952578,Fresh (1994),7,https://image.tmdb.org/t/p/w500/uXRIIUzjDZZdWR2cUzPJ9eAqaHv.jpg
123,3.869565217391304,115,3.3247742377572473,Chungking Express (1994),"7, 13, 14",https://image.tmdb.org/t/p/w500/43I9DcNoCzpyzK8JCkJYpHqHqGG.jpg
1013,3.565891472868217,258,3.3243259177579696,"Parent Trap, The (1961)","3, 7",https://image.tmdb.org/t/p/w500/jaZFWy6ZAvQoMW2mo9xP5gx4URo.jpg
2970,3.9591836734693877,98,3.3241955816144957,Fitzcarraldo (1982),"1, 7",https://image.tmdb.org/t/p/w500/oBCnYEKcg1rMhr5JjDnrRpilvDd.jpg
326,4.344262295081967,61,3.324189555706509,To Live (Huozhe) (1994),7,https://image.tmdb.org/t/p/w500/w0MXP33x1bq48TDC7IaNqQ8nxcc.jpg
2883,3.5487364620938626,277,3.3241647727630355,Mumford (1999),4,https://image.tmdb.org/t/p/w500/a2uqenG3BZICDrcrr49IZwoHA8Y.jpg
2527,3.4213836477987423,636,3.323890035727569,Westworld (1973),"0, 15, 16, 19",https://image.tmdb.org/t/p/w500/qNt29HzxwZ4jGTgSRxdA34ino9Q.jpg
2282,3.518987341772152,316,3.3235503049124775,Pecker (1998),"4, 7",https://image.tmdb.org/t/p/w500/ox6Myr2r36zr7aqnisQGZp2EW33.jpg
3398,3.504398826979472,341,3.3234673926071885,"Muppets Take Manhattan, The (1984)","3, 4",https://image.tmdb.org/t/p/w500/lxOQEr3wOrDEy0VINfSoEZlIYEO.jpg
978,3.94,100,3.323413916559367,"Blue Angel, The (Blaue Engel, Der) (1930)",7,https://image.tmdb.org/t/p/w500/khz2rKLAPDVu9auJt1sR1HO9SCG.jpg
1290,3.591304347826087,230,3.3233682582449138,Some Kind of Wonderful (1987),"7, 14",https://image.tmdb.org/t/p/w500/6z6ZUrwbAJl9Nq43OY77O7iY80x.jpg
2099,3.6018099547511313,221,3.3232739019316098,Song of the South (1946),"1, 2, 3, 12",https://image.tmdb.org/t/p/w500/lFlWpfcw8TCmZ88jw6e943vEbtu.jpg
507,3.522727272727273,308,3.3231535843720437,"Perfect World, A (1993)","0, 7",https://image.tmdb.org/t/p/w500/1II9kMjOuho3pnEvxkpx7e3ozOO.jpg
3809,3.397796817625459,817,3.322839860191397,What About Bob? (1991),4,https://image.tmdb.org/t/p/w500/pFCrGGGhV5xeAdvEysv6aSv8T13.jpg
334,3.8596491228070176,114,3.322788196545341,Vanya on 42nd Street (1994),7,https://image.tmdb.org/t/p/w500/sYkkHsqXyUcFoLbXt4WNwnRRpT1.jpg
3028,3.762589928057554,139,3.3227079375774267,"Taming of the Shrew, The (1967)",4,https://image.tmdb.org/t/p/w500/rIdH9Tmvl6Y2mgS0eYdcpYKxEFg.jpg
2427,3.398505603985056,803,3.322526488604238,"Thin Red Line, The (1998)","0, 7, 18",https://image.tmdb.org/t/p/w500/seMydAaoxQP6F0xbE1jOcTmn5Jr.jpg
670,4.410714285714286,56,3.322433919523864,"World of Apu, The (Apur Sansar) (1959)",7,https://image.tmdb.org/t/p/w500/6Tz1Q69o2n3Zwb0ZffzPL0nFt2T.jpg
3501,3.546468401486989,269,3.321754475499244,Murphy's Romance (1985),"4, 14",https://image.tmdb.org/t/p/w500/hCl1X4Fh8LTQV283AJ5sKUanxV7.jpg
2609,4.223880597014926,67,3.3217474498254806,"King of Masks, The (Bian Lian) (1996)",7,https://image.tmdb.org/t/p/w500/w3fOMjcR74WdZlYOyug6Q7H1XmU.jpg
3538,3.664772727272727,176,3.3216696231761405,East is East (1999),4,https://image.tmdb.org/t/p/w500/tDchJ4mB23vGgwdQCmq9FCQ4W23.jpg
1085,3.7786259541984735,131,3.3210596673863972,"Old Man and the Sea, The (1958)","1, 7",https://image.tmdb.org/t/p/w500/6Q34dJL6m1vdzAr0jDDKDmNL52e.jpg
1441,3.444906444906445,481,3.3207532786336187,Benny & Joon (1993),"4, 14",https://image.tmdb.org/t/p/w500/7g7qYdUN9wDXJGIOj6U67RPIBHO.jpg
3379,3.9473684210526314,95,3.3205237644463255,On the Beach (1959),7,https://image.tmdb.org/t/p/w500/nDua3IliCFaiHURwR1d5oIceNK9.jpg
1093,3.4073529411764705,680,3.32016448654558,"Doors, The (1991)","7, 12",https://image.tmdb.org/t/p/w500/uCDPV0QtbQkKILMzQlCUd7kDnjX.jpg
3096,3.956989247311828,93,3.3200873480680793,My Man Godfrey (1957),4,https://image.tmdb.org/t/p/w500/wtfOW7fIxBZWY78rvUoPpWhMSiR.jpg
3679,4.274193548387097,62,3.319989695244466,"Decline of Western Civilization, The (1981)",6,https://image.tmdb.org/t/p/w500/36YfDJQKZfoCn5NLJ7mcrekE511.jpg
2654,3.7611940298507465,134,3.319944231367684,"Wolf Man, The (1941)",10,https://image.tmdb.org/t/p/w500/vG8fu5syTtQLzK1hQXyi3ugOPNF.jpg
1161,3.9468085106382977,94,3.319698656692162,"Tin Drum, The (Blechtrommel, Die) (1979)",7,https://image.tmdb.org/t/p/w500/tm408GMyQqfqFJ7MKCkwc5uQ3wi.jpg
1082,3.7012987012987013,154,3.3194927490503625,"Candidate, The (1972)",7,https://image.tmdb.org/t/p/w500/j0L0xEFawqZJE8Ik3JRKqKL3mLH.jpg
2112,3.4884393063583814,346,3.319174192269638,Grand Canyon (1991),"5, 7",https://image.tmdb.org/t/p/w500/gpqLukoUXAXkyMZ0jPSuAbWf5Nx.jpg
2236,3.608910891089109,202,3.319132414155658,Simon Birch (1998),7,https://image.tmdb.org/t/p/w500/vRJcV9l3tLFoUWZel9RikS3nfJ6.jpg
1587,3.4213286713286712,572,3.3190717201582753,Conan the Barbarian (1982),"0, 1",https://image.tmdb.org/t/p/w500/vR6PzXsOfewD1kei8gMbepvwWC6.jpg
363,4.258064516129032,62,3.318726271365755,"Wonderful, Horrible Life of Leni Riefenstahl, The (Die Macht der Bilder) (1993)",6,https://image.tmdb.org/t/p/w500/pZnBH4ZJnHcVFgeuK81w2tcHvRD.jpg
1788,3.956043956043956,91,3.31843003508348,Men With Guns (1997),"0, 7",https://image.tmdb.org/t/p/w500/qPDXDeubQVDHGxwV3Jnc3yBUefl.jpg
3524,3.4269662921348316,534,3.3183789820229483,Arthur (1981),"4, 14",https://image.tmdb.org/t/p/w500/m8yOFRDVZPxtsr4D2hVdzls6q6t.jpg
2439,3.611111111111111,198,3.318352392222097,Affliction (1997),7,https://image.tmdb.org/t/p/w500/hNu8ePwoRyXDQxhLY4iurCVXAQs.jpg
329,3.3767676767676766,990,3.3182738259877844,Star Trek: Generations (1994),"0, 1, 15",https://image.tmdb.org/t/p/w500/gh0ZZRwSmlzEZTIZee3ZCN9Jssx.jpg
3727,3.7094594594594597,148,3.3182585114370315,Near Dark (1987),"4, 10",https://image.tmdb.org/t/p/w500/hVhFNn3IQxxARvnpLIKMx8ZfTtG.jpg
45,3.4246323529411766,544,3.318234663357672,To Die For (1995),"4, 7",https://image.tmdb.org/t/p/w500/oRPY8FJtA7XllfnSKyZHlpGZlM5.jpg
199,3.8119658119658117,117,3.318100228926161,"Umbrellas of Cherbourg, The (Parapluies de Cherbourg, Les) (1964)","7, 12",https://image.tmdb.org/t/p/w500/tAgTf64XKK5ir7w5C7dnB53jWWG.jpg
1305,3.793388429752066,121,3.3177799456625463,"Paris, Texas (1984)",7,https://image.tmdb.org/t/p/w500/mYYdCi54E2xVbUxCr03tMookv9Z.jpg
3591,3.4076433121019107,628,3.3169590009473264,Mr. Mom (1983),"4, 7",https://image.tmdb.org/t/p/w500/QuTlgKKykL7j0PnZZd3LNFVhCX.jpg
3740,3.414383561643836,584,3.3169180386646326,Big Trouble in Little China (1986),"0, 4",https://image.tmdb.org/t/p/w500/aeGy6SZua7eFXEZP9zAvrLkkbI2.jpg
1378,3.4181494661921707,562,3.316896510867979,Young Guns (1988),"0, 4, 19",https://image.tmdb.org/t/p/w500/stvh1A3mj8NYyczE7RvwdtDRCo2.jpg
901,3.6436781609195403,174,3.3168476411577146,Funny Face (1957),"4, 12",https://image.tmdb.org/t/p/w500/7yFRrAAClKMycrOB4500hqQEx53.jpg
948,3.753846153846154,130,3.3167793412286155,Giant (1956),7,https://image.tmdb.org/t/p/w500/oQ1Arue52pFLSvvwfcNTy16hTCG.jpg
938,3.620320855614973,187,3.31671777827168,Gigi (1958),12,https://image.tmdb.org/t/p/w500/v4jPy20pdYIFiqtsNvrek7l6ALl.jpg
1688,3.5032894736842106,304,3.3166636127585827,Anastasia (1997),"2, 3, 12",https://image.tmdb.org/t/p/w500/26wHOXNt4XNn2lYT8i8pWx1JOP0.jpg
3224,4.0519480519480515,77,3.3165180952089215,Woman in the Dunes (Suna no onna) (1964),7,https://image.tmdb.org/t/p/w500/f0JpsMQ9oEjKBD66Ky3qK3z7LGT.jpg
1162,3.90625,96,3.316501324998177,"Ruling Class, The (1972)",4,https://image.tmdb.org/t/p/w500/29EZjwr3jDFWtdj9Lpq2BtCvKga.jpg
3213,3.560344827586207,232,3.316455375752465,Batman: Mask of the Phantasm (1993),"2, 3",https://image.tmdb.org/t/p/w500/hT4ehUteagUrhUOHAtmYiY7mp5l.jpg
1034,3.6449704142011834,169,3.3152719463394495,Freeway (1996),5,https://image.tmdb.org/t/p/w500/cxv8MRnpAhd4izS0yHHeQPgn6FR.jpg
927,3.9761904761904763,84,3.315023778470799,"Women, The (1939)",4,https://image.tmdb.org/t/p/w500/6tF9HfLwTwf0kCbeZOGeXvuu36S.jpg
3082,3.379350348027842,862,3.314968170773481,"World Is Not Enough, The (1999)","0, 16",https://image.tmdb.org/t/p/w500/wCb2msgoZPK01WIqry24M4xsM73.jpg
1941,3.8053097345132745,113,3.3148627225946528,Hamlet (1948),7,https://image.tmdb.org/t/p/w500/yL1rYMHlqZtZVESxEWLsaneXq86.jpg
2134,3.4235294117647057,510,3.3148623185042316,Weird Science (1985),4,https://image.tmdb.org/t/p/w500/jaEauZd2joSAKn42D83gm3S0y3F.jpg
2424,3.380668257756563,838,3.3146869816816555,You've Got Mail (1998),"4, 14",https://image.tmdb.org/t/p/w500/e2uVtH6TpMfUl7WeOM70ezkcjsU.jpg
2022,3.531496062992126,254,3.3144604410635434,"Last Temptation of Christ, The (1988)",7,https://image.tmdb.org/t/p/w500/7L4qwrC1mipZXJfU5oRgQWChLv1.jpg
2967,3.748031496062992,127,3.3143862741225862,"Bad Seed, The (1956)","7, 16",https://image.tmdb.org/t/p/w500/1m10QitDjpbZgFP1syXgVOv2pH7.jpg
1545,4.068493150684931,73,3.3143574377395577,Ponette (1996),7,https://image.tmdb.org/t/p/w500/8R9DEGsD1DYKwCVeOuLjDIhAK5T.jpg
2983,3.9876543209876543,81,3.313722200846385,"Ipcress File, The (1965)",16,https://image.tmdb.org/t/p/w500/iCNRK7NVhBvNpiyMRmCpTBFNoLO.jpg
1268,3.4858044164037856,317,3.3136854694562783,Pump Up the Volume (1990),7,https://image.tmdb.org/t/p/w500/s1SyKrARJG2R7FyS4zkNdaekLAW.jpg
280,3.5707547169811322,212,3.313618527653739,Murder in the First (1995),"7, 16",https://image.tmdb.org/t/p/w500/sU37ONoL9qUyYXUhubJSYH9tEoc.jpg
2969,3.912087912087912,91,3.3135549589104145,"Man and a Woman, A (Un Homme et une Femme) (1966)","7, 14",https://image.tmdb.org/t/p/w500/kaV8LzIfnINjs4ReJcEH2GtZeD9.jpg
861,3.5128205128205128,273,3.3134881234773017,Supercop (1992),"0, 16",https://image.tmdb.org/t/p/w500/wYGXe2BRIyNX2z7Y6UdQoiw8yfk.jpg
1542,3.542016806722689,238,3.3134592700630443,Brassed Off (1996),"4, 7, 14",https://image.tmdb.org/t/p/w500/q3NvEprPxGFrAAJ8AUsd0uZ4MET.jpg
3094,3.8514851485148514,101,3.3133917444744068,Maurice (1987),"7, 14",https://image.tmdb.org/t/p/w500/5Qc7jDFHAcOfZMs7fkdLIPwSlCI.jpg
1934,4.012987012987013,77,3.3127983183955303,You Can't Take It With You (1938),4,https://image.tmdb.org/t/p/w500/9JltqbDyWstYW6gnvqDO6L5bOrx.jpg
2870,3.5906735751295336,193,3.3124898035620545,Barefoot in the Park (1967),4,https://image.tmdb.org/t/p/w500/qh64tAOmbQNoYMLTETkhmBQgSbu.jpg
3770,3.470414201183432,338,3.312198448511471,Dreamscape (1984),"1, 5, 15, 16",https://image.tmdb.org/t/p/w500/gRLhwWhXS9asnE4c1mt84t1iEER.jpg
1031,3.479623824451411,319,3.3121333750939392,Bedknobs and Broomsticks (1971),"1, 3, 12",https://image.tmdb.org/t/p/w500/1BBzsThIZ06UmjZ3rChYGZhJtFQ.jpg
2015,3.4526315789473685,380,3.3120972003479,"Absent Minded Professor, The (1961)","3, 4, 8",https://image.tmdb.org/t/p/w500/gCnuDDqoyaBdeeItQ4BjKtYpzF6.jpg
3167,3.6325301204819276,166,3.311861355428247,Carnal Knowledge (1971),7,https://image.tmdb.org/t/p/w500/kwUOsLDIPuKhrtWeUmpR4dZ3MYu.jpg
3872,3.8333333333333335,102,3.3118121993818344,"Suddenly, Last Summer (1959)",7,https://image.tmdb.org/t/p/w500/igma0zn9J5srRvOMDRnxyUDQXJL.jpg
3266,3.655844155844156,154,3.3115697156604362,Man Bites Dog (C'est arrivé près de chez vous) (1992),"0, 4, 5, 7",https://image.tmdb.org/t/p/w500/uRVI98a6MxdLkpsXM8LqIM9W7XZ.jpg
3633,3.461756373937677,353,3.3115675231279402,On Her Majesty's Secret Service (1969),0,https://image.tmdb.org/t/p/w500/m3KfbxvqaiAvRJ6MpguA3GuLdDQ.jpg
2245,3.414396887159533,514,3.311436947153997,Working Girl (1988),"4, 7",https://image.tmdb.org/t/p/w500/jKgZVDZRGiOC71It9vgzZtmmHDb.jpg
2607,4.088235294117647,68,3.311312656784947,Get Real (1998),7,https://image.tmdb.org/t/p/w500/k7KCBnt1VXFhPjoTSt4MePr1MpI.jpg
3078,3.6516129032258067,155,3.311217460470317,Liberty Heights (1999),7,https://image.tmdb.org/t/p/w500/pFcUURqmwvvyq0eFzvDun8daPMX.jpg
1940,3.89010989010989,91,3.311117420823882,Gentleman's Agreement (1947),7,https://image.tmdb.org/t/p/w500/aCCRbcmigPk00f34hpJuWZuvABo.jpg
2420,3.417849898580122,493,3.3110608129128796,"Karate Kid, The (1984)",7,https://image.tmdb.org/t/p/w500/k0OwgRR6PNu7h3SiqpCbRdZWNaG.jpg
2925,4.228070175438597,57,3.310580856689123,"Conformist, The (Il Conformista) (1970)",7,https://image.tmdb.org/t/p/w500/nLJjFRqIJAK8qz0OKYnpKCblZNK.jpg
3760,3.481967213114754,305,3.3105576063663555,"Kentucky Fried Movie, The (1977)",4,https://image.tmdb.org/t/p/w500/qk0iXBQgP6b4xfS2bIUNBSENJAn.jpg
1900,4.163934426229508,61,3.310274312189747,"Children of Heaven, The (Bacheha-Ye Aseman) (1997)",7,https://image.tmdb.org/t/p/w500/jWqh1CJWAEcxckMRrf6ARhIEh0R.jpg
3466,3.547945205479452,219,3.310249703517127,Heart and Souls (1993),"4, 8",https://image.tmdb.org/t/p/w500/ik6GtJXMoq5tA581IMeBHr7Wocf.jpg
2539,3.3944805194805197,616,3.3101240013273845,Analyze This (1999),4,https://image.tmdb.org/t/p/w500/eqa4TEgkx63WRhqyD8eTwmL7bUi.jpg
2474,3.4606413994169096,343,3.3098105769566386,"Color of Money, The (1986)",7,https://image.tmdb.org/t/p/w500/dVdnHmdQu3JtLAAksjTmTEF76gD.jpg
3169,3.513833992094862,253,3.3096914440569924,"Falcon and the Snowman, The (1984)",7,https://image.tmdb.org/t/p/w500/oDeaorrKpjzYgH1c9ePoJ3x9qvw.jpg
3032,3.5401785714285716,224,3.3096715718783383,"Omega Man, The (1971)",15,https://image.tmdb.org/t/p/w500/qlt65C43HeoDm5K5gYBtT20OeA1.jpg
1187,3.6598639455782314,147,3.3094944024940043,Passion Fish (1992),7,https://image.tmdb.org/t/p/w500/g60GELLr2oGnlJX5Yidkl9ufFYv.jpg
668,4.404255319148936,47,3.3094292901300646,Pather Panchali (1955),7,https://image.tmdb.org/t/p/w500/frZj5djlU9hFEjMcL21RJZVuG5O.jpg
543,3.3841642228739004,682,3.309083842568895,So I Married an Axe Murderer (1993),"4, 14, 16",https://image.tmdb.org/t/p/w500/nBvz8zE0uxMSQXWhMlyBoreDFiW.jpg
2311,3.4170212765957446,470,3.3086884900258404,2010 (1984),"13, 15",https://image.tmdb.org/t/p/w500/mEWKXuCMv7mFMxXVSTI3v8UOQuq.jpg
299,3.664335664335664,143,3.308621024396556,Priest (1994),7,https://image.tmdb.org/t/p/w500/fYHiA7LPGl9DG7m3DUs0Td1VMcO.jpg
82,3.8764044943820224,89,3.308212393141106,Antonia's Line (Antonia) (1995),7,https://image.tmdb.org/t/p/w500/nUCVi6bBIL7LGC61nYaCqikAhIA.jpg
2349,3.6107784431137726,167,3.308167143096481,Mona Lisa (1986),"4, 16",https://image.tmdb.org/t/p/w500/geBGfbhkgKHld8rM9XuLfzPGZ6I.jpg
230,3.4527220630372493,349,3.308087013246171,Dolores Claiborne (1994),"7, 16",https://image.tmdb.org/t/p/w500/3RlG7uhJEqc5Ws2PIpNok0LuJ1I.jpg
973,3.9146341463414633,82,3.3071741759531674,Meet John Doe (1941),7,https://image.tmdb.org/t/p/w500/dnBZbFE2OGlTGNGBVTn6t83tJtd.jpg
3070,3.3878887070376433,611,3.3068048070018614,"Adventures of Buckaroo Bonzai Across the 8th Dimension, The (1984)","1, 4, 15",
3480,3.6258064516129034,155,3.306695131470882,Lucas (1986),7,https://image.tmdb.org/t/p/w500/idewOpLosMvt2S0sCzcqoHhY8zk.jpg
615,4.044776119402985,67,3.3066815364544824,Bread and Chocolate (Pane e cioccolata) (1973),7,https://image.tmdb.org/t/p/w500/24D3e6xBPEvqlFoq4tSMVqVQ3TO.jpg
2141,3.4282178217821784,404,3.3063712781526204,"American Tail, An (1986)","2, 3, 4",https://image.tmdb.org/t/p/w500/k4aLupAkHWwHiEDwvqsZFAnUYF.jpg
1484,3.7016129032258065,124,3.3061181532349093,"Daytrippers, The (1996)",13,https://image.tmdb.org/t/p/w500/bDmconT9Fj0dnXdV5LaGAxXrVFN.jpg
2518,3.4727891156462585,294,3.306078987577914,Night Shift (1982),4,https://image.tmdb.org/t/p/w500/9IqVWHddRBrlQQshIIeckEzEayI.jpg
3330,3.759259259259259,108,3.305996231386263,Splendor in the Grass (1961),7,https://image.tmdb.org/t/p/w500/n6Kw8Ui93SMhrk1MupCFwUg04vq.jpg
1414,3.5952380952380953,168,3.305595369120886,Mother (1996),4,https://image.tmdb.org/t/p/w500/fjny9chXPx69ln1LMJxbwi5yHMt.jpg
2105,3.3556701030927836,970,3.3055438916069404,Tron (1982),"0, 1, 8, 15",https://image.tmdb.org/t/p/w500/zwSFEczP7AzqugAHHIX3zHniT0t.jpg
2240,3.508403361344538,238,3.305190536212915,My Bodyguard (1980),7,https://image.tmdb.org/t/p/w500/agk3tSS6OLiSdyrieDhPpuQ7CEZ.jpg
7,3.410480349344978,458,3.305071026346101,Sabrina (1995),"4, 14",https://image.tmdb.org/t/p/w500/8vvgKw3DbEPNlJAdHe7xXzhb2gN.jpg
3604,3.69672131147541,122,3.3044883661608866,Gypsy (1962),12,https://image.tmdb.org/t/p/w500/2VTBGuUojvyVWeFEFVxBWkMS78l.jpg
3755,3.351431391905232,1013,3.3043166965773283,"Perfect Storm, The (2000)","0, 1, 16",https://image.tmdb.org/t/p/w500/vJPoxqgpfFNbGi0HyoNsjFeLCio.jpg
3357,3.766990291262136,103,3.30423044298618,East-West (Est-ouest) (1999),"7, 14",https://image.tmdb.org/t/p/w500/sbWP9gbZUPcmuQWZbrUXvNmIsWP.jpg
1660,3.569832402234637,179,3.3040966910137533,Eve's Bayou (1997),7,https://image.tmdb.org/t/p/w500/33yTPcGSv7eo3FVlb7XKACHl1M8.jpg
944,3.7938144329896906,97,3.304019169735021,Lost Horizon (1937),7,https://image.tmdb.org/t/p/w500/dxoj6UaES6DUWE6ZWddPXEIZi4C.jpg
2488,3.8588235294117648,85,3.303587285188453,Peeping Tom (1960),"7, 10, 16",https://image.tmdb.org/t/p/w500/1MR6IikynJ2gmkaxj3MehFf8fEn.jpg
3406,3.7523809523809524,105,3.303501310708203,Captain Horatio Hornblower (1951),"0, 1, 18",https://image.tmdb.org/t/p/w500/oielnqLw4gVpaJDN6QTOapCqRXf.jpg
3859,3.8780487804878048,82,3.3034773182821877,"Eyes of Tammy Faye, The (2000)",6,https://image.tmdb.org/t/p/w500/h09nsvxZH72zx2U8gS8vrg47aRk.jpg
1936,3.8780487804878048,82,3.3034773182821877,Mrs. Miniver (1942),"7, 18",https://image.tmdb.org/t/p/w500/fjPjx6FTaoTussbqoLj6OYTtUyi.jpg
759,4.101694915254237,59,3.303451926171205,Maya Lin: A Strong Clear Vision (1994),6,https://image.tmdb.org/t/p/w500/fqYvHdWNV84yF7zPV3ENHOZ2Jow.jpg
3075,3.9855072463768115,69,3.303408696037564,Repulsion (1965),16,https://image.tmdb.org/t/p/w500/dtyCKEPLqv9wxyVazL4b843vtUb.jpg
3936,3.7232142857142856,112,3.3033533497159775,"Phantom of the Opera, The (1943)","7, 16",https://image.tmdb.org/t/p/w500/8VnV9sJXbMPS1MRHAxsfl6zNP5C.jpg
3005,3.3765625,640,3.3032288015961995,"Bone Collector, The (1999)",16,https://image.tmdb.org/t/p/w500/7atMCqRaDpAOnGsteTRm17zmvN3.jpg
1375,3.353829557713053,927,3.3032127037645607,Star Trek III: The Search for Spock (1984),"0, 1, 15",https://image.tmdb.org/t/p/w500/yqEj0oPfKBMCz7YcCARHDgH7VFm.jpg
2011,3.3436960276338517,1158,3.3031903808137724,Back to the Future Part II (1989),"4, 15",https://image.tmdb.org/t/p/w500/YBawEsTkUZBDajKbd5LiHkmMGf.jpg
1059,3.4008350730688934,479,3.3030797217923005,William Shakespeare's Romeo and Juliet (1996),"7, 14",https://image.tmdb.org/t/p/w500/uOzwxrjRANIbZ5bhPNHAo0Aetyg.jpg
2669,3.7383177570093458,107,3.302775665016133,Pork Chop Hill (1959),18,https://image.tmdb.org/t/p/w500/88LF3thfIx1BDqa5aErseoFXz58.jpg
2972,4.015384615384615,65,3.30241893491,Red Sorghum (Hong Gao Liang) (1987),"7, 18",https://image.tmdb.org/t/p/w500/2CP2eazEBKJ3njm4HM63pMfs5tW.jpg
350,3.392233009708738,515,3.3023478053724347,"Client, The (1994)","7, 13, 16",https://image.tmdb.org/t/p/w500/oUhZzMpHAMgdRgLbsvBIqhY7fKe.jpg
2511,3.8658536585365852,82,3.3022450323918613,"Long Goodbye, The (1973)",5,https://image.tmdb.org/t/p/w500/5zm4nFdAx3G2YADXnJNGU0LZMWl.jpg
3301,3.3787375415282392,602,3.3021192968726965,"Whole Nine Yards, The (2000)","4, 5",https://image.tmdb.org/t/p/w500/rDV7ntPLY0ZDBT722Odsi80nFrn.jpg
2204,3.8202247191011236,89,3.302103657649353,Saboteur (1942),16,https://image.tmdb.org/t/p/w500/iDKOOTymUZg0WAWPcbdP6nPZEFF.jpg
3011,3.610738255033557,149,3.3019599815435345,"They Shoot Horses, Don't They? (1969)",7,https://image.tmdb.org/t/p/w500/7wVLBgriOQpT5RrufAFCdCSUp7M.jpg
3706,3.404017857142857,448,3.301717064786408,Angel Heart (1987),"9, 13, 16",https://image.tmdb.org/t/p/w500/h5v3wjJQNB7q2RntEnKDLhKtTFE.jpg
1619,3.4281767955801103,362,3.301669119364173,Seven Years in Tibet (1997),"7, 18",https://image.tmdb.org/t/p/w500/5euQXAgJ34TdUFl1t3O6Jw2lJAs.jpg
1184,3.802197802197802,91,3.3013672684777515,Mediterraneo (1991),"4, 18",https://image.tmdb.org/t/p/w500/qcSllnawrz4VfnkSx5yanr7kSn2.jpg
2145,3.3665223665223665,693,3.301069837459399,Pretty in Pink (1986),"4, 7, 14",https://image.tmdb.org/t/p/w500/jeFJyzJBufJexpOuywuPp8q2tCJ.jpg
929,3.78494623655914,93,3.3006344605300857,Foreign Correspondent (1940),16,https://image.tmdb.org/t/p/w500/n0WX6eIdIliKB66MI2MWZ3wHsoJ.jpg
190,3.75,100,3.3005085518818507,Safe (1995),16,https://image.tmdb.org/t/p/w500/kOCpkoMUVae9UIf85gO71SyjLbW.jpg
3622,3.8333333333333335,84,3.3002727028715366,"Twelve Chairs, The (1970)",4,https://image.tmdb.org/t/p/w500/znnyXQw7gnAKu0hCexsqySwhWfI.jpg
897,3.7551020408163267,98,3.3000263973244657,For Whom the Bell Tolls (1943),"1, 18",https://image.tmdb.org/t/p/w500/4GuMovYLNkugU945CNsfwzmYfts.jpg
3185,3.4120603015075375,398,3.3000193736461156,Snow Falling on Cedars (1999),7,https://image.tmdb.org/t/p/w500/h1CujbeKvwkR6LMr4jVuMM0C94X.jpg
2021,3.356147021546261,789,3.2998168217227497,Dune (1984),"8, 15",https://image.tmdb.org/t/p/w500/d5NXSklXo0qyIYkgV94XAgMIckC.jpg
2596,3.618705035971223,139,3.2996797280207195,SLC Punk! (1998),"4, 7",https://image.tmdb.org/t/p/w500/7u3IZPuIOPjICi55K7cJgzV3e3B.jpg
302,3.813953488372093,86,3.299536289130589,Queen Margot (La Reine Margot) (1994),"7, 14",https://image.tmdb.org/t/p/w500/hzOWsUIoxEG9nA3MNqoHoF879ey.jpg
2184,3.598639455782313,147,3.299226290685676,"Trouble with Harry, The (1955)","13, 16",https://image.tmdb.org/t/p/w500/uUXLq7fEG3hI46ZFMZzgHj11S6S.jpg
3745,3.3813084112149534,535,3.2991473655879755,Titan A.E. (2000),"1, 2, 15",https://image.tmdb.org/t/p/w500/el2iHk3LTJWfEnwrvcRkvWY501G.jpg
147,3.541436464088398,181,3.2990355231037842,"Basketball Diaries, The (1995)",7,https://image.tmdb.org/t/p/w500/AhvO1GGDPIgN0hOqZEgaFCbswMK.jpg
3018,3.475806451612903,248,3.298999328681325,Re-Animator (1985),10,https://image.tmdb.org/t/p/w500/7t9PmI65umna8yq0BPU9YoKn62I.jpg
2090,3.4738955823293174,249,3.2986937596177777,"Rescuers, The (1977)","2, 3",https://image.tmdb.org/t/p/w500/4ge2Paneh5pGC5T9E953tjBE50r.jpg
1518,3.42090395480226,354,3.2983588775136092,Breakdown (1997),"0, 16",https://image.tmdb.org/t/p/w500/h6POHvMnoqBVpAFQXCMBoTjru9.jpg
1033,3.4494773519163764,287,3.2983490839016185,"Fox and the Hound, The (1981)","2, 3",https://image.tmdb.org/t/p/w500/uTrVvEtN4Gq7l0Zxd8KRYyiTvm3.jpg
3125,3.515,200,3.2983021450091394,"End of the Affair, The (1999)",7,https://image.tmdb.org/t/p/w500/xTp5cyp6qG0YTdI4AEz4ytjODOQ.jpg
2239,3.7422680412371134,97,3.2979695629594614,Swept Away (Travolti da un insolito destino nell'azzurro mare d'Agosto) (1975),"4, 7",https://image.tmdb.org/t/p/w500/rAa3nTeDpwgLX6XxnT3wR86C5WE.jpg
3613,3.75531914893617,94,3.297840733194894,Things Change (1988),4,https://image.tmdb.org/t/p/w500/xKjGI2AAg5UHaBvVVR7oI865Zth.jpg
941,3.704761904761905,105,3.2975096989646437,"Mark of Zorro, The (1940)",1,https://image.tmdb.org/t/p/w500/gOP81pGR2S80YysRLZfX2x4AOvP.jpg
2725,3.7473684210526317,95,3.2974794951922317,Twin Falls Idaho (1999),7,https://image.tmdb.org/t/p/w500/boBbVY67YhGC4PWuqyQFysP3mN4.jpg
2730,3.5502958579881656,169,3.297464489466884,Barry Lyndon (1975),7,https://image.tmdb.org/t/p/w500/dOJtBSyI30wWc08UmyEKLsu4Rfk.jpg
523,3.658119658119658,117,3.296836200574123,Ruby in Paradise (1993),7,https://image.tmdb.org/t/p/w500/gk0vbIVYwpXxSf1wQbS2r9IsBoV.jpg
2867,3.434640522875817,306,3.2967376569637805,Fright Night (1985),"4, 10",https://image.tmdb.org/t/p/w500/1fqjthlQDW4KHiZeNga4cJ7kdpj.jpg
2393,3.34820322180917,807,3.2963044866814157,Star Trek: Insurrection (1998),"0, 15",https://image.tmdb.org/t/p/w500/xQCMAHeg5M9HpDIqanYbWdr4brB.jpg
2347,3.736842105263158,95,3.2962666389157005,"Pope of Greenwich Village, The (1984)",0,https://image.tmdb.org/t/p/w500/5U0HNeGoJVK3xic7hK9lz89Ki9i.jpg
144,3.392609699769053,433,3.296147822611609,"Brothers McMullen, The (1995)",4,https://image.tmdb.org/t/p/w500/6oWsOJP0ed5gs8n2UywcailoxFN.jpg
3456,3.9384615384615387,65,3.2961256687048395,"Color of Paradise, The (Rang-e Khoda) (1999)",7,https://image.tmdb.org/t/p/w500/rQ1t23NAGJDv9oNfHEAsxhuiAOG.jpg
1306,3.6029411764705883,136,3.296096873236274,Until the End of the World (Bis ans Ende der Welt) (1991),"7, 15",https://image.tmdb.org/t/p/w500/sDpYWgYkBlrVnpySXQNsxVvDAAG.jpg
3827,3.3828451882845187,478,3.295877303342439,Space Cowboys (2000),"0, 15",https://image.tmdb.org/t/p/w500/hPzt1bbA1sUDQOl6Vujmyz2hjLN.jpg
3678,3.7555555555555555,90,3.29563373250274,"Man with the Golden Arm, The (1955)",7,https://image.tmdb.org/t/p/w500/3TUOhZhM5GCYIbxwFO3chpZ0DHx.jpg
2238,3.831168831168831,77,3.295439359933038,Seven Beauties (Pasqualino Settebellezze) (1976),"4, 7",https://image.tmdb.org/t/p/w500/i0ZLApe4mIQWopELhEPxOQziDBh.jpg
1929,3.7857142857142856,84,3.2953556776717825,Grand Hotel (1932),7,https://image.tmdb.org/t/p/w500/g8xrpXJWzz91R4jL8ybMKMValB2.jpg
2097,3.488262910798122,213,3.295248640621746,Something Wicked This Way Comes (1983),"3, 10",https://image.tmdb.org/t/p/w500/94dMO6kAawyFUk0sCDGIjAnchED.jpg
482,3.528409090909091,176,3.2951649296366594,Killing Zoe (1994),16,https://image.tmdb.org/t/p/w500/k3UEKMVnkljOlsO5sLmz87YGlaG.jpg
2594,3.9516129032258065,62,3.29472121767024,Open Your Eyes (Abre los ojos) (1997),"7, 14, 15",
2287,3.4392857142857145,280,3.2944743375789947,Them! (1954),"15, 16, 18",https://image.tmdb.org/t/p/w500/tP352STF6BvSROi8K3CMM799TVo.jpg
2159,3.4794520547945207,219,3.294435259658403,Henry: Portrait of a Serial Killer (1990),"5, 10",https://image.tmdb.org/t/p/w500/diVMzTarVLgjc3jyODyhZMadfwD.jpg
2889,3.4355400696864113,287,3.294414012578451,"Mystery, Alaska (1999)",4,https://image.tmdb.org/t/p/w500/bmg4sjOQswcrP5mPL9YzNom9cXx.jpg
2232,3.467811158798283,233,3.2943084091283064,Cube (1997),"15, 16",https://image.tmdb.org/t/p/w500/iNwm6fpDqQ4WjwhYI8EW6LPklod.jpg
175,3.477272727272727,220,3.2941251645982046,Kids (1995),7,https://image.tmdb.org/t/p/w500/8qV8hUVCUnFIQKewzlhaFWhdszK.jpg
2433,3.3594771241830066,612,3.2939037225389454,"Civil Action, A (1998)",7,https://image.tmdb.org/t/p/w500/2AVF1cjRGOfaB4oteSzxvHiQ3hR.jpg
3155,3.4144144144144146,333,3.293902911798584,Anna and the King (1999),"7, 14",https://image.tmdb.org/t/p/w500/PIlOkljucv7HnvATbn4JwrAvSn.jpg
2721,3.764705882352941,85,3.2937653085156477,Trick (1999),14,https://image.tmdb.org/t/p/w500/vxo4qqrhz61SnAUtlHIbYPzZoBU.jpg
837,3.477064220183486,218,3.293690600301842,Matilda (1996),"3, 4",https://image.tmdb.org/t/p/w500/wYoDpWInsBEVSmWStnRH06ddoyk.jpg
417,3.485576923076923,208,3.2936233000383943,Barcelona (1994),"4, 14",https://image.tmdb.org/t/p/w500/7dgX3naR9EsFMvQhwHY8My6r5FR.jpg
2023,3.3449612403100777,774,3.2934964042474197,"Godfather: Part III, The (1990)","0, 5, 7",https://image.tmdb.org/t/p/w500/lm3pQ2QoQ16pextRsmnUbG2onES.jpg
3250,3.401639344262295,366,3.2932650331227706,Alive (1993),7,https://image.tmdb.org/t/p/w500/uQACcCZqd7WCTRin9xRIW5gr1bd.jpg
2633,3.537037037037037,162,3.2930699313359453,"Mummy, The (1932)","10, 14",https://image.tmdb.org/t/p/w500/rhk41QzLibidKUBE9KbWlW5z1Wf.jpg
991,3.523529411764706,170,3.2926868746926017,Michael Collins (1996),"7, 18",https://image.tmdb.org/t/p/w500/brIBbU6t9glEGAKRTJ4PMj9OiDC.jpg
2929,3.474418604651163,215,3.2925059224838487,Reds (1981),7,https://image.tmdb.org/t/p/w500/3jOs4aWI7XSVIEaF8KMojNre7A7.jpg
1083,3.5304878048780486,164,3.2924139270128654,"Great Race, The (1965)","4, 12",https://image.tmdb.org/t/p/w500/bBPO7IMCSyCOwWrVbRnwzR00SDg.jpg
1194,3.4764150943396226,212,3.292375829831115,Up in Smoke (1978),4,https://image.tmdb.org/t/p/w500/6lJDREsl6uVSnT4IdPUWhI84Xy.jpg
3746,3.8550724637681157,69,3.292137562662486,Butterfly (La Lengua de las Mariposas) (2000),"7, 18",https://image.tmdb.org/t/p/w500/2ZsZPH9FpC5M0ifk2gzTyZYjSER.jpg
3076,3.7096774193548385,93,3.292123822232213,Irma la Douce (1963),4,https://image.tmdb.org/t/p/w500/5TgL8ql6WwXWmX4EvBL4geJ7gx5.jpg
2550,3.5027322404371586,183,3.2918047603134193,"Haunting, The (1963)","10, 16",https://image.tmdb.org/t/p/w500/r6BO6V2Lrh6GvGm9qSf481DUIlR.jpg
3547,3.792207792207792,77,3.291719583119647,Prick Up Your Ears (1987),7,https://image.tmdb.org/t/p/w500/yLrWxmqPqAQFjyefJtYjoaDxGpi.jpg
224,3.3911917098445596,386,3.2915928675804533,Don Juan DeMarco (1995),"4, 7, 14",https://image.tmdb.org/t/p/w500/fe0TuYz9jCKUba2Omj48K8bWJ8z.jpg
2295,3.810810810810811,74,3.291564211308021,"Impostors, The (1998)",4,https://image.tmdb.org/t/p/w500/p5eEqZxIcQsxIN4eKLqutyd5CKF.jpg
14,3.542483660130719,153,3.2915261685960284,Nixon (1995),7,https://image.tmdb.org/t/p/w500/8O2sBYJq0K0EMpw67cU1PjVJ7w3.jpg
2443,3.5952380952380953,126,3.2913756210239566,Playing by Heart (1998),"7, 14",https://image.tmdb.org/t/p/w500/v4hPpijZXdaNRn0WVtckFEs4wHm.jpg
2746,3.3322649572649574,936,3.2913670632158483,Little Shop of Horrors (1986),"4, 10, 12",https://image.tmdb.org/t/p/w500/iKkbN17OmFosaW6asCNZTTsyvpu.jpg
3713,3.7411764705882353,85,3.2913098143474464,"Long Walk Home, The (1990)",7,https://image.tmdb.org/t/p/w500/7T2oVjLHHIDY6FQH9e04oOgPWQa.jpg
627,3.603305785123967,121,3.2907370297307414,"Last Supper, The (1995)","7, 16",https://image.tmdb.org/t/p/w500/aRO7Oy3o6MAZbIiSFw4eYLY5qMp.jpg
2414,3.390501319261214,379,3.290727869901665,Young Sherlock Holmes (1985),"0, 1, 13",https://image.tmdb.org/t/p/w500/aOxVYvQoAfNSns4hW5Ah55GBzgq.jpg
2988,3.638888888888889,108,3.2904738433265615,Melvin and Howard (1980),7,https://image.tmdb.org/t/p/w500/1oN3ZQPyJcSqoj0An39FSD8VFmC.jpg
1754,3.38659793814433,388,3.290176146564649,Fallen (1998),"0, 13, 16",https://image.tmdb.org/t/p/w500/usGCM7wiUQhijEwz39brIaoGlVa.jpg
2891,3.4918918918918918,185,3.2900730932596995,"Happy, Texas (1999)",4,https://image.tmdb.org/t/p/w500/iSEzKwTDQfmlIFJqKia2cSg88KH.jpg
3281,4.040816326530612,49,3.289366530232492,"Brandon Teena Story, The (1998)",6,https://image.tmdb.org/t/p/w500/2VUVDdbInXCTn4X2ViCkIYE33r5.jpg
2436,3.5901639344262297,122,3.2892211905883677,Tea with Mussolini (1999),4,https://image.tmdb.org/t/p/w500/i3rAPxhhDjqsL1rZJM57pyR7xFW.jpg
1339,3.34375,672,3.289170063350692,Bram Stoker's Dracula (1992),"10, 14",https://image.tmdb.org/t/p/w500/scFDS0U5uYAjcVTyjNc7GmcZw1q.jpg
2075,3.740740740740741,81,3.289046074998143,Mephisto (1981),"7, 18",https://image.tmdb.org/t/p/w500/SNJoUTU8PSxQlj3RkrwYGOQPyj.jpg
1758,3.65,100,3.288453096788421,Dangerous Beauty (1998),7,https://image.tmdb.org/t/p/w500/7uHX8qIr8VYPwdpVv4TCjXcVxDo.jpg
1701,3.415492957746479,284,3.288378730918594,Deconstructing Harry (1997),"4, 7",https://image.tmdb.org/t/p/w500/i7Z5DdznqANJUjqWISEFu9bw6J7.jpg
1648,3.4742268041237114,194,3.2883290133037306,"House of Yes, The (1997)","4, 7, 16",https://image.tmdb.org/t/p/w500/qpBAO2pRB2qeHvd8gSY9Jy5ObF.jpg
3404,3.452054794520548,219,3.288109482114913,Titanic (1953),"0, 7",https://image.tmdb.org/t/p/w500/rEPzO9I6LCk6Mxg1X4BsBk6oA3V.jpg
3787,3.857142857142857,63,3.2880401814334324,Shower (Xizhao) (1999),4,https://image.tmdb.org/t/p/w500/3qFjMOzewgx77ABYEb9IP7xnqR8.jpg
361,3.421641791044776,268,3.2879918233443566,It Could Happen to You (1994),"7, 14",https://image.tmdb.org/t/p/w500/6UOaeLDOdwwTMQtbl5YL6EGjqy0.jpg
3676,3.4673366834170856,199,3.2878533589509913,Eraserhead (1977),"7, 10",https://image.tmdb.org/t/p/w500/mxveW3mGVc0DzLdOmtkZsgd7c3B.jpg
2178,3.663157894736842,95,3.287776644979982,Frenzy (1972),16,https://image.tmdb.org/t/p/w500/kkTLgg5BkDFIuiRVESg8rRpsRbh.jpg
3737,4.0,50,3.2877124359024954,Lonely Are the Brave (1962),"7, 19",https://image.tmdb.org/t/p/w500/g6wKfhwGPsKgPI77ZiLhL6argMQ.jpg
1589,3.3597560975609757,492,3.287574166013914,Cop Land (1997),"5, 7, 13",https://image.tmdb.org/t/p/w500/bUXaWZPj7qzXjKc2s3Pwdkhxh2o.jpg
1401,3.506172839506173,162,3.287461406378009,Ghosts of Mississippi (1996),7,https://image.tmdb.org/t/p/w500/gu81MbuLTPbw95xWuDuM7ddcCir.jpg
3599,3.6310679611650487,103,3.2874136261693634,Anchors Aweigh (1945),"4, 12",https://image.tmdb.org/t/p/w500/sUWoYst249F6ctTXymuLktWEzmj.jpg
1759,3.980392156862745,51,3.2873438101037733,Four Days in September (1997),7,https://image.tmdb.org/t/p/w500/zkA5riIdjtanpSoTNh3icKNjACZ.jpg
2617,3.3217477656405165,1007,3.2869403073918777,"Mummy, The (1999)","0, 1, 10, 16",https://image.tmdb.org/t/p/w500/rhk41QzLibidKUBE9KbWlW5z1Wf.jpg
477,3.466666666666667,195,3.286935471915625,What's Love Got to Do with It? (1993),7,https://image.tmdb.org/t/p/w500/uJJYCo87r6qtsaTRENatoYuE9pI.jpg
2454,3.3583333333333334,480,3.2862933805589045,"Fly, The (1958)","10, 15",https://image.tmdb.org/t/p/w500/gORksEPahEgO409HYJOZlNVyEpe.jpg
663,3.4166666666666665,264,3.2861316998349217,Kids in the Hall: Brain Candy (1996),4,https://image.tmdb.org/t/p/w500/j7LYkIa2KC98ZqZmFIjEmtvlv87.jpg
1892,3.371571072319202,401,3.2859547490367054,"Perfect Murder, A (1998)","13, 16",https://image.tmdb.org/t/p/w500/h1pKtO2FArsEsiuFbBd5TTgFAqF.jpg
602,4.121951219512195,41,3.2858816921297795,"Great Day in Harlem, A (1994)",6,https://image.tmdb.org/t/p/w500/606IorDjRMQZYaEdPBvjM8uI6qm.jpg
388,3.6391752577319587,97,3.2858703494083423,Boys Life (1995),7,https://image.tmdb.org/t/p/w500/jXKecGbSp36C486myi1pbe6EKAI.jpg
425,3.6095238095238096,105,3.2855264754775257,Blue Sky (1994),"7, 14",https://image.tmdb.org/t/p/w500/494spyPbDukk57ONXp10bfMyOY4.jpg
2734,3.3583690987124464,466,3.285463691999996,"Mosquito Coast, The (1986)",7,https://image.tmdb.org/t/p/w500/8A1iDYSp8H5WORWZVCV3E3SpkGD.jpg
3259,3.369727047146402,403,3.285449751687413,Far and Away (1992),"7, 14",https://image.tmdb.org/t/p/w500/wE4NqJosSPjiyqStBEv67mQbR1b.jpg
2166,3.5208333333333335,144,3.2853713151528274,Return to Paradise (1998),"7, 14",https://image.tmdb.org/t/p/w500/dGUawoxSaLmexaJuMAPg0YEwzyi.jpg
483,3.7432432432432434,74,3.2853414359502118,King of the Hill (1993),7,https://image.tmdb.org/t/p/w500/vmV21mWwclW2A3lmlBejn8TyIu2.jpg
2736,3.4355555555555557,225,3.2852507530497594,Brighton Beach Memoirs (1986),4,https://image.tmdb.org/t/p/w500/gtaQOHgnGAOQdkLY57Mlu0ZdZA3.jpg
1699,3.503225806451613,155,3.285214068723567,"Butcher Boy, The (1998)",7,https://image.tmdb.org/t/p/w500/9KrClE5Ax6wzCAwgaGRhQI2Eolk.jpg
3416,3.9411764705882355,51,3.2847813501422105,"Trial, The (Le Procès) (1963)",7,https://image.tmdb.org/t/p/w500/pRuYcFAq2kUha5ceFe42HR14335.jpg
2181,3.5677966101694913,118,3.284686541340407,Marnie (1964),16,https://image.tmdb.org/t/p/w500/nRRy4VO2A3Py7wiZBPz11PAlogp.jpg
116,4.097560975609756,41,3.2845838335963595,Anne Frank Remembered (1995),6,https://image.tmdb.org/t/p/w500/6nyhzrSGimCbdxiY8DEO7kI7xx4.jpg
3720,3.6666666666666665,87,3.2844725582192225,Sunshine (1999),7,https://image.tmdb.org/t/p/w500/8kX6xmEwz0RpEJkeWjXTkxbOCAp.jpg
3822,3.757142857142857,70,3.284267471902433,"Girl on the Bridge, The (La Fille sur le Pont) (1999)","7, 14",https://image.tmdb.org/t/p/w500/t5hKllCsmpWWA7XpxBXPjx0Gfct.jpg
2696,3.691358024691358,81,3.2841108498284948,"Dinner Game, The (Le Dîner de cons) (1998)",4,https://image.tmdb.org/t/p/w500/jCOCdWIim6upzteYswh8BpcsKWg.jpg
3327,3.529850746268657,134,3.284043826040527,Beyond the Mat (2000),6,https://image.tmdb.org/t/p/w500/48AfKc79mpRcavpA5Hc7UW9Qqq6.jpg
3849,4.046511627906977,43,3.283847046972162,"Spiral Staircase, The (1946)",16,https://image.tmdb.org/t/p/w500/vNC5HQd1BAwh6LWvzQ0dLBRelPf.jpg
2370,3.5140845070422535,142,3.283731318170964,"Emerald Forest, The (1985)","0, 1, 7",https://image.tmdb.org/t/p/w500/fdRlqPnPFaPyQqS3KiBLJwWQPBe.jpg
2285,3.888888888888889,54,3.2836909301671926,If.... (1968),7,https://image.tmdb.org/t/p/w500/3yOtehzchZobaMVth4gutUHmKc6.jpg
72,3.6344086021505375,93,3.2836131839343405,Kicking and Screaming (1995),"4, 7",https://image.tmdb.org/t/p/w500/ynAtSpTou7snNOq32djzILw9VCA.jpg
3928,3.441747572815534,206,3.2835615647097756,Abbott and Costello Meet Frankenstein (1948),"4, 10",https://image.tmdb.org/t/p/w500/ectRcq1y6EAmz2i72SCRHI6qUK2.jpg
1365,3.8448275862068964,58,3.2835198016330094,Ridicule (1996),7,https://image.tmdb.org/t/p/w500/j78rRskAapKtILalcxAmdskGtzb.jpg
3808,4.0227272727272725,44,3.2834800824641177,Two Women (La Ciociara) (1961),"7, 18",https://image.tmdb.org/t/p/w500/biWDAUQD58enMEcyO2BqIVSycF4.jpg
3684,3.374301675977654,358,3.283468362102065,"Fabulous Baker Boys, The (1989)","7, 14",https://image.tmdb.org/t/p/w500/mkAH0YaQT1PGkchOfLXvnYb3ejT.jpg
3618,3.3712737127371275,369,3.2833608045389124,Small Time Crooks (2000),4,https://image.tmdb.org/t/p/w500/eIJRFZFDmh0xXPlKt3WwN5fiSLe.jpg
2077,3.4935064935064934,154,3.2832731678392704,"Journey of Natty Gann, The (1985)","1, 3",https://image.tmdb.org/t/p/w500/kSAkhxgzSrdjiJzo9gXoqnY1d7R.jpg
1216,3.6551724137931036,87,3.2832478184764176,"Big Blue, The (Le Grand Bleu) (1988)","1, 14",https://image.tmdb.org/t/p/w500/3t5t7yaFiTJQlqxiTkXJMFZdkh3.jpg
2570,3.5980392156862746,102,3.2829486996824957,"Walk on the Moon, A (1999)","7, 14",https://image.tmdb.org/t/p/w500/n2he7n76HEgwdehI9XuDHHdlahv.jpg
982,3.6790123456790123,81,3.282877043536083,Picnic (1955),7,https://image.tmdb.org/t/p/w500/qTYvLoQnIA6BfSeDG93fZwcWQ2g.jpg
206,3.6707317073170733,82,3.2825284581466363,Unzipped (1995),6,https://image.tmdb.org/t/p/w500/dnIzv4rXr9FXkqW880E3rStYQA7.jpg
3447,3.7222222222222223,72,3.2823104725963757,"Good Earth, The (1937)",7,https://image.tmdb.org/t/p/w500/9YoDAturF6pzBDfqWBLEm2I0RTw.jpg
3310,3.7903225806451615,62,3.282086978883127,"Kid, The (1921)",0,https://image.tmdb.org/t/p/w500/zWp8QZ1KxNrirNK9MF1EAIHjqVw.jpg
3598,3.458100558659218,179,3.2820823817127076,Hamlet (2000),7,https://image.tmdb.org/t/p/w500/yL1rYMHlqZtZVESxEWLsaneXq86.jpg
3338,4.444444444444445,27,3.2819191590032983,For All Mankind (1989),6,https://image.tmdb.org/t/p/w500/7k8ylisWiEGxdRSlAf6v4PWiAjH.jpg
2495,3.6020408163265305,98,3.281899509106943,"Fantastic Planet, The (La Planète sauvage) (1973)","2, 15",https://image.tmdb.org/t/p/w500/prq0j1S0K07UjwLZLF6oMGflRUI.jpg
3275,3.619565217391304,92,3.28152385123067,"Boondock Saints, The (1999)","0, 4",https://image.tmdb.org/t/p/w500/oCPwq7TVk8XZWDv1ErxyuR6Sn5n.jpg
2437,3.6470588235294117,85,3.281487837674641,Wilde (1997),7,https://image.tmdb.org/t/p/w500/66ieZHIIOkeQAjAi4ekFpcCLozA.jpg
2899,3.547008547008547,117,3.281478846764318,Gulliver's Travels (1939),"1, 2, 3",https://image.tmdb.org/t/p/w500/tazLyiF4q2w07jXjg4z4CQZgvY.jpg
2173,3.5636363636363635,110,3.2814435304181,"Navigator: A Mediaeval Odyssey, The (1988)","1, 8, 15",https://image.tmdb.org/t/p/w500/u0aeBvYoaT98Q4IefWuStISdyuK.jpg
2926,3.350561797752809,445,3.281202080703274,Hairspray (1988),"4, 7",https://image.tmdb.org/t/p/w500/fgMka3HtFvI5OgW1eYdR9XpySxH.jpg
3680,3.9361702127659575,47,3.2810970299884032,"Decline of Western Civilization Part II: The Metal Years, The (1988)",6,https://image.tmdb.org/t/p/w500/4XoeABOgfPzYIzv2UoGKAdZbbR7.jpg
501,3.606382978723404,94,3.280840126030353,Naked (1993),7,https://image.tmdb.org/t/p/w500/xMYP4uaNeyPmX4FQ2xxWk2eIN6K.jpg
917,3.675324675324675,77,3.2805602526794733,"Little Princess, The (1939)","3, 7",https://image.tmdb.org/t/p/w500/cnMSURyv7R6gjmUm5SYdTxXLzIO.jpg
1571,3.9555555555555557,45,3.2805317544041257,When the Cats Away (Chacun cherche son chat) (1996),"4, 14",https://image.tmdb.org/t/p/w500/2WBQhh9HLm43t3ssK5aEaL97gNf.jpg
2759,3.3511627906976744,430,3.2805276789874904,Dick (1999),4,https://image.tmdb.org/t/p/w500/aBG4XoK5xkujl4crloPs6bStl4m.jpg
2276,3.7142857142857144,70,3.280515126686673,"Soldier's Daughter Never Cries, A (1998)",7,https://image.tmdb.org/t/p/w500/k3DmaY20ynkRTE17Oe1dR8pZWaR.jpg
3230,3.6666666666666665,78,3.2802128096420993,"Odessa File, The (1974)",16,https://image.tmdb.org/t/p/w500/j8uFsP2PxDMN3bdo5Ve6fYj0ebN.jpg
2496,3.363888888888889,360,3.2801944412904955,Blast from the Past (1999),"4, 14",https://image.tmdb.org/t/p/w500/qVN4bbVX2tzaNbAdEJT5eOPq26c.jpg
2879,3.4634146341463414,164,3.2801027910307723,Operation Condor (Feiying gaiwak) (1990),"0, 1, 4",https://image.tmdb.org/t/p/w500/vkj5JxVgY1ZYhX4pBHHgwdRNEkl.jpg
1190,3.507575757575758,132,3.280060178509571,Tie Me Up! Tie Me Down! (1990),7,https://image.tmdb.org/t/p/w500/gSZ8wkZ443tmK9rvaX7g7Ap9tuv.jpg
3179,3.4133333333333336,225,3.2800124083666793,Angela's Ashes (1999),7,https://image.tmdb.org/t/p/w500/3Zzcys11nAPP14sKW9l97fIHhkK.jpg
3487,3.7205882352941178,68,3.279964694402502,"Dorado, El (1967)",19,https://image.tmdb.org/t/p/w500/ryXm7xp4aqQyda0FU2eMfHehPBg.jpg
3729,3.4144144144144146,222,3.2798442919453445,Shaft (1971),"0, 5",https://image.tmdb.org/t/p/w500/5ncvnNPaN73cOqD4muE413sSOyY.jpg
1897,3.5037593984962405,133,3.2797354710562265,High Art (1998),"7, 14",https://image.tmdb.org/t/p/w500/qTg05RNJIvb9w4Z7XIcAZxuZmTn.jpg
481,3.380952380952381,294,3.2796989191851442,Kalifornia (1993),"7, 16",https://image.tmdb.org/t/p/w500/aXyA3UvVaXBoX2zq9zH7NcK5rKT.jpg
2029,3.6710526315789473,76,3.2796670934649224,Billy's Hollywood Screen Kiss (1997),"4, 14",https://image.tmdb.org/t/p/w500/dUj3KciCFdOPnyavPzhYbbpIHv5.jpg
1459,3.357894736842105,380,3.2796501521279815,Absolute Power (1997),"13, 16",https://image.tmdb.org/t/p/w500/jiwy7YaPHLN8s1SuXWGgQLKKNKE.jpg
3529,3.470967741935484,155,3.279561157474274,"Postman Always Rings Twice, The (1981)","5, 16",https://image.tmdb.org/t/p/w500/xH3sEe7AVQ1bevdKVoBqdXWu3f5.jpg
3069,3.8181818181818183,55,3.279505218337788,"Effect of Gamma Rays on Man-in-the-Moon Marigolds, The (1972)",7,https://image.tmdb.org/t/p/w500/hFGpoV5hDewXyBvjd44ajO58Sxw.jpg
2182,3.5816326530612246,98,3.27948259067794,"Wrong Man, The (1956)","7, 9, 16",https://image.tmdb.org/t/p/w500/pO5XR2R56RAbVjdks9gGGn0fbOa.jpg
3915,3.5118110236220472,127,3.2793600044203095,Girlfight (2000),7,https://image.tmdb.org/t/p/w500/oLi7gsiT29KH5OoDC3oNMROHxFI.jpg
346,3.525,120,3.2793076442448443,Backbeat (1993),"7, 12",https://image.tmdb.org/t/p/w500/1BuFx7P8veAUUZDXqdMNhtdCUSM.jpg
1889,3.877551020408163,49,3.279090358106609,Insomnia (1997),16,https://image.tmdb.org/t/p/w500/bMq1l0RUf7xr45yMRUKzkU5cDOQ.jpg
2622,3.3493975903614457,415,3.2789618556452558,"Midsummer Night's Dream, A (1999)","4, 8",https://image.tmdb.org/t/p/w500/5KTYh2gXmsHUzsRsrstBGy0QfXf.jpg
574,3.4457142857142857,175,3.2789075110956274,Spanking the Monkey (1994),"4, 7",https://image.tmdb.org/t/p/w500/fuID31Ft8nWLcFRSQ7qZRlu49o7.jpg
613,3.6341463414634148,82,3.2788316004756566,Jane Eyre (1996),"7, 14",https://image.tmdb.org/t/p/w500/stD4BQiN4TLNf6P5ju95AVRPdto.jpg
766,3.57,100,3.278808732713677,I Shot Andy Warhol (1996),7,https://image.tmdb.org/t/p/w500/eF4iTAjunicLQyc6AdF7JNwSBOC.jpg
321,3.7540983606557377,61,3.2786487587425617,Strawberry and Chocolate (Fresa y chocolate) (1993),7,https://image.tmdb.org/t/p/w500/tMwUsu080E4kS4rkHPffy1ugvaJ.jpg
2344,3.4228855721393034,201,3.278637123896824,Runaway Train (1985),"0, 1, 7, 16",https://image.tmdb.org/t/p/w500/A9pf9KjhqCGthu6PKAKE5E1qRNn.jpg
3513,3.3476190476190477,420,3.278618393898212,Rules of Engagement (2000),"7, 16",https://image.tmdb.org/t/p/w500/38iMM0sHOqNz315ApF9bEjT4rFA.jpg
893,3.6956521739130435,69,3.2783617329818346,Mother Night (1996),7,https://image.tmdb.org/t/p/w500/xooxiCcc4hdBz7Glf3qwZhvoBaF.jpg
3726,3.5714285714285716,98,3.2782741314634385,Assault on Precinct 13 (1976),"0, 16",https://image.tmdb.org/t/p/w500/oBpsRvMN1ONl8oFHuWt1rasDYFJ.jpg
1799,3.4131455399061035,213,3.2782725133007906,Suicide Kings (1997),"5, 7",https://image.tmdb.org/t/p/w500/rQ2Sidqubi7XiHDScFe1faIz3Uv.jpg
121,4.054054054054054,37,3.278241153014997,"Boys of St. Vincent, The (1993)",7,https://image.tmdb.org/t/p/w500/wlfW9Id3t40gTZLwELtXr8A6RuF.jpg
3920,3.712121212121212,66,3.2781544233639157,"Faraway, So Close (In Weiter Ferne, So Nah!) (1993)","7, 8",https://image.tmdb.org/t/p/w500/5VaPw0NgM4DloukmQTggzgvD4rb.jpg
2048,3.49618320610687,131,3.2780614105589714,"Great Mouse Detective, The (1986)","2, 3",https://image.tmdb.org/t/p/w500/9uDr7vfjCFr39KGCcqrk44Cg7fQ.jpg
80,3.826923076923077,52,3.2780189939680042,"White Balloon, The (Badkonake Sefid ) (1995)",7,https://image.tmdb.org/t/p/w500/u6jrlgZZx3zSFPDPTVOYpueljgH.jpg
3566,3.3717105263157894,304,3.277960177828733,"Big Kahuna, The (2000)","4, 7",https://image.tmdb.org/t/p/w500/sMhWWdW6V3HXFanELFA1oHdvboS.jpg
1937,3.7301587301587302,63,3.2779455442094574,Going My Way (1944),4,https://image.tmdb.org/t/p/w500/838yNJnOk6iZj5YK1MoKiN2n1hw.jpg
494,3.3461538461538463,416,3.2778453459502357,Executive Decision (1996),"0, 16",https://image.tmdb.org/t/p/w500/hLjXkFr9fHlWzRVwu1T31QSVHRq.jpg
3870,3.857142857142857,49,3.2778058365908733,Our Town (1940),7,https://image.tmdb.org/t/p/w500/shl1N27V5iA3ndXV99Vy3gwxEQv.jpg
205,3.611764705882353,85,3.2778045964223392,Unstrung Heroes (1995),"4, 7",https://image.tmdb.org/t/p/w500/twnqc80AL55WYnCVz4nMGEGcL7.jpg
3251,3.380434782608696,276,3.2777442504087473,Agnes of God (1985),"7, 13",https://image.tmdb.org/t/p/w500/m2QrxkojSmQb9k4DN6qhovDHLwD.jpg
2618,3.891304347826087,46,3.2775910300270734,"Castle, The (1997)",4,https://image.tmdb.org/t/p/w500/paesE1W2WFqJEBNMFUszFVcuDsW.jpg
1180,3.84,50,3.2774494468069215,Hear My Song (1991),4,https://image.tmdb.org/t/p/w500/esoksvZTmL31eJw4NLfSyJV2To5.jpg
117,3.632911392405063,79,3.2773925093209586,"Young Poisoner's Handbook, The (1995)",5,https://image.tmdb.org/t/p/w500/d3Lakfy0K1eRHUbay9kMeWdt7y6.jpg
43,3.4457831325301207,166,3.2772438233232775,Restoration (1995),7,https://image.tmdb.org/t/p/w500/z1YM3WFZnF2NwHT5IRGYUcvZBSl.jpg
3739,3.975,40,3.277156392184529,Trouble in Paradise (1932),"4, 14",https://image.tmdb.org/t/p/w500/ioW1l97auAFy3IEqGpJCKul8kYf.jpg
851,3.4960629921259843,127,3.277024919773491,Basquiat (1996),7,https://image.tmdb.org/t/p/w500/hNjjGGnHrLILwFiEwGESWD6QRCy.jpg
1554,3.4782608695652173,138,3.276970425113539,"Pillow Book, The (1995)","7, 14",https://image.tmdb.org/t/p/w500/gQlv9t0522IBEOctwJph92amVyG.jpg
2585,3.8541666666666665,48,3.276876969499672,"Lovers of the Arctic Circle, The (Los Amantes del Círculo Polar) (1998)","7, 14",https://image.tmdb.org/t/p/w500/3UNof5FTy9VlWl5egg7nsjsk30m.jpg
86,3.3940677966101696,236,3.276822210032103,White Squall (1996),"1, 7",https://image.tmdb.org/t/p/w500/muhTVa52IufjTaqNseXFQUAEuyG.jpg
2848,3.951219512195122,41,3.2767966823958403,Othello (1952),7,https://image.tmdb.org/t/p/w500/4ieE9noJYBRcsihKIULJZ18VwHk.jpg
3677,3.888888888888889,45,3.2766582876513817,Baraka (1992),6,https://image.tmdb.org/t/p/w500/ldEuJQ4z7zEvL7iXraESWBUfQcz.jpg
1925,3.888888888888889,45,3.2766582876513817,Wings (1927),"7, 14, 18",https://image.tmdb.org/t/p/w500/kEl6KCBgdmT1Nex3ka0EIWAOmtm.jpg
30,3.6486486486486487,74,3.2766295504492784,Shanghai Triad (Yao a yao yao dao waipo qiao) (1995),7,https://image.tmdb.org/t/p/w500/tzG1UxUSfPACREjgBrsPDRUvneH.jpg
22,3.3492063492063493,378,3.276543425540402,Copycat (1995),"5, 7, 16",https://image.tmdb.org/t/p/w500/oMgwJb016znNZcpDR20eXxZoW8A.jpg
2457,3.382239382239382,259,3.276451030638336,Running Scared (1986),"0, 4",https://image.tmdb.org/t/p/w500/wVlwZbwJlI5C33STslTyVNRGjg6.jpg
449,3.6619718309859155,71,3.2764170440799436,Fear of a Black Hat (1993),4,https://image.tmdb.org/t/p/w500/jiJp7B74GBKJK8yCqLjMaFu24nJ.jpg
171,3.5698924731182795,93,3.276318351107593,Jeffrey (1995),4,
214,4.25,28,3.276266460443558,Before the Rain (Pred dozhdot) (1994),7,https://image.tmdb.org/t/p/w500/uQrV80sPxMmuBVOoFwxdXymXg0r.jpg
1465,3.492063492063492,126,3.2761798290894157,Rosewood (1997),7,https://image.tmdb.org/t/p/w500/5EeTYDXdrpD9mZSSwsrFbqgok9U.jpg
3798,3.3347732181425487,463,3.2761189465710654,What Lies Beneath (2000),16,https://image.tmdb.org/t/p/w500/2L3Cn0CizbSy2E9KJt1SiOSyb6p.jpg
959,3.7413793103448274,58,3.275900754013962,Of Human Bondage (1934),7,https://image.tmdb.org/t/p/w500/yuYRYBFwRCy6awDU58oZOX8LZUz.jpg
3851,3.95,40,3.2758568470253344,I'm the One That I Want (2000),4,https://image.tmdb.org/t/p/w500/7pFwrqCnjycoAvFnXVP6dexO3aC.jpg
635,3.6233766233766236,77,3.2756005502616183,"Family Thing, A (1996)","4, 7",https://image.tmdb.org/t/p/w500/v6BAse5R1jaTgxXNKMpdphVFZTh.jpg
3222,4.166666666666667,30,3.275538964826853,Carmen (1984),7,https://image.tmdb.org/t/p/w500/oiODmFnXZnmafoVwcOJD59uoWzJ.jpg
2810,3.926829268292683,41,3.2754988238624207,Perfect Blue (1997),"2, 13",https://image.tmdb.org/t/p/w500/6WTiOCfDPP8XV4jqfloiVWf7KHq.jpg
1546,3.816326530612245,49,3.2752367935594027,Schizopolis (1996),4,https://image.tmdb.org/t/p/w500/9ASmg9EvWkt90dwW9YKO3NXQk8d.jpg
3422,3.4,210,3.2749035058924907,She's Gotta Have It (1986),"4, 14",https://image.tmdb.org/t/p/w500/qiJuXvPONqTSSnzhbCBqE7EotV.jpg
2708,3.8297872340425534,47,3.2746578799562074,"Autumn Tale, An (Conte d'automne) (1998)",14,https://image.tmdb.org/t/p/w500/dd61bVWbbG8ZktioQM0xjjsdJZB.jpg
1684,3.7241379310344827,58,3.2746309127441204,Mrs. Dalloway (1997),14,https://image.tmdb.org/t/p/w500/wG1HPrvQhiubzEWsD5zh67kXwfb.jpg
2621,3.652173913043478,69,3.274604688523475,Xiu Xiu: The Sent-Down Girl (Tian yu) (1998),"7, 14",https://image.tmdb.org/t/p/w500/f60ZzxvcNjQG1aXomXuKWEzS2pP.jpg
3658,3.652173913043478,69,3.274604688523475,Quatermass and the Pit (1967),15,https://image.tmdb.org/t/p/w500/AvruSt4xRIbXO8gVxPzHupbf5A2.jpg
2073,3.6666666666666665,66,3.2743832102903774,Fandango (1985),4,https://image.tmdb.org/t/p/w500/7hdQUp17uXp8tZJWB8eWh25DWbc.jpg
2116,3.3333333333333335,438,3.2743227784034223,"Lord of the Rings, The (1978)","1, 2, 3, 15",https://image.tmdb.org/t/p/w500/liW0mjvTyLs7UCumaHhx3PpU4VT.jpg
3503,3.4545454545454546,143,3.274237070241828,Solaris (Solyaris) (1972),"7, 15",https://image.tmdb.org/t/p/w500/drdrB1hEZmzFlK1xtW5HMxK3LUJ.jpg
3289,3.769230769230769,52,3.274180222374914,Not One Less (Yi ge dou bu neng shao) (1999),7,https://image.tmdb.org/t/p/w500/y77YNEQeYld4JG2nF70grpTNk1y.jpg
1088,3.3114992721979624,687,3.2741064904948782,Dirty Dancing (1987),"12, 14",https://image.tmdb.org/t/p/w500/ySL7B4FgYZR5xFBWc7c7lssuCN9.jpg
26,3.53,100,3.273986550676305,Othello (1995),7,https://image.tmdb.org/t/p/w500/4ieE9noJYBRcsihKIULJZ18VwHk.jpg
935,3.6338028169014085,71,3.273918605603991,"Band Wagon, The (1953)","4, 12",https://image.tmdb.org/t/p/w500/j4bJuDATaM7IQYuXPzx7tWsLvEQ.jpg
799,3.3491124260355027,338,3.273790954366272,"Frighteners, The (1996)","4, 10",https://image.tmdb.org/t/p/w500/2ZwWDOoU1yy9qyhLEatcgI94ESy.jpg
3655,3.78,50,3.2736008258960814,Blow-Out (La Grande Bouffe) (1973),7,https://image.tmdb.org/t/p/w500/q44CGZrV08iEI3RC5UeRM3IYMIQ.jpg
848,3.4358974358974357,156,3.273598920142287,"Spitfire Grill, The (1996)",7,https://image.tmdb.org/t/p/w500/8msETDMD6sxIkN3YtIFbCy23CBP.jpg
3550,3.43125,160,3.273492797960647,"Hunger, The (1983)",10,https://image.tmdb.org/t/p/w500/2hTPkBiXoMmrdtYgHtB9WU5dg80.jpg
3951,3.9,40,3.273257756706946,Two Family House (2000),7,https://image.tmdb.org/t/p/w500/g4U84VFQDvJeTwiQDhpI6bHWtGT.jpg
1620,3.3367088607594937,395,3.273251973131165,Kiss the Girls (1997),"5, 7, 16",https://image.tmdb.org/t/p/w500/25h5I3E3ydhazsPDnscWHivq5pn.jpg
85,3.402061855670103,194,3.273169294841359,Angels and Insects (1995),"7, 14",https://image.tmdb.org/t/p/w500/w1i5JdddoLuzSmnKo5ORDoKdMm2.jpg
1205,3.380952380952381,231,3.273057619766783,"Transformers: The Movie, The (1986)","0, 2, 3, 15, 16, 18",https://image.tmdb.org/t/p/w500/j4HTorvJdGOuIgGyE56fMCLmcCg.jpg
3086,3.580246913580247,81,3.273006593196786,March of the Wooden Soldiers (a.k.a. Laurel & Hardy in Toyland) (1934),4,https://image.tmdb.org/t/p/w500/iN8B54ymwiLJmnbz5iluqbsit1e.jpg
1049,3.328159645232816,451,3.2729960557272304,"Ghost and the Darkness, The (1996)","0, 1",https://image.tmdb.org/t/p/w500/3KEPs6RKlin9pT9fqjtW7MSLC8H.jpg
506,3.491228070175439,114,3.272995665425009,Orlando (1993),7,https://image.tmdb.org/t/p/w500/otSCGdKzEeVgbfNl0YslOpRZHgk.jpg
2610,3.8780487804878048,41,3.2729031067955807,Three Seasons (1999),7,https://image.tmdb.org/t/p/w500/9BRzgNVCrb40TsEUKZt2ODXgWMQ.jpg
2782,3.5046728971962615,107,3.272889233456061,Pit and the Pendulum (1961),10,https://image.tmdb.org/t/p/w500/xq4pLMaMlVmDEzaxTrDqDa4ET25.jpg
3150,3.683333333333333,60,3.2726685798429327,"War Zone, The (1999)",7,https://image.tmdb.org/t/p/w500/k8ihC4NmbiIShEh2Q3ZUcHQeRQt.jpg
229,3.5,108,3.2725633955653675,Death and the Maiden (1994),"7, 16",https://image.tmdb.org/t/p/w500/hlUXQ2aEuYDEE0ok7DORE4uffjl.jpg
522,3.566265060240964,83,3.2723345769673786,Romper Stomper (1992),"0, 7",https://image.tmdb.org/t/p/w500/urE3Jzl3zuz2XUmAq2rXubYn3SD.jpg
1202,3.611111111111111,72,3.27232918750592,Withnail and I (1987),4,https://image.tmdb.org/t/p/w500/i18cIp8A10A2JgByrfA9oIC9299.jpg
2493,4.142857142857143,28,3.272306064403954,"Harmonists, The (1997)",7,https://image.tmdb.org/t/p/w500/9jUWDGEOZ6MFy9gSfYZ69KLjPLY.jpg
1904,3.4867256637168142,113,3.2721327522682433,Henry Fool (1997),"4, 7",https://image.tmdb.org/t/p/w500/1Uun13GJi5U0gs303e7BnER6SpG.jpg
149,3.7872340425531914,47,3.272082219943329,Amateur (1994),"5, 7, 16",https://image.tmdb.org/t/p/w500/nWUvlNxKSMdegAoY5eMOqPwMKIb.jpg
1794,3.4304635761589406,151,3.271745421676315,Love and Death on Long Island (1997),"4, 7",https://image.tmdb.org/t/p/w500/6DTNKPlSZGwlsAibzhdeKSZ2K88.jpg
2657,3.291159772911598,1233,3.27173087581452,"Rocky Horror Picture Show, The (1975)","4, 10, 12, 15",https://image.tmdb.org/t/p/w500/3pyE6ZqDbuJi7zrNzzQzcKTWdmN.jpg
1397,3.6507936507936507,63,3.271636395944473,Bastard Out of Carolina (1996),7,https://image.tmdb.org/t/p/w500/jYFwFOkHwWxaStR21UIgdb96Gzh.jpg
3368,3.6507936507936507,63,3.271636395944473,"Big Country, The (1958)","14, 19",https://image.tmdb.org/t/p/w500/yHjVeDepVZTUhmU7CvurHfjJQCV.jpg
803,3.6842105263157894,57,3.2711657263649014,Walking and Talking (1996),14,https://image.tmdb.org/t/p/w500/m8JMJQUfGwGt7gse8aoduAcTYE.jpg
2323,3.942857142857143,35,3.271120789778934,"Cruise, The (1998)",6,https://image.tmdb.org/t/p/w500/nK6RcAfj3eNeaeUIWYs5CNsoi9x.jpg
2210,3.7037037037037037,54,3.2709276883037592,Sabotage (1936),16,https://image.tmdb.org/t/p/w500/A6cyOt9mhmvWA2uHcVsGkcCaHCz.jpg
3188,3.7037037037037037,54,3.2709276883037592,"Life and Times of Hank Greenberg, The (1998)",6,https://image.tmdb.org/t/p/w500/TjuQD2mk4obqZl42R6puzrE5pO.jpg
3417,3.589041095890411,73,3.2707437305744484,"Crimson Pirate, The (1952)","1, 4, 15",https://image.tmdb.org/t/p/w500/lOSqs9ntb2wB7gveCx2l7cqC1nG.jpg
3008,3.7254901960784315,51,3.270687820353613,Last Night (1998),16,https://image.tmdb.org/t/p/w500/ycBwDgJJ40dTE52fWBliqQKFD43.jpg
324,3.9696969696969697,33,3.270520450866879,"Sum of Us, The (1994)",4,https://image.tmdb.org/t/p/w500/4rBI4KISTuMCsWGb0kurWxKjqPQ.jpg
3145,3.359073359073359,259,3.270381227906925,"Cradle Will Rock, The (1999)",7,https://image.tmdb.org/t/p/w500/2nfcBsTkFxak7Q6ZvuLuNYELAC0.jpg
2476,3.3466666666666667,300,3.270298051273429,Heartbreak Ridge (1986),"0, 18",https://image.tmdb.org/t/p/w500/aMr99UigkMCTSPnLTpkzJeLmpyc.jpg
616,3.352517985611511,278,3.2702450062392012,"Aristocats, The (1970)","2, 3",https://image.tmdb.org/t/p/w500/1BVOSmQUhphMgnTxnXyfQ9tL1Sc.jpg
2102,3.3857868020304567,197,3.270126113098754,Steamboat Willie (1940),"2, 3, 4, 12",https://image.tmdb.org/t/p/w500/rjgjDtdz41ZgzhYsZQY6HPqz6Js.jpg
746,4.0,31,3.2699169543537083,Force of Evil (1948),9,https://image.tmdb.org/t/p/w500/x33LVKf4yWdjMeczJkzE5sIw4VG.jpg
3241,3.6666666666666665,57,3.2698942705479914,"Cup, The (Phörpa) (1999)",4,https://image.tmdb.org/t/p/w500/8yh2Pj4o92sF4ceTvzB5qP9szUy.jpg
1884,3.3456375838926173,298,3.269850942857416,Fear and Loathing in Las Vegas (1998),"4, 7",https://image.tmdb.org/t/p/w500/tisNLcMkxryU2zxhi0PiyDFqhm0.jpg
3002,3.914285714285714,35,3.2698127453054218,My Best Fiend (Mein liebster Feind) (1999),6,https://image.tmdb.org/t/p/w500/aipkPgZVlTqqACWHHeHbIHqoQbs.jpg
362,3.3640167364016738,239,3.2697695857367015,"Jungle Book, The (1994)","1, 3, 14",https://image.tmdb.org/t/p/w500/a0vfM3bHpftyVvgp452FT1U58N8.jpg
3539,3.8461538461538463,39,3.269709621061802,"Filth and the Fury, The (2000)",6,https://image.tmdb.org/t/p/w500/kdNkiqmMeJfaD8ybjiV6bVOrcQ8.jpg
2801,3.5164835164835164,91,3.2696792733528275,Oscar and Lucinda (a.k.a. Oscar & Lucinda) (1997),"7, 14",https://image.tmdb.org/t/p/w500/9naDX3u4hsRM8jZ0Y7k5e2HAKmY.jpg
2284,3.7906976744186047,43,3.2696075647715146,Bandit Queen (1994),7,https://image.tmdb.org/t/p/w500/aYJgxlxo0NZvA075d4BelEjsbJA.jpg
1535,3.4854368932038833,103,3.2693956081513456,Love! Valour! Compassion! (1997),"7, 14",https://image.tmdb.org/t/p/w500/1IcLQpZZUPgevqj05xFbg40jTle.jpg
3627,3.4766355140186915,107,3.2693028616688524,Carnival of Souls (1962),"10, 16",https://image.tmdb.org/t/p/w500/k5gPDGcSOQh0W5W2Gfum3D9msCV.jpg
1860,3.772727272727273,44,3.2692590094195153,Character (Karakter) (1997),7,https://image.tmdb.org/t/p/w500/lybq4SPAqYo753fnLkAL5GnZOVc.jpg
2697,3.7291666666666665,48,3.2691599276990293,My Son the Fanatic (1998),"4, 7, 14",https://image.tmdb.org/t/p/w500/34rfjIEVqmzjN7HMZhrrPgPaHuE.jpg
3554,3.453781512605042,119,3.2690298689286923,Love and Basketball (2000),"7, 14",https://image.tmdb.org/t/p/w500/zNZWNX19FZ5QyedprVM0ldsXFiP.jpg
3769,3.3842105263157896,190,3.268919895362692,Thunderbolt and Lightfoot (1974),0,https://image.tmdb.org/t/p/w500/530RZ2HsxAgKVO4joNFjAgucbri.jpg
1875,3.402439024390244,164,3.26891084922887,Clockwatchers (1997),4,https://image.tmdb.org/t/p/w500/dUCeH8FIsDOpjXQhOFIbP5DARQD.jpg
2434,3.6333333333333333,60,3.268868706505377,Down in the Delta (1998),7,https://image.tmdb.org/t/p/w500/2ygShFSdj1hug8xj2q28OMktAU4.jpg
1785,3.388888888888889,180,3.2685781679889994,King of New York (1990),"0, 5",https://image.tmdb.org/t/p/w500/1MyH4MJAJZJbb6wDVeOc2bTECtK.jpg
3950,3.6666666666666665,54,3.2683750399310725,Tigerland (2000),7,https://image.tmdb.org/t/p/w500/pnFdCvxxL44sPLkKEIJCUaIZa7M.jpg
3502,3.5113636363636362,88,3.2682224388819514,My Life (1993),7,https://image.tmdb.org/t/p/w500/p0zlgGiq4mCNzaKH3Tf112k51p0.jpg
2996,3.4285714285714284,133,3.2681412681576756,Music of the Heart (1999),7,https://image.tmdb.org/t/p/w500/maqYjELEaeCr3EtN7KNLTAwycS5.jpg
3823,3.590909090909091,66,3.2680978551678126,Wonderland (1999),7,https://image.tmdb.org/t/p/w500/fBUW9CSqdwZl0FXvLBcNfXO1qnO.jpg
937,3.75,44,3.2679661845972787,Love in the Afternoon (1957),"4, 14",https://image.tmdb.org/t/p/w500/jCHVviBhRQ7OkJFQfziO2N2ZJmh.jpg
97,3.75,44,3.2679661845972787,"Hate (Haine, La) (1995)",7,
2847,3.909090909090909,33,3.267897500047207,Only Angels Have Wings (1939),7,https://image.tmdb.org/t/p/w500/lqcwiWancAkjtAQPHr9V3SfJjBM.jpg
3371,3.7083333333333335,48,3.267873754065589,Bound for Glory (1976),7,https://image.tmdb.org/t/p/w500/w8lDvxszlhjvtvwRCx7Kuyos9aT.jpg
2272,3.455357142857143,112,3.2677027258300595,One True Thing (1998),7,https://image.tmdb.org/t/p/w500/qu0vo8RIi4SoHXDWAYiunctiXPX.jpg
3284,3.7333333333333334,45,3.2676201985616466,They Might Be Giants (1971),"4, 14",https://image.tmdb.org/t/p/w500/yzv8J2Vu63AQyEw5D9ckyBgn9Fo.jpg
669,4.173913043478261,23,3.267470888752153,Aparajito (1956),7,https://image.tmdb.org/t/p/w500/qvR2Qs42WHwCEcuwhQnterU3gVY.jpg
3792,3.5555555555555554,72,3.2673385449606926,Duel in the Sun (1946),19,https://image.tmdb.org/t/p/w500/dW479xuDWrcuFuxr7yfoReztlzF.jpg
279,3.717391304347826,46,3.267275104817531,My Family (1995),7,https://image.tmdb.org/t/p/w500/i6t6QF5QyUd3UAQ8JM8eVU1169D.jpg
568,3.857142857142857,35,3.2671966563583976,Bhaji on the Beach (1993),"4, 7",https://image.tmdb.org/t/p/w500/jq27h7iCkqwBP3Dd9DQnWdgfGGV.jpg
2280,3.432,125,3.2671408353259164,Clay Pigeons (1998),5,https://image.tmdb.org/t/p/w500/A6ebyxABDaLvOBaS6Q6MWCdOsY5.jpg
3736,3.7948717948717947,39,3.267107148713071,"Big Carnival, The (1951)",7,
3339,3.744186046511628,43,3.2670185680077606,Cross of Iron (1977),18,https://image.tmdb.org/t/p/w500/fR6pqh5aFn0fawsn7sR2zC15swx.jpg
2425,3.6206896551724137,58,3.267011865125073,"General, The (1998)",5,https://image.tmdb.org/t/p/w500/qZKKwXyZ92K0mIRpf2FbCkQa7oO.jpg
1564,3.8333333333333335,36,3.2668476078197193,Roseanna's Grave (For Roseanna) (1997),"4, 14",https://image.tmdb.org/t/p/w500/qaimjcQYua8UjnEJAx6UPjRRc3a.jpg
705,3.8333333333333335,36,3.2668476078197193,Cosi (1996),4,https://image.tmdb.org/t/p/w500/g4b3tEgmPSq7mZ7db1r9i5jHEHV.jpg
309,3.6875,48,3.266587580432148,"Red Firecracker, Green Firecracker (1994)",7,https://image.tmdb.org/t/p/w500/wmW9WnTTBib4XTiLOYtLOlxvh5G.jpg
1516,3.6538461538461537,52,3.2665026791887337,Children of the Revolution (1996),4,https://image.tmdb.org/t/p/w500/jfL0X3Ym9R9QDkUQZufwzVq12F0.jpg
1611,3.3516949152542375,236,3.2664648822226776,My Own Private Idaho (1991),7,https://image.tmdb.org/t/p/w500/p9TF90Pb5yg2MNb2UztzyXktMm4.jpg
1910,3.7560975609756095,41,3.2664138141284815,I Went Down (1997),"0, 4, 5",https://image.tmdb.org/t/p/w500/2rApWxlYkiwNZBSC3KJ7WFWWq1T.jpg
40,3.933333333333333,30,3.2663223749651022,"Cry, the Beloved Country (1995)",7,https://image.tmdb.org/t/p/w500/96TZr6o4kuiIEryC5jkzaQoP6m5.jpg
3771,3.3973509933774833,151,3.2660668299670585,"Golden Voyage of Sinbad, The (1974)","0, 1",https://image.tmdb.org/t/p/w500/1TAc85WyOpkaxSUver4lBg2xKSA.jpg
2494,4.0,27,3.266056634218103,"Last Days, The (1998)",6,https://image.tmdb.org/t/p/w500/9BnqBHFGDv3WlCPB2qQwzAWdy7y.jpg
2553,3.356164383561644,219,3.265969260712699,Village of the Damned (1960),"10, 15, 16",https://image.tmdb.org/t/p/w500/vnK68SPMQTvLWVYaNMINJOismEr.jpg
351,3.342412451361868,257,3.2658609668383125,"Corrina, Corrina (1994)","4, 7, 14",https://image.tmdb.org/t/p/w500/xuEubxRGut2Yh118RyNa6ruXXCp.jpg
3192,4.083333333333333,24,3.2657887774200334,"Terrorist, The (Malli) (1998)",7,https://image.tmdb.org/t/p/w500/hYth2ednFy0FUcQFho9OgSBPj4G.jpg
156,3.5606060606060606,66,3.265583713118787,Blue in the Face (1995),4,https://image.tmdb.org/t/p/w500/u0iwm9SDjlfFZDrSdSbcebX7VUG.jpg
1809,3.8055555555555554,36,3.265541272091437,Hana-bi (1997),"4, 5, 7",https://image.tmdb.org/t/p/w500/bWIo1nDJnSyGJvVt8bRw8PHBqo4.jpg
3046,3.4941176470588236,85,3.2655271255813325,"Incredibly True Adventure of Two Girls in Love, The (1995)","4, 14",https://image.tmdb.org/t/p/w500/dPbYJaH1j7sgj1NuA4VRyb7O4Mt.jpg
1670,3.5,82,3.2652764556820646,Welcome To Sarajevo (1997),"7, 18",https://image.tmdb.org/t/p/w500/bGdDqsFCF0v9M5mB77fAF8vJMsy.jpg
3300,3.300738007380074,542,3.2652550875233937,Pitch Black (2000),"0, 15",https://image.tmdb.org/t/p/w500/3AnlxZ5CZnhKKzjgFyY6EHxmOyl.jpg
1232,3.6346153846153846,52,3.2652230886577036,Stalker (1979),"13, 15",https://image.tmdb.org/t/p/w500/g6aZ3KUntef8IbT16uMNSkcUPe1.jpg
1337,3.5625,64,3.264992871815999,"Body Snatcher, The (1945)",10,https://image.tmdb.org/t/p/w500/tlAxRZceGsRiYDZuggt3qOXzuMg.jpg
1015,3.3461538461538463,234,3.2649422353772657,Homeward Bound: The Incredible Journey (1993),"1, 3",https://image.tmdb.org/t/p/w500/el6dJEpK97OJRQiQhuiSGk2jkV5.jpg
1014,3.4044117647058822,136,3.2649010326816814,Pollyanna (1960),"3, 4, 7",https://image.tmdb.org/t/p/w500/9lWkRXg35SjUZXLr10ez8DERvRv.jpg
3816,3.763157894736842,38,3.264849307864489,"Official Story, The (La Historia Oficial) (1985)",7,https://image.tmdb.org/t/p/w500/kkeUKaETggOrR0eW9nzPOIoZkZH.jpg
621,3.7142857142857144,42,3.264772318581977,My Favorite Season (1993),7,https://image.tmdb.org/t/p/w500/mWQhnhvNo8B2WRZhvv9XxrA7HgF.jpg
3133,3.7142857142857144,42,3.264772318581977,Go West (1925),4,https://image.tmdb.org/t/p/w500/lVHdWmnNqMRTi3zhKloXtyAkafY.jpg
198,3.2958677685950413,605,3.264722250869985,Strange Days (1995),"0, 5, 15",https://image.tmdb.org/t/p/w500/rY5BrDRcYAKE0BYmmT66YG6Uy5Q.jpg
242,3.5,80,3.264696533398388,Farinelli: il castrato (1994),"7, 12",https://image.tmdb.org/t/p/w500/i5h0ZjYobco5HRPaAU6QTlrMYw0.jpg
3412,3.3714285714285714,175,3.264534929558867,"Bear, The (1988)",1,https://image.tmdb.org/t/p/w500/ry4A1Y2udvqyDlVHLtSeP1u9qwJ.jpg
1840,3.38125,160,3.264498981209663,He Got Game (1998),7,https://image.tmdb.org/t/p/w500/kd8hRaysUQOz7AvSorZDJHuihcJ.jpg
824,3.9285714285714284,28,3.264385272324746,Kaspar Hauser (1993),7,https://image.tmdb.org/t/p/w500/186Rl8qNhOHXWN6cMYs1sHFDUwi.jpg
650,3.4719101123595504,89,3.264229497600483,Moll Flanders (1996),7,https://image.tmdb.org/t/p/w500/lHVpzsvjLU7qSCB8UWFqIAavSRu.jpg
715,3.6153846153846154,52,3.2639434981266735,"Horseman on the Roof, The (Hussard sur le toit, Le) (1995)",7,https://image.tmdb.org/t/p/w500/tsmwnxi8hGXQTNVqBRCAVsfeGON.jpg
1395,3.3254237288135595,295,3.263808534686184,Tin Men (1987),"4, 7",https://image.tmdb.org/t/p/w500/5rWE9ft0Uc2kuDWlkg5vQth58XZ.jpg
367,3.279050042408821,1179,3.2637002063327194,"Mask, The (1994)","4, 5, 8",https://image.tmdb.org/t/p/w500/xbbXp9px4o8Oe7IbGd0yIbla8mZ.jpg
3033,3.2836484983314795,899,3.2635995356377006,Spaceballs (1987),"4, 15",https://image.tmdb.org/t/p/w500/cIbr9JRJX4jENulVETd4cAofTAA.jpg
1870,3.513888888888889,72,3.263595563051772,"Dancer, Texas Pop. 81 (1998)","4, 7",https://image.tmdb.org/t/p/w500/khV9zPcvgOjrqwlk3dI1lGojZib.jpg
846,3.736842105263158,38,3.2635463762683976,Flirt (1995),7,https://image.tmdb.org/t/p/w500/4XjzSUy3Dpfble5KCj3DEnCUx9A.jpg
3478,3.330827067669173,266,3.2634574020954243,"Bamba, La (1987)",7,https://image.tmdb.org/t/p/w500/6Znulqtc7cdqlUC69HGf26Ef5fi.jpg
341,3.838709677419355,31,3.2633423323944712,Double Happiness (1994),7,https://image.tmdb.org/t/p/w500/5sbnCdiFoZLe4G27ERS7wtj1lCY.jpg
2025,3.3438914027149322,221,3.2633054642672223,Lolita (1997),"7, 14",https://image.tmdb.org/t/p/w500/8Puqbeh0D95DpXFWep1rmH78btu.jpg
3926,3.361111111111111,180,3.2630806418757503,Voyage to the Bottom of the Sea (1961),"1, 15",https://image.tmdb.org/t/p/w500/eBm2BUvRwGwxr3hfAaOJ8kVuuhw.jpg
3118,3.5303030303030303,66,3.263069571069761,Tumbleweeds (1999),7,https://image.tmdb.org/t/p/w500/2SdW45O7bPDTe0zLzNHhEcacNAk.jpg
3643,3.4356435643564356,101,3.262819799862727,"Fighting Seabees, The (1944)","0, 7, 18",https://image.tmdb.org/t/p/w500/pfqahIjSJ8XkU1Pta2z9M9PuIJY.jpg
2747,3.311797752808989,356,3.262802251299857,"Little Shop of Horrors, The (1960)","4, 10",https://image.tmdb.org/t/p/w500/s9MrumN9oCfv1rFoEvMLwucWD7V.jpg
2874,3.5223880597014925,67,3.2627392891224045,"Pajama Game, The (1957)",4,https://image.tmdb.org/t/p/w500/71Q9f7byPqH8trF4BvZOlXnhO2D.jpg
2846,3.3674698795180724,166,3.262726793730871,"Adventures of Milo and Otis, The (1986)",3,https://image.tmdb.org/t/p/w500/imHIqEfWRZuJ2vLow0UJ9aqjyEO.jpg
1844,3.8620689655172415,29,3.2627183174502243,Live Flesh (1997),7,https://image.tmdb.org/t/p/w500/7YPGYeamF6AuyxhKqbd5oNKKCCy.jpg
3311,3.787878787878788,33,3.262651598407863,"Man from Laramie, The (1955)",19,https://image.tmdb.org/t/p/w500/aKMZoZpN0FobSIDAlj5Ixv0kDeT.jpg
3304,3.5714285714285716,56,3.2625994192055954,Blue Collar (1978),"5, 7",https://image.tmdb.org/t/p/w500/7WBBcgzESyX1qEq9x7tg22dlORL.jpg
976,3.5714285714285716,56,3.2625994192055954,"Farewell to Arms, A (1932)","14, 18",https://image.tmdb.org/t/p/w500/eNmPByGZJqlp60nCZRhsAlVAb3F.jpg
3430,3.340909090909091,220,3.262529587978931,Death Wish (1974),"0, 7",https://image.tmdb.org/t/p/w500/g0eEEZAqMf98ULQnoiORuazjOpn.jpg
3506,3.3652694610778444,167,3.262433735399883,North Dallas Forty (1979),"4, 7",https://image.tmdb.org/t/p/w500/5e9IeZPFmApZZ37ixq9QhYZXURq.jpg
2774,3.514705882352941,68,3.262409835468332,Better Than Chocolate (1999),"4, 14",https://image.tmdb.org/t/p/w500/7FC2UK7MyEwlmbJGCIIFg4U7VPU.jpg
77,3.764705882352941,34,3.2623075884557893,Nico Icon (1995),6,https://image.tmdb.org/t/p/w500/w3oiJZTB1UP3lj0uSVLdsYfsBbC.jpg
1173,3.3484848484848486,198,3.262287702195143,"Cook the Thief His Wife & Her Lover, The (1989)",7,https://image.tmdb.org/t/p/w500/fNkl7o1VQQqy1nEX9x56CDHULmr.jpg
2363,3.318936877076412,301,3.262272531573018,Godzilla (Gojira) (1954),"0, 15",https://image.tmdb.org/t/p/w500/bD398HQ0K9zTMF1s0DWlAB0K144.jpg
1076,4.0,23,3.2621552741342126,"Innocents, The (1961)",16,https://image.tmdb.org/t/p/w500/8ZSPkyzq80jBVezRlC80kvV6QZr.jpg
3519,3.3467336683417086,199,3.2620052167862092,Force 10 from Navarone (1978),"0, 18",https://image.tmdb.org/t/p/w500/3bFRwivCZuXx7fHWt4SpYaiHkNL.jpg
963,3.574074074074074,54,3.261993418999356,"Inspector General, The (1949)",12,https://image.tmdb.org/t/p/w500/pEseNGrq1lSdomjayEflNn0xjaZ.jpg
3211,3.515151515151515,66,3.2618125000452483,"Cry in the Dark, A (1988)",7,
3306,3.9583333333333335,24,3.2618073573802193,"Circus, The (1928)",4,https://image.tmdb.org/t/p/w500/rbpp2G4cpGG8jqCqhEBwvjQ0Y6C.jpg
263,3.857142857142857,28,3.2617450082983437,Ladybird Ladybird (1994),7,https://image.tmdb.org/t/p/w500/91KSK1xKdVEIDASKRo9ahBFCtM2.jpg
1169,3.7222222222222223,36,3.261622264906591,American Dream (1990),6,https://image.tmdb.org/t/p/w500/woKiBAt9aFnkRr1HZ9Bq1FQe6gS.jpg
390,3.542372881355932,59,3.261600309176912,Faster Pussycat! Kill! Kill! (1965),"0, 4, 7",https://image.tmdb.org/t/p/w500/usMyF96B9KzZHGlD8McyYfr1Pbw.jpg
3158,3.6363636363636362,44,3.261502060486096,"Emperor and the Assassin, The (Jing ke ci qin wang) (1999)",7,https://image.tmdb.org/t/p/w500/hroNcPp2cn6mMWcYpkEud2GY78f.jpg
3171,3.92,25,3.261460362870769,Room at the Top (1959),7,https://image.tmdb.org/t/p/w500/uuyruoqh7oBtjwN1mJyOF04CPjO.jpg
3015,3.375,144,3.261330101643955,Coma (1978),16,https://image.tmdb.org/t/p/w500/kNMfXPm1f8OgVYFU4aEhmP9TJzO.jpg
3372,3.5535714285714284,56,3.2613263447307386,"Bridge at Remagen, The (1969)","0, 18",https://image.tmdb.org/t/p/w500/d8kKzYlzTK73PVvEUJsUfc3VRUH.jpg
3183,3.6222222222222222,45,3.261164420640407,"Third Miracle, The (1999)",7,https://image.tmdb.org/t/p/w500/lkxqF5lQSVoLk9ikALSByJgBPoN.jpg
1631,3.5918367346938775,49,3.2611070568863134,"Assignment, The (1997)",16,https://image.tmdb.org/t/p/w500/3wx83iGCATiIAyrZHI6AeeNfiAT.jpg
2820,3.5660377358490565,53,3.2610502795987157,Hamlet (1964),7,https://image.tmdb.org/t/p/w500/yL1rYMHlqZtZVESxEWLsaneXq86.jpg
2744,3.6842105263157894,38,3.2609405130762155,Otello (1986),7,https://image.tmdb.org/t/p/w500/52VvMAnfsweEaKWhzS7qwRRnBVc.jpg
3142,3.3846153846153846,130,3.2609329188900467,U2: Rattle and Hum (1988),"6, 12",https://image.tmdb.org/t/p/w500/6wCNobX8pPdHF4zyzhuDKIem9Gx.jpg
1865,3.5555555555555554,54,3.2607170948130126,Wild Man Blues (1998),6,https://image.tmdb.org/t/p/w500/9CaJQIscbAiHOr7RMbdXA8UqL7Z.jpg
3040,3.311111111111111,315,3.26067194235136,Meatballs (1979),4,https://image.tmdb.org/t/p/w500/eMU2jbtN9GEB2qPuzyA88XdOcCq.jpg
2593,3.7142857142857144,35,3.260656433990837,"Monster, The (Il Mostro) (1994)",4,https://image.tmdb.org/t/p/w500/lWVwWRLqpS1OaNg7KT0ZecSW0PK.jpg
3855,3.6666666666666665,39,3.260600967841243,"Affair of Love, An (Une Liaison Pornographique) (1999)","7, 14",https://image.tmdb.org/t/p/w500/6VcPf4jOrlKcB4CDNZUHc36loSm.jpg
2384,3.2906309751434035,523,3.2604964820646662,Babe: Pig in the City (1998),"3, 4",https://image.tmdb.org/t/p/w500/glO6LcTWUZcbxWT2SB4eRDnFSsP.jpg
3628,3.4158415841584158,101,3.260411612024076,Flying Tigers (1942),"0, 7, 18",https://image.tmdb.org/t/p/w500/1Aee8HBwkq1yjKYMnL9YMPhXJZ.jpg
2620,3.6944444444444446,36,3.260315929178309,This Is My Father (1998),"7, 14",https://image.tmdb.org/t/p/w500/xKOdv0qSUFLcMpHftpk19M0G5DA.jpg
1051,3.4183673469387754,98,3.2601472432459158,Trees Lounge (1996),7,https://image.tmdb.org/t/p/w500/2DtoVhI9RkArGbzkvctGxY578QN.jpg
2579,3.793103448275862,29,3.260081534325636,Following (1998),7,https://image.tmdb.org/t/p/w500/3bX6VVSMf0dvzk5pMT4ALG5A92d.jpg
2738,3.4556962025316458,79,3.2600764920049414,Crimes of the Heart (1986),"4, 7",https://image.tmdb.org/t/p/w500/yet0Ww2A7f5qT7MisDuIBSXdV3r.jpg
1123,3.727272727272727,33,3.2600286475881903,"Perfect Candidate, A (1996)",6,https://image.tmdb.org/t/p/w500/j0L0xEFawqZJE8Ik3JRKqKL3mLH.jpg
1423,4.357142857142857,14,3.2599486802770614,Hearts and Minds (1996),7,https://image.tmdb.org/t/p/w500/yXnpP2RAZbG3DQufUGcOM5hU4cF.jpg
3571,3.377952755905512,127,3.2595117849223527,Time Code (2000),7,https://image.tmdb.org/t/p/w500/8widsG0qS6tjsblEt5DOBuTPGcw.jpg
298,3.9130434782608696,23,3.2594974668252426,Pushing Hands (1992),4,https://image.tmdb.org/t/p/w500/46WdJMUhZpIsG5D7bb0lYjoE1Uu.jpg
3738,3.4545454545454546,77,3.25948151740359,"Sugarland Express, The (1974)",7,https://image.tmdb.org/t/p/w500/csahjHhtJ9NzFKcxVcw7S4Pyfj.jpg
3329,3.814814814814815,27,3.2594472488909387,"Year My Voice Broke, The (1987)",7,https://image.tmdb.org/t/p/w500/eThAKG78ypcpyZSysue7exgMuZS.jpg
722,3.814814814814815,27,3.2594472488909387,"Haunted World of Edward D. Wood Jr., The (1995)",6,https://image.tmdb.org/t/p/w500/1iHw2fqWftJDtIGgos2aiOR8anm.jpg
2037,3.537037037037037,54,3.2594407706266693,Candleshoe (1977),"1, 3, 4",https://image.tmdb.org/t/p/w500/6Rq9u5fnS6PzWz9dgPQmBhgDvRJ.jpg
2938,3.7419354838709675,31,3.259397559218929,Man Facing Southeast (Hombre Mirando al Sudeste) (1986),7,https://image.tmdb.org/t/p/w500/vxTNlao45QcCr97s0VcBFXXIxF6.jpg
1068,3.6857142857142855,35,3.259348389517325,Crossfire (1947),"5, 9",https://image.tmdb.org/t/p/w500/e5Flo1Z9YD75Q9tLlKpNy3dpzvv.jpg
2681,3.604651162790698,43,3.2592515777164985,Free Enterprise (1998),"4, 14, 15",https://image.tmdb.org/t/p/w500/eH6wXfqBh56RReOnqbST3krGY3T.jpg
649,4.1875,16,3.259251299511731,Cold Fever (Á köldum klaka) (1994),"4, 7",https://image.tmdb.org/t/p/w500/hFqI4uEViGZWPzebAm0gFs63Ewp.jpg
3092,4.0,20,3.259201926332215,Chushingura (1962),7,https://image.tmdb.org/t/p/w500/ywLKY3hYGWxMhH7UNr19JECL2li.jpg
2155,3.3146067415730336,267,3.2591789701816314,"Slums of Beverly Hills, The (1998)",4,
1533,3.875,24,3.2591530773536763,"Promise, The (La Promesse) (1996)",7,https://image.tmdb.org/t/p/w500/tdm4mlc27S1d72ub4Y4xcU2OlDD.jpg
269,3.5272727272727273,55,3.259110062187374,My Crazy Life (Mi vida loca) (1993),7,https://image.tmdb.org/t/p/w500/gtKIaHUqkNqdgVnMFosyVJXvKMC.jpg
3370,3.4302325581395348,86,3.259070317334145,Betrayed (1988),"7, 16",https://image.tmdb.org/t/p/w500/37BAn5IK9SYjVE2S2JABpMXHtTX.jpg
2237,3.590909090909091,44,3.2589164108416226,Without Limits (1998),7,https://image.tmdb.org/t/p/w500/2HoKVqCzVOez7DEwHApc73bKobg.jpg
236,3.303680981595092,326,3.258902741625765,French Kiss (1995),"4, 14",https://image.tmdb.org/t/p/w500/btmWbVB3x8nLJms1WHOEsqFka6N.jpg
2499,3.5384615384615383,52,3.258825136002553,God Said 'Ha!' (1998),4,https://image.tmdb.org/t/p/w500/urlVr0D7fCEVK4RU0BiMs7PB5eF.jpg
3143,3.696969696969697,33,3.2587171721783545,Hell in the Pacific (1968),"7, 18",https://image.tmdb.org/t/p/w500/kEiJRrDP6m0o96v7n2UMtad4sAF.jpg
83,3.696969696969697,33,3.2587171721783545,Once Upon a Time... When We Were Colored (1995),7,https://image.tmdb.org/t/p/w500/2qeQStLy1wiqDFa1Dnm02f5UacO.jpg
2346,3.3066666666666666,300,3.2586419075143227,"Stepford Wives, The (1975)","15, 16",https://image.tmdb.org/t/p/w500/ygr0Wlmm1KmE16TUefNitIscVBG.jpg
57,3.404040404040404,99,3.2586262447628185,Home for the Holidays (1995),7,https://image.tmdb.org/t/p/w500/3zqlKdOttWyExzopVxglz50Vjxq.jpg
2880,3.4583333333333335,72,3.258604920506544,Operation Condor 2 (Longxiong hudi) (1990),"0, 1, 4",https://image.tmdb.org/t/p/w500/vkj5JxVgY1ZYhX4pBHHgwdRNEkl.jpg
1879,3.909090909090909,22,3.2585121008463007,"Hanging Garden, The (1997)",7,https://image.tmdb.org/t/p/w500/kXhjuFB4U8xkEd6SY84S42w3Q8R.jpg
1429,3.3063973063973062,297,3.258423617911345,Jackie Chan's First Strike (1996),0,https://image.tmdb.org/t/p/w500/bRHbteT4IORJOXY0Qrnb4FPXRS0.jpg
2131,3.7333333333333334,30,3.2584224407978866,Autumn Sonata (Höstsonaten ) (1978),7,https://image.tmdb.org/t/p/w500/6beNbtCXv3GkzHkxkGYf38ib7v8.jpg
3132,3.6315789473684212,38,3.258334649884033,Daddy Long Legs (1919),4,https://image.tmdb.org/t/p/w500/2Tt12RPDJP4KnepYsJ4hrEQS7El.jpg
1056,3.54,50,3.2582063422527203,Jude (1996),7,https://image.tmdb.org/t/p/w500/ud8YPgNwTDOCrB36gobLijDvNwO.jpg
2843,3.869565217391304,23,3.2581685631707575,"Black Cat, White Cat (Crna macka, beli macor) (1998)","4, 14",https://image.tmdb.org/t/p/w500/gGtt1IQUAzEjOPS1xHoC9PDX2VT.jpg
665,3.657142857142857,35,3.258040345043813,Underground (1995),18,https://image.tmdb.org/t/p/w500/zaWVpk2COx93OHq9Vz41xl0Sij7.jpg
2506,3.3435582822085887,163,3.2580076681075574,"Other Sister, The (1999)","4, 7, 14",https://image.tmdb.org/t/p/w500/4rBrYRkB7btGex5Bs0yOpqBZgsR.jpg
3637,3.95,20,3.2578677035170047,Vagabond (Sans toit ni loi) (1985),7,https://image.tmdb.org/t/p/w500/iQzxeLged0vhOxMUIO7powTX2fj.jpg
1695,3.6875,32,3.2577437213210705,Artemisia (1997),7,https://image.tmdb.org/t/p/w500/5mMzt0Cw99wNk0xTT7YOdRxaqZp.jpg
145,3.2955801104972378,362,3.257692939794773,Bad Boys (1995),0,https://image.tmdb.org/t/p/w500/mjDuFfwGFB1G3VRXE4s3dEemdaU.jpg
3632,3.6,40,3.2576632147966147,Monsieur Verdoux (1947),4,https://image.tmdb.org/t/p/w500/mUPXIinTQsBdLlDaWiSl7GwQXVs.jpg
1563,3.6,40,3.2576632147966147,Dream With the Fishes (1997),7,https://image.tmdb.org/t/p/w500/wEYVS0WSCC7ZtT9D1ZnpGA3RvDK.jpg
1464,3.3517241379310345,145,3.257600736176095,Lost Highway (1997),13,https://image.tmdb.org/t/p/w500/fdTtij6H0sX9AzIjUeynh5zbfm7.jpg
155,3.413793103448276,87,3.25752828387752,Beyond Rangoon (1995),"7, 18",https://image.tmdb.org/t/p/w500/xTiy5kSP3Hetig7xB4E8INq5ron.jpg
289,3.3417721518987342,158,3.2572077113081637,Only You (1994),"4, 14",https://image.tmdb.org/t/p/w500/fFZUakJrWl5TZmDLKVBtDg9OxmU.jpg
2753,3.491228070175439,57,3.2571797123788877,"Bedroom Window, The (1987)",16,https://image.tmdb.org/t/p/w500/7JT5mzLBuABKqDNvCvfnjrvYQC6.jpg
3734,3.491228070175439,57,3.2571797123788877,Prince of the City (1981),7,https://image.tmdb.org/t/p/w500/tdERW77zecB5pkKWWeqbSkns0t4.jpg
2512,3.9473684210526314,19,3.2568762108029325,"Ballad of Narayama, The (Narayama Bushiko) (1982)",7,https://image.tmdb.org/t/p/w500/ewYZmeoqzE5XsL0Jlcorlu9iwGe.jpg
3415,3.8260869565217392,23,3.2568396595162725,"Mirror, The (Zerkalo) (1975)",7,https://image.tmdb.org/t/p/w500/6k7UuJadZOnPWQ3KWOcpVOXNgIt.jpg
49,3.740740740740741,27,3.256803494760073,When Night Is Falling (1995),"7, 14",https://image.tmdb.org/t/p/w500/6Ac5GLwJ01uli5mCXqXwquR36Y1.jpg
2165,3.376146788990826,109,3.2567344588980265,Your Friends and Neighbors (1998),7,https://image.tmdb.org/t/p/w500/aEocqXBt4P6E8cWH00nPNu1Wsfj.jpg
605,3.314159292035398,226,3.256694760634218,One Fine Day (1996),"7, 14",https://image.tmdb.org/t/p/w500/Ao6OFtTH93p0yZ4vFNjHz5QgPrB.jpg
521,3.3675213675213675,117,3.2566708136869407,Romeo Is Bleeding (1993),"5, 16",https://image.tmdb.org/t/p/w500/ojXNRpHMXU99UFmF9MKKiJCymKr.jpg
1310,3.558139534883721,43,3.2566625809527445,Hype! (1996),6,https://image.tmdb.org/t/p/w500/vfR9veCwZMZXfpCF5QlnaLFoSr1.jpg
128,4.333333333333333,12,3.256603970041801,Jupiter's Wife (1994),6,https://image.tmdb.org/t/p/w500/2GIdaPLF7gYyXnlxGzTwV5fQGWy.jpg
1412,3.9,20,3.2565334807017945,Some Mother's Son (1996),7,https://image.tmdb.org/t/p/w500/ngy7zafrXEDCUOPfolcbFofMDmI.jpg
18,3.337579617834395,157,3.2563698181455107,Four Rooms (1995),16,https://image.tmdb.org/t/p/w500/75aHn1NOYXh4M7L5shoeQ6NGykP.jpg
2503,4.666666666666667,9,3.2562922732376376,"Apple, The (Sib) (1998)",7,https://image.tmdb.org/t/p/w500/9EnutQg30a9r2tU4qhvK3oSOp9K.jpg
3903,3.5,52,3.256265954940493,Urbania (2000),7,https://image.tmdb.org/t/p/w500/bl2RsU7kzOm1AjZhCBepCxuFToY.jpg
2939,3.5,52,3.256265954940493,Niagara (1953),"7, 16",https://image.tmdb.org/t/p/w500/wb9OBAiO3aUpY4UBkE07KscXSkA.jpg
491,3.3160377358490565,212,3.2562632435326555,"Man Without a Face, The (1993)",7,https://image.tmdb.org/t/p/w500/p4Q0Mrb1hNpbeVeugResbwf0To.jpg
781,3.378640776699029,103,3.2561823949381323,Stealing Beauty (1996),7,https://image.tmdb.org/t/p/w500/5ugxnyVmBK952bwOcE4M0szNimx.jpg
490,3.324324324324324,185,3.256174788174954,Malice (1993),16,https://image.tmdb.org/t/p/w500/6kcjUrhvHrXSLDLQHvcOvJmLSqs.jpg
1835,3.289617486338798,366,3.255839200169781,City of Angels (1998),14,https://image.tmdb.org/t/p/w500/iuzxpUjHsbQJXV3kB9ZAdCimM60.jpg
1572,3.730769230769231,26,3.2558197799946993,Contempt (Le Mépris) (1963),7,https://image.tmdb.org/t/p/w500/yUgtpY4NuLTW7jaaKoqhg8XVyGW.jpg
3559,3.6666666666666665,30,3.255789129408815,Limelight (1952),7,https://image.tmdb.org/t/p/w500/tDD11x3ZWCXXXwdpbGEU9uU4kh1.jpg
850,3.6666666666666665,30,3.255789129408815,Cyclo (1995),"5, 7",https://image.tmdb.org/t/p/w500/zYT1ayJHcS8x0otYHJYZlr27Js.jpg
1067,3.782608695652174,23,3.2555107558617875,"Damsel in Distress, A (1937)","4, 12, 14",https://image.tmdb.org/t/p/w500/uqRcVA1JCbpPngcXu68Gzm8qR7I.jpg
862,3.6451612903225805,31,3.2554527860433864,Manny & Lo (1996),7,https://image.tmdb.org/t/p/w500/zFmI1p0CTLneVkqFtgq5jub0hvV.jpg
3010,3.6,35,3.2554242560967888,Rosetta (1999),7,https://image.tmdb.org/t/p/w500/buwLjQPPA9FaATvKzeAppLXiGMB.jpg
2481,3.6,35,3.2554242560967888,My Name Is Joe (1998),"7, 14",https://image.tmdb.org/t/p/w500/e9awu6tsCyWPAUA2eEoelFSTbcb.jpg
3947,3.4727272727272727,55,3.2552859704091714,Get Carter (1971),16,https://image.tmdb.org/t/p/w500/xGANaRWD6638ch1qQmqgRp395R6.jpg
53,4.75,8,3.2552838559810104,Lamerica (1994),7,https://image.tmdb.org/t/p/w500/nnLpA4mqb3gvhNJQZ00cOyBmeq3.jpg
1117,4.25,12,3.2552553523749093,"Eighth Day, The (Le Huitième jour ) (1996)",7,https://image.tmdb.org/t/p/w500/cgpJTvFcd0NJyJRTKYaBoLMuqdW.jpg
3197,3.302788844621514,251,3.2552492032493574,"Presidio, The (1988)",0,https://image.tmdb.org/t/p/w500/eRZX1tbCoMJfwwYJ7LDtxUjyCnb.jpg
2261,3.329192546583851,161,3.255218241197075,One Crazy Summer (1986),4,https://image.tmdb.org/t/p/w500/hwrMVPwGFB3fouqD5PhhmbafB7G.jpg
831,3.85,20,3.2551992578865847,Stonewall (1995),7,https://image.tmdb.org/t/p/w500/jkUKuPK0dJwP9o47npgLipp83D0.jpg
2665,3.4225352112676055,71,3.255180317034347,Earth Vs. the Flying Saucers (1956),15,https://image.tmdb.org/t/p/w500/qCOLglZvQgQAyWMCZodBo3wmgqp.jpg
583,3.6785714285714284,28,3.255144348232337,Dear Diary (Caro Diario) (1994),"4, 7",
956,3.55,40,3.255064124478226,Penny Serenade (1941),"7, 14",https://image.tmdb.org/t/p/w500/7MC1fE5FSEIP9xf0N2VD68zRKv2.jpg
68,3.45,60,3.2549358376010074,French Twist (Gazon maudit) (1995),"4, 14",https://image.tmdb.org/t/p/w500/xlLnHizshGBwMiNrnop2kg2nYzE.jpg
659,3.72,25,3.254833457635514,Purple Noon (1960),"5, 16",https://image.tmdb.org/t/p/w500/xGVRU34izQwG8YQNfVOSfKPhD3S.jpg
2813,3.6551724137931036,29,3.2548079680764603,"Source, The (1999)",6,https://image.tmdb.org/t/p/w500/s6aeswUubPwVtWFnVcaClS6980q.jpg
1566,3.279317697228145,469,3.254711592645803,Hercules (1997),"1, 2, 3, 4, 12",https://image.tmdb.org/t/p/w500/x02VMg4z7frtezt7bGSAw37mHqg.jpg
3320,3.511111111111111,45,3.2547086427191676,Mifune (Mifunes sidste sang) (1999),"4, 14",https://image.tmdb.org/t/p/w500/qEg7dmFcPqjF5kBYD0Bkz2CVyYB.jpg
1824,3.3653846153846154,104,3.2546752774876966,Homegrown (1998),"4, 16",https://image.tmdb.org/t/p/w500/feQeYHriKLCjzkUEjg4D81ggyYs.jpg
3896,3.3184357541899443,179,3.2545644950864006,"Way of the Gun, The (2000)","5, 16",https://image.tmdb.org/t/p/w500/wrjMMdgn1a4ChlaBmlzKnb78nr6.jpg
3612,3.6333333333333333,30,3.254472473714279,"Slipper and the Rose, The (1976)","1, 12, 14",https://image.tmdb.org/t/p/w500/o7tQ79sqZwt5dQskCW5ymjtd13r.jpg
571,3.588235294117647,34,3.25444904228683,"Wedding Gift, The (1994)",7,
2133,3.2754158964879854,541,3.254444583853597,Adventures in Babysitting (1987),"1, 4",https://image.tmdb.org/t/p/w500/t12bYhmv7LIcHT4TGGpW6WaMV2W.jpg
1552,3.2662473794549265,954,3.2543937296026106,Con Air (1997),"0, 1, 16",https://image.tmdb.org/t/p/w500/kOKjgrEzGOP92rVQ6srA9jtp60l.jpg
2469,3.2766798418972334,506,3.254368145516791,Peggy Sue Got Married (1986),"4, 14",https://image.tmdb.org/t/p/w500/tfuQcvQmURiMqB2VPwytU3cPpEm.jpg
1614,3.2803738317757007,428,3.254230534588333,In & Out (1997),4,https://image.tmdb.org/t/p/w500/jUTQp6cPgfOX4St2WfaeUvxZCts.jpg
3585,3.8421052631578947,19,3.25420420011489,"Great Locomotive Chase, The (1956)","1, 18",https://image.tmdb.org/t/p/w500/siLEcZZS3VXPkBmaDPPYe6sNG40.jpg
3055,3.3902439024390243,82,3.2541858826691255,Felicia's Journey (1999),16,https://image.tmdb.org/t/p/w500/itqEwiINuYvaqvFKw5YWitnqAUc.jpg
1725,3.739130434782609,23,3.2541818522073025,"Education of Little Tree, The (1997)",7,https://image.tmdb.org/t/p/w500/cBJCiV56y5i5kEWZw1vXf2QYuFM.jpg
702,3.6666666666666665,27,3.254159740629207,Faces (1968),7,https://image.tmdb.org/t/p/w500/qTkhxFQ0o6DEtTtPXkv4IA5M90J.jpg
2626,3.5714285714285716,35,3.254116211623277,Edge of Seventeen (1998),"4, 7, 14",https://image.tmdb.org/t/p/w500/qsyG50KDdfxPZxVSLrNmlwWBgWm.jpg
3194,3.3045454545454547,220,3.2541041008804585,"Way We Were, The (1973)",7,https://image.tmdb.org/t/p/w500/tyzl9ts3rwoPV4nFs6wwgrneMwX.jpg
2045,3.4545454545454546,55,3.2540112731497706,"Far Off Place, A (1993)","1, 3, 7, 14",https://image.tmdb.org/t/p/w500/uVTs2cUYgeGkdiPoszBOjFXqvNd.jpg
2003,3.268041237113402,776,3.253916867343736,Gremlins (1984),"4, 10",https://image.tmdb.org/t/p/w500/6m0F7fsXjQvUbCZrPWcJNrjvIui.jpg
292,3.2687585266030013,733,3.253861089768202,Outbreak (1995),"0, 7, 16",https://image.tmdb.org/t/p/w500/4KymNvlWR0XF0sqX2BWRd9Z3yXR.jpg
1415,3.5555555555555554,36,3.253784250536898,"Thieves (Voleurs, Les) (1996)","5, 7, 14",https://image.tmdb.org/t/p/w500/5le6Vv7C3STrT58y2d18pSBNPKz.jpg
3318,3.4791666666666665,48,3.253725844097743,Deterrence (1998),16,https://image.tmdb.org/t/p/w500/qAkbSZ3RY7E6jVYi5FNvc27o019.jpg
3532,3.761904761904762,21,3.2535267738654166,Freedom for Us (À nous la liberté ) (1931),4,
1893,3.761904761904762,21,3.2535267738654166,Beyond Silence (1996),7,https://image.tmdb.org/t/p/w500/bfNOcXDcwzKOlJoTtQM4lsEVxS1.jpg
3441,3.2757894736842106,475,3.253442792682437,Red Dawn (1984),"0, 18",https://image.tmdb.org/t/p/w500/vqO1yWqMubrQu4wkpHUETUo0mHy.jpg
2630,3.5121951219512195,41,3.253435228794283,Besieged (L' Assedio) (1998),7,https://image.tmdb.org/t/p/w500/4GLMogpGu4CcWDVoU7tpa2enaiV.jpg
2931,4.3,10,3.2532411680676065,Time of the Gypsies (Dom za vesanje) (1989),7,https://image.tmdb.org/t/p/w500/fF9kWNMjiXC6f4YrdVFA0ScnWgQ.jpg
2839,4.3,10,3.2532411680676065,West Beirut (West Beyrouth) (1998),7,https://image.tmdb.org/t/p/w500/djx4ceoh6o5kdLKRuPsMULNWvDl.jpg
2175,3.8333333333333335,18,3.2532064799812646,Déjà Vu (1997),"7, 14",https://image.tmdb.org/t/p/w500/eTX6hklzFOiEVqVukNCEedZKhix.jpg
735,3.3564356435643563,101,3.2531870485081216,Cemetery Man (Dellamorte Dellamore) (1994),"4, 10",https://image.tmdb.org/t/p/w500/cI5AV3jCuxmoQp0N7Z16SI2b7Xk.jpg
211,3.5588235294117645,34,3.2531392845920037,"Browning Version, The (1994)",7,https://image.tmdb.org/t/p/w500/8My9Wnzu1zasVVzGdDj5y2dItuM.jpg
99,3.46,50,3.253074847704933,Heidi Fleiss: Hollywood Madam (1995),6,https://image.tmdb.org/t/p/w500/laPSb9I8TuYslOh1OcgaTByWKnw.jpg
700,3.3241379310344827,145,3.253026693866204,Angus (1995),4,
3795,3.409090909090909,66,3.2530130028736584,"Five Senses, The (1999)",7,
2661,3.3617021276595747,94,3.2529105571171772,It Came from Outer Space (1953),15,https://image.tmdb.org/t/p/w500/zPXff8iRma28YQFApfzuWadZXzP.jpg
421,3.3617021276595747,94,3.2529105571171772,Black Beauty (1994),"1, 3",https://image.tmdb.org/t/p/w500/5ZjMNJJabwBEnGVQoR2yoMEL9um.jpg
2197,4.181818181818182,11,3.2528991813450303,Firelight (1997),7,https://image.tmdb.org/t/p/w500/hkgSUgPdOehzyGjczoytG3bzNaW.jpg
681,3.933333333333333,15,3.252883604816649,Clean Slate (Coup de Torchon) (1981),5,https://image.tmdb.org/t/p/w500/kAYsvQvBVshLHGTIDGHcj9jTJq0.jpg
3128,3.450980392156863,51,3.2527506006226714,"Map of the World, A (1999)",7,https://image.tmdb.org/t/p/w500/yhoXmw3zbds7gjDPJfA7CiNNssI.jpg
3309,3.6666666666666665,24,3.2525173772873193,"Dog's Life, A (1920)",4,https://image.tmdb.org/t/p/w500/ybbNggVtUaFWPeSwF4tQuqKhSAW.jpg
2711,3.5625,32,3.2524909307760934,My Life So Far (1999),7,https://image.tmdb.org/t/p/w500/6lXglg96vfFuHCDdmNof1bdyd0F.jpg
1812,3.477272727272727,44,3.2524522867304397,Wide Awake (1998),"3, 4, 7",https://image.tmdb.org/t/p/w500/xnqLUL2l71KVSaqiz9fbFpXtEFe.jpg
3410,4.333333333333333,9,3.2522299848151595,Soft Fruit (1999),"4, 7",https://image.tmdb.org/t/p/w500/eaOehKsttNGjoaUwVRvn7c6HMQ8.jpg
632,4.0,13,3.2522179714289496,Land and Freedom (Tierra y libertad) (1995),18,https://image.tmdb.org/t/p/w500/u5QRqW0vFYMHFzeQJ4oFgJtu5Xp.jpg
2189,3.7142857142857144,21,3.2521943288287742,I Married A Strange Person (1997),2,https://image.tmdb.org/t/p/w500/jzslR1LbleGKRb9LU9EPX1BmSUz.jpg
2024,3.3175675675675675,148,3.2521616453401654,"Rapture, The (1991)","7, 13",https://image.tmdb.org/t/p/w500/evcCra9puM8pkaWUTkYwuCEnb3o.jpg
335,3.4878048780487805,41,3.252137370260863,"Underneath, The (1995)","13, 16",https://image.tmdb.org/t/p/w500/jzkyitgHZsFsc6s44P1vaTSYmS7.jpg
2770,3.2620320855614975,935,3.2518905640048037,Bowfinger (1999),4,https://image.tmdb.org/t/p/w500/iGuiFYEYwFkaRPl3FgLJYEm6dWq.jpg
2824,3.9285714285714284,14,3.2518787408016077,On the Ropes (1999),6,https://image.tmdb.org/t/p/w500/vaqNize5xphjgShpdYRc9ezO5z5.jpg
771,3.7777777777777777,18,3.251868687339124,"Vie est belle, La (Life is Rosey) (1987)","4, 7",https://image.tmdb.org/t/p/w500/aWU6bdzk1vqmGhMTKixafxIEeBW.jpg
3409,3.272331154684096,459,3.2518063473167818,Final Destination (2000),"7, 16",https://image.tmdb.org/t/p/w500/1mXhlQMnlfvJ2frxTjZSQNnA9Vp.jpg
2645,3.343137254901961,102,3.2516799083415453,Dracula (1958),10,https://image.tmdb.org/t/p/w500/gU0BMydJQV9HES5fRAEAPs2qw2M.jpg
3594,3.302197802197802,182,3.251532467126709,Center Stage (2000),7,https://image.tmdb.org/t/p/w500/95Et0t08Nv6S8FD593HpXyvcRt8.jpg
896,3.4313725490196076,51,3.25146937064189,Wild Reeds (1994),7,https://image.tmdb.org/t/p/w500/yTBEcAsD8OoIs8thYXl7FZuUXN3.jpg
3217,3.3516483516483517,91,3.251397737703833,"Star Is Born, A (1937)",7,https://image.tmdb.org/t/p/w500/3Hr63lBDhvYGpSd8HxDpWvowZpY.jpg
999,3.2832167832167833,286,3.251375523176755,2 Days in the Valley (1996),5,https://image.tmdb.org/t/p/w500/kKSr1PP7IVJek8heFWbSrmJXVMZ.jpg
3625,3.8125,16,3.2512030097733002,Better Living Through Circuitry (1999),6,https://image.tmdb.org/t/p/w500/3UUdjElayMyi6pSYq6SBLBRIKvG.jpg
3137,3.8125,16,3.2512030097733002,"Sea Wolves, The (1980)","0, 18",https://image.tmdb.org/t/p/w500/ulw3lbth1mdOXS8XuTr4t27WsEF.jpg
389,3.7,20,3.251196589440954,"Colonel Chabert, Le (1994)","7, 14, 18",https://image.tmdb.org/t/p/w500/Usaduh828gtYe6jw9DosnPJ7I9.jpg
1696,3.5714285714285716,28,3.251183952192733,Bent (1997),"7, 18",https://image.tmdb.org/t/p/w500/xUqimeu4KzFeqTvblNLvG8Y1DAo.jpg
1859,3.53125,32,3.251177733139849,Taste of Cherry (1997),7,https://image.tmdb.org/t/p/w500/u6GYH4HyR0BVwpqFuTOc2g4KB1L.jpg
1922,3.423076923076923,52,3.251147592816373,Whatever (1998),7,https://image.tmdb.org/t/p/w500/50LDvIjveOcNeDDybh3HXUpNb9t.jpg
2059,3.283582089552239,268,3.2508990915147824,"Parent Trap, The (1998)","3, 7",https://image.tmdb.org/t/p/w500/jaZFWy6ZAvQoMW2mo9xP5gx4URo.jpg
96,3.923076923076923,13,3.2508711700821484,In the Bleak Midwinter (1995),4,https://image.tmdb.org/t/p/w500/lam5mVjru6yhgG8N1MHCqAUrxzL.jpg
2904,3.764705882352941,17,3.2508665020575958,Rain (1932),7,https://image.tmdb.org/t/p/w500/loiZCnkxAiSDyFmCAsUoTm62CAb.jpg
1509,3.6666666666666665,21,3.2508618837921324,All Over Me (1997),7,https://image.tmdb.org/t/p/w500/7uaidDfupjHRmAKsEFPTjPxJtAq.jpg
3670,3.6666666666666665,21,3.2508618837921324,"Story of G.I. Joe, The (1945)",18,https://image.tmdb.org/t/p/w500/oOlCfMtwobk2bNgqpXaaf17OtBo.jpg
2086,3.5517241379310347,29,3.250852793389578,One Magic Christmas (1985),"7, 8",https://image.tmdb.org/t/p/w500/kiKa6GhHDPRLgo4VAFRmeMBrvdB.jpg
760,3.515151515151515,33,3.250848319719338,Stalingrad (1993),18,https://image.tmdb.org/t/p/w500/8lP0RcUxvtpoG2jelsqOhPzpKYS.jpg
2766,3.515151515151515,33,3.250848319719338,"Adventures of Sebastian Cole, The (1998)","4, 7",https://image.tmdb.org/t/p/w500/isgUjJ9dlDyUJqEWtFrNeQe1wMg.jpg
2205,3.515151515151515,33,3.250848319719338,Mr. & Mrs. Smith (1941),4,https://image.tmdb.org/t/p/w500/kjD700RtyhveN3ZbOnSvUSne0Qj.jpg
988,3.3768115942028984,69,3.2508100736205323,Grace of My Heart (1996),"4, 7",https://image.tmdb.org/t/p/w500/fkgVjmbN9VdBxguNi6tz6lb3sDu.jpg
2106,3.2972972972972974,185,3.250707319612898,Swing Kids (1993),"7, 18",https://image.tmdb.org/t/p/w500/o85xTgX5ByDewuYo5yOLIsP02CX.jpg
1385,3.2689804772234274,461,3.2505433379134776,Under Siege (1992),0,https://image.tmdb.org/t/p/w500/8FDwOGJT7OSE3Rho4qDoifMpOTW.jpg
2187,3.576923076923077,26,3.2505252730456586,Stage Fright (1950),"13, 16",https://image.tmdb.org/t/p/w500/a92NoM9rikfHrLbWS2Isg0cYXw4.jpg
1755,3.533333333333333,30,3.2505225066306713,Shooting Fish (1997),14,https://image.tmdb.org/t/p/w500/dZpmEHrdxlJyJFf8lwfgKSXBk6X.jpg
2842,3.4523809523809526,42,3.250514379502262,Best Laid Plans (1999),"5, 7",https://image.tmdb.org/t/p/w500/yvsfeDsJrTV4stJhYY00zL5e8WW.jpg
1255,3.4074074074074074,54,3.250506501322266,Bad Taste (1987),"4, 10",https://image.tmdb.org/t/p/w500/msttMX3undIiaeJLZbMRq94v1bw.jpg
3112,3.3714285714285714,70,3.2504963649605942,'Night Mother (1986),7,https://image.tmdb.org/t/p/w500/5khUZ1QWNUNd9Ryq56kRbDU1959.jpg
2803,3.2745664739884393,346,3.250368985389117,"Pelican Brief, The (1993)",16,https://image.tmdb.org/t/p/w500/1V9B0fk3dh2Af2yUI5mAEETJNNT.jpg
2275,3.3661971830985915,71,3.250183440082442,Six-String Samurai (1998),"0, 1, 15",https://image.tmdb.org/t/p/w500/4Lo0pT1gnDAL4hTVMYLwpVWcqR1.jpg
2057,3.340659340659341,91,3.250178968660567,"Incredible Journey, The (1963)","1, 3",https://image.tmdb.org/t/p/w500/el6dJEpK97OJRQiQhuiSGk2jkV5.jpg
1836,3.311111111111111,135,3.2501698597871544,"Last Days of Disco, The (1998)",7,https://image.tmdb.org/t/p/w500/lReaAZCsA0GXvJrxzSMsFxwgh6F.jpg
2573,3.4166666666666665,48,3.2498673231974218,Tango (1998),7,https://image.tmdb.org/t/p/w500/zFrckeBscdJO0UiLzi0SfUHT14m.jpg
1511,3.5833333333333335,24,3.2498630972607767,A Chef in Love (1996),4,https://image.tmdb.org/t/p/w500/f7DjoYUwHgzDUPK96bahLBxdkKr.jpg
3854,3.65,20,3.249862366625744,Aimée & Jaguar (1999),"7, 14",https://image.tmdb.org/t/p/w500/vd6c4PliEGXgtWTzq1iFxnXIE5H.jpg
974,3.75,16,3.2498616281502284,Algiers (1938),"7, 14",https://image.tmdb.org/t/p/w500/dyf5AO7x4MBPDJzZjhHk3wwfKow.jpg
1144,3.75,16,3.2498616281502284,"Line King: Al Hirschfeld, The (1996)",6,https://image.tmdb.org/t/p/w500/msLmn8QJLKpG8GHwbSbvX6iYmoB.jpg
598,4.25,8,3.249860127167451,Window to Paris (1994),4,https://image.tmdb.org/t/p/w500/pV9ziTxVGDFRgVqiWkxJnKjzaxM.jpg
1002,4.25,8,3.249860127167451,Ed's Next Move (1996),4,https://image.tmdb.org/t/p/w500/65HTeE8ghN3SemUet2SHepxTgsY.jpg
1480,3.279245283018868,265,3.249644890684761,Smilla's Sense of Snow (1997),"0, 7, 16",https://image.tmdb.org/t/p/w500/3eeCYGVWb4Ic8SFpARGWOjyl9Md.jpg
2551,3.291005291005291,189,3.24961550766031,Dead Ringers (1988),"7, 16",https://image.tmdb.org/t/p/w500/ofXwDfM8uYAaftD7cBPcIWdCpMn.jpg
3214,3.329896907216495,97,3.249572708754985,American Flyers (1985),7,https://image.tmdb.org/t/p/w500/sa8otETzs4ZJ77s7LypCmD0zzQe.jpg
1008,3.329896907216495,97,3.249572708754985,"Davy Crockett, King of the Wild Frontier (1955)",19,https://image.tmdb.org/t/p/w500/7IFRrsQdaaUJaemg2z35fshzswd.jpg
3863,3.2613981762917934,658,3.249565292818735,"Cell, The (2000)","15, 16",https://image.tmdb.org/t/p/w500/koap5B3bQHQi3yaZ39vpWR66TGP.jpg
1669,3.4594594594594597,37,3.2495392612994065,"Tango Lesson, The (1997)",14,https://image.tmdb.org/t/p/w500/dFrkFLIGUiHTu74WGE3633XXi4C.jpg
718,3.484848484848485,33,3.249536844309502,"Visitors, The (Les Visiteurs) (1993)","4, 15",https://image.tmdb.org/t/p/w500/lrndhfRfb1i8yTQCuOSKLJcVqKD.jpg
2963,3.7058823529411766,17,3.2495269173288617,Joe the King (1999),"5, 7",https://image.tmdb.org/t/p/w500/A3zyud9K36gq4cVGdMr326tHMLE.jpg
3245,4.8,5,3.2495191882722874,I Am Cuba (Soy Cuba/Ya Kuba) (1964),7,https://image.tmdb.org/t/p/w500/yjkqAhn3hdO7PIO1Cf9eMUAczOk.jpg
468,3.2714285714285714,350,3.249441263349694,"Englishman Who Went Up a Hill, But Came Down a Mountain, The (1995)","4, 14",https://image.tmdb.org/t/p/w500/dnatrgiXFf6BLfb2IKHVmg9tCi7.jpg
3617,3.2673031026252985,419,3.2492571561044796,Road Trip (2000),4,https://image.tmdb.org/t/p/w500/hi6Adn2X4379LlCvQTAN5BUDbYP.jpg
1241,3.357142857142857,70,3.2492455832220077,Braindead (1992),"4, 10",https://image.tmdb.org/t/p/w500/pa39D8TQs6aNw3hiUs4jLjHVUB0.jpg
252,3.2697547683923704,367,3.2492219277574055,I.Q. (1994),"4, 14",https://image.tmdb.org/t/p/w500/1dLR9LX4O8DSyaU5OR3N0472IR.jpg
2143,3.2704225352112677,355,3.249213318382661,Legend (1985),"1, 8, 14",https://image.tmdb.org/t/p/w500/4shf5Alq4KWCKqrAAQe0JGJHYp5.jpg
394,3.6666666666666665,18,3.2491931020548432,Coldblooded (1995),0,https://image.tmdb.org/t/p/w500/zfU3QJVqnY3wW1La9ptrOYGFdbP.jpg
1450,3.7857142857142856,14,3.2491887609764563,Prisoner of the Mountains (Kavkazsky Plennik) (1996),18,https://image.tmdb.org/t/p/w500/82WdNsibYEwZI3u3XB0ndfKKKLe.jpg
2836,3.294478527607362,163,3.2490440826733837,Outside Providence (1999),4,https://image.tmdb.org/t/p/w500/xSqewkFWR0zs7OkXLOd10VnxFPN.jpg
964,3.392156862745098,51,3.248906910680327,Angel and the Badman (1947),19,https://image.tmdb.org/t/p/w500/tbnte13MT1mke828R0rKmNZ41G6.jpg
1151,3.4838709677419355,31,3.248878164084149,Faust (1994),"2, 4, 16",https://image.tmdb.org/t/p/w500/sKhITjjuWJlrILEXfCPFNQpR2RZ.jpg
2981,3.7333333333333334,15,3.2488540547830693,"Brother, Can You Spare a Dime? (1975)",6,https://image.tmdb.org/t/p/w500/vwcE04LiNzgcfEfquiOFXA4wcY9.jpg
1154,3.7333333333333334,15,3.2488540547830693,T-Men (1947),9,https://image.tmdb.org/t/p/w500/gmFklBSJdi38WDjJUq0mXRXe2qt.jpg
450,3.280701754385965,228,3.248847878627671,With Honors (1994),"4, 7",https://image.tmdb.org/t/p/w500/iMcSUbMT13Rb8fmhwvanVAMwRW.jpg
1743,3.909090909090909,11,3.24884786466711,Arguing the World (1996),6,https://image.tmdb.org/t/p/w500/tb7GZaZGWnfzItqHUL6rkc4IHHb.jpg
3270,3.285,200,3.248813172443244,"Cutting Edge, The (1992)",7,https://image.tmdb.org/t/p/w500/sx4qf2XoW0xaLITQLpajsYc4mcj.jpg
1425,3.2916666666666665,168,3.248770856586067,Fierce Creatures (1997),4,https://image.tmdb.org/t/p/w500/1Wl0zSEngmsTXjQMVE0GD5s85cM.jpg
2475,3.3,140,3.2487312751995345,52 Pick-Up (1986),"0, 13, 16",https://image.tmdb.org/t/p/w500/ru8dtoh6tNi7kKAbLgbaE9J5SGf.jpg
3199,3.3472222222222223,72,3.248623635416089,Pal Joey (1957),"4, 12, 14",https://image.tmdb.org/t/p/w500/5vWaDXDBxEv9ahwF8aSigbC0ADy.jpg
680,3.359375,64,3.2486097590245686,Alphaville (1965),15,https://image.tmdb.org/t/p/w500/fFJP3D5fJDFxN7ChqSye1DZ0fTL.jpg
2727,3.46875,32,3.2485513378673607,Killer's Kiss (1955),9,https://image.tmdb.org/t/p/w500/rLbad0lscycS4R3qTSrKguZ0Zz5.jpg
1596,3.46875,32,3.2485513378673607,Career Girls (1997),7,https://image.tmdb.org/t/p/w500/bV6ezK5Qcqv9ul9B6yGiKcfA0pG.jpg
645,3.6,20,3.248528143810534,Nelly & Monsieur Arnaud (1995),7,https://image.tmdb.org/t/p/w500/87kKTPi9r7YIVrlo9Z42NwTXBVi.jpg
633,3.6,20,3.248528143810534,Denise Calls Up (1995),4,https://image.tmdb.org/t/p/w500/ab8iYcRfEAFwzcrkYP8tJBISX1E.jpg
1780,4.125,8,3.2485041949640614,Ayn Rand: A Sense of Life (1997),6,https://image.tmdb.org/t/p/w500/swWdOCotcGcLeMPPWpnUXIBX6vL.jpg
465,3.3142857142857145,105,3.2483784826674595,Heaven & Earth (1993),"0, 7, 18",https://image.tmdb.org/t/p/w500/gvf2IHzIpiAMEv09pdlsniFpsm0.jpg
2928,3.3376623376623376,77,3.2483221869634162,"Razor's Edge, The (1984)",7,https://image.tmdb.org/t/p/w500/a6UTn8J0dftf4YBID6qAf1UeZEx.jpg
2885,3.360655737704918,61,3.248288227433264,Guinevere (1999),"7, 14",https://image.tmdb.org/t/p/w500/1isgjzl3mwVoxlRd7sqJ7COzwZw.jpg
1152,3.4827586206896552,29,3.24821601026499,He Walked by Night (1948),"5, 9, 16",https://image.tmdb.org/t/p/w500/wAhLdEjC9iIvF6Oly42Qs3LXKuL.jpg
183,3.4827586206896552,29,3.24821601026499,Mute Witness (1994),16,https://image.tmdb.org/t/p/w500/2VFvSfnKFdZizuaonWbTmjAqD3.jpg
617,3.6470588235294117,17,3.2481873326001276,"Flower of My Secret, The (La Flor de Mi Secreto) (1995)",7,https://image.tmdb.org/t/p/w500/u172NHV9SvqgVDSyRayJIPK2Brl.jpg
2776,3.769230769230769,13,3.2481775673885456,"Marcello Mastroianni: I Remember Yes, I Remember (1997)",6,
3427,3.3378378378378377,74,3.248004783803354,Coogan's Bluff (1968),5,https://image.tmdb.org/t/p/w500/gj9sMpNWWsrBnHQBfmjPcmKFlMt.jpg
268,3.3703703703703702,54,3.2479538529495793,Little Odessa (1994),7,https://image.tmdb.org/t/p/w500/80zDn3oanRMWDSDX1cPKZVIi8OO.jpg
1413,3.38,50,3.247943353157146,"Whole Wide World, The (1996)",7,https://image.tmdb.org/t/p/w500/ajMk4ueXcOCbxwJjJecltiGhYrn.jpg
3645,3.611111111111111,18,3.2478553094127025,Cleo From 5 to 7 (Cléo de 5 à 7) (1962),7,https://image.tmdb.org/t/p/w500/oelBStY4xpguaplRv15P3Za7Xsr.jpg
3570,3.9,10,3.247832107891812,"Last September, The (1999)",7,https://image.tmdb.org/t/p/w500/yUVG66eFsThptWIqQugGh5MXSiI.jpg
2376,3.267692307692308,325,3.247768462575624,"View to a Kill, A (1985)",0,https://image.tmdb.org/t/p/w500/arJF829RP9cYvh0NU70dC5TtXSa.jpg
3790,3.372549019607843,51,3.2476256806995454,Groove (2000),7,https://image.tmdb.org/t/p/w500/sQEG8jyniHi7UY0s9pBbetU6cqi.jpg
808,3.395348837209302,43,3.2476010922796053,Alaska (1996),"1, 3",https://image.tmdb.org/t/p/w500/sRupNIYoWcu2KCkeDqrOn1uUauZ.jpg
3731,3.395348837209302,43,3.2476010922796053,Cutter's Way (1981),"7, 16",https://image.tmdb.org/t/p/w500/4Qsy3teeaBv3uH3vCVZPkbhyYih.jpg
3446,3.41025641025641,39,3.2475886060975863,Funny Bones (1995),4,https://image.tmdb.org/t/p/w500/yGY053q9WlgaZzji50ZHK3p8VIy.jpg
1112,3.4285714285714284,35,3.2475759892557163,Palookaville (1996),"0, 7",https://image.tmdb.org/t/p/w500/vmlO5CbUKmqvn5BVtEprxAmNOkp.jpg
2110,3.2643051771117166,367,3.2473979423492887,Dead Men Don't Wear Plaid (1982),"4, 5, 16",https://image.tmdb.org/t/p/w500/cwYwZBEE73PakUWzbICzxYKlXAz.jpg
3882,3.2735042735042734,234,3.247298229149969,Bring It On (2000),4,https://image.tmdb.org/t/p/w500/bnVby0qI0dS7YunbShP7mw68HY3.jpg
875,3.3863636363636362,44,3.247280987441493,Nothing to Lose (1994),7,https://image.tmdb.org/t/p/w500/5al8I28ufKJDxGWDcNGw6xCkZHH.jpg
3756,3.5,24,3.2472088172342337,"Golden Bowl, The (2000)",7,https://image.tmdb.org/t/p/w500/xgUcUWu7lirlZbMPz21qo8RhK57.jpg
3495,3.75,12,3.247163646373561,Roadside Prophets (1992),"4, 7",https://image.tmdb.org/t/p/w500/8KkFF5voIohrkjUzLY7eNnW10hR.jpg
3375,3.3384615384615386,65,3.2470381923045877,Destination Moon (1950),15,https://image.tmdb.org/t/p/w500/2dsJUooqTX5BkOmkfnuuFlkmbB6.jpg
2002,3.254364089775561,802,3.2469943478850767,Lethal Weapon 3 (1992),"0, 4, 5, 7",https://image.tmdb.org/t/p/w500/smzJxEnusgqv3bvHIWwf4cuwPcr.jpg
1447,3.36734693877551,49,3.246977320213224,Gridlock'd (1997),5,https://image.tmdb.org/t/p/w500/jlOL8fLsG0tGBtkj9qzHgqcHPVV.jpg
2689,3.3902439024390243,41,3.2469459361271835,Get Bruce (1999),6,https://image.tmdb.org/t/p/w500/f1uXB5YuDmaadM6wq5qTAIiK6Sr.jpg
970,3.4054054054054053,37,3.246929998416171,Beat the Devil (1954),"4, 7",https://image.tmdb.org/t/p/w500/qT0JvypXSChjCnGvPXMVmQ1EqXm.jpg
2305,3.48,25,3.2468811713532078,Slam (1998),7,https://image.tmdb.org/t/p/w500/7E6ajW7v1lKjk1Mj39vQArFIujT.jpg
573,3.5238095238095237,21,3.2468645486822054,"Ciao, Professore! (Io speriamo che me la cavo ) (1993)",7,https://image.tmdb.org/t/p/w500/bwjmjCQBSwwXskE5pNMJfApZBl3.jpg
2227,3.5238095238095237,21,3.2468645486822054,"Lodger, The (1926)",16,https://image.tmdb.org/t/p/w500/qKuVeCVHRN9hfNWEk06JBVKuWww.jpg
2074,3.5238095238095237,21,3.2468645486822054,"Night Porter, The (Il Portiere di notte) (1974)",7,https://image.tmdb.org/t/p/w500/zTUYhMdh2Jwk5s9jbrU4mCH3CY4.jpg
2185,3.588235294117647,17,3.2468477478713935,I Confess (1953),16,https://image.tmdb.org/t/p/w500/5IYyJetEctAypFYIffqx55PXTPT.jpg
1811,3.6923076923076925,13,3.2468307660417444,"Niagara, Niagara (1997)",7,https://image.tmdb.org/t/p/w500/g0X1HspIeApoyvYn0l6it1E6sBr.jpg
503,3.6923076923076925,13,3.2468307660417444,"New Age, The (1994)",7,https://image.tmdb.org/t/p/w500/tbVZ3Sq88dZaCANlUcewQuHQOaE.jpg
811,3.888888888888889,9,3.2468136002518553,"Bewegte Mann, Der (1994)",4,https://image.tmdb.org/t/p/w500/2TcZBHcseRXLxNq2RXnKIsbKZwi.jpg
2930,4.4,5,3.2467962474962495,Return with Honor (1998),6,https://image.tmdb.org/t/p/w500/8QGF0PtMlTK1cU30WjNItVbO1Jd.jpg
3914,3.3285714285714287,70,3.2467440197448343,"Broken Hearts Club, The (2000)",7,https://image.tmdb.org/t/p/w500/wfkXBSOPau9aFlvQbbPLwnVxH4v.jpg
3565,3.267148014440433,277,3.2466684985454495,Where the Heart Is (2000),"4, 7",https://image.tmdb.org/t/p/w500/h8PBkTn6kDK9ZMCLj6jP6JnIBhY.jpg
495,3.380952380952381,42,3.24662585066234,In the Realm of the Senses (Ai no corrida) (1976),7,https://image.tmdb.org/t/p/w500/AiFQbgjgSXWPfbi9iIYT39iXWMW.jpg
2834,3.5555555555555554,18,3.246517516770562,"Very Thought of You, The (1998)","4, 14",https://image.tmdb.org/t/p/w500/5BdJ9K9NGpbCSmjIZpuZJgMf4ie.jpg
3047,3.5555555555555554,18,3.246517516770562,Experience Preferred... But Not Essential (1982),7,https://image.tmdb.org/t/p/w500/6RSeUO3nDh48PzDUeqBuRUwIn5j.jpg
3121,3.5555555555555554,18,3.246517516770562,"Hitch-Hiker, The (1953)",9,https://image.tmdb.org/t/p/w500/9ORvQWC2o0FwIEl6zYU1jw9qH0X.jpg
1654,3.310344827586207,87,3.246505626192278,FairyTale: A True Story (1997),"3, 7, 8",https://image.tmdb.org/t/p/w500/5H86i0qE8zCAbg0vTBKG7S7I2Vi.jpg
1898,3.642857142857143,14,3.246498781151305,"Land Girls, The (1998)","7, 18",https://image.tmdb.org/t/p/w500/tfdj6Wx8vCDNZbzmIRR2hDn5mAr.jpg
1482,3.3333333333333335,63,3.2463998028845364,"Van, The (1996)","4, 7",https://image.tmdb.org/t/p/w500/qiDJv7Zl22GNAXBsbATVbODugWg.jpg
383,3.2666666666666666,270,3.2463950413066485,Wyatt Earp (1994),19,https://image.tmdb.org/t/p/w500/51LItgyecu2KMAtIchYogEykCIu.jpg
2440,3.3617021276595747,47,3.246325619814546,Another Day in Paradise (1998),7,https://image.tmdb.org/t/p/w500/zlXPEQKFWga2obpgHG2IZVgOZPg.jpg
2345,3.372093023255814,43,3.2463065938977285,Desert Bloom (1986),7,https://image.tmdb.org/t/p/w500/eOBhDCSoC9F10DlBj8Bis6odG5v.jpg
3367,3.372093023255814,43,3.2463065938977285,"Devil's Brigade, The (1968)",18,https://image.tmdb.org/t/p/w500/kbcyQHD93FcPxUvKQai5oJ9tUtE.jpg
1010,3.268595041322314,242,3.246291141313428,"Love Bug, The (1969)","3, 4",https://image.tmdb.org/t/p/w500/j4NQTMsVEHgqacmxvnenF7HX7GA.jpg
488,3.3846153846153846,39,3.2462873699232206,M. Butterfly (1993),7,https://image.tmdb.org/t/p/w500/5r4bINTYOajV2rY4RQNbzVSImdV.jpg
3567,3.4,35,3.246267944782204,Bossa Nova (1999),4,https://image.tmdb.org/t/p/w500/zjnPKbzyTdXEqMwdWv8JzmmC4WB.jpg
1351,3.4,35,3.246267944782204,Blood & Wine (1997),7,https://image.tmdb.org/t/p/w500/kRn2iL0o13OoYo345WamvfB96fD.jpg
1477,3.4444444444444446,27,3.2462284782366098,Love Jones (1997),14,https://image.tmdb.org/t/p/w500/7LdKsfON12uEyDEKY9mZASlx8Nf.jpg
961,3.4782608695652173,23,3.246208430280392,Little Lord Fauntleroy (1936),7,https://image.tmdb.org/t/p/w500/nNMt9xO4MK1M4nzlRi2ryCO3TyK.jpg
2211,3.526315789473684,19,3.246188168050762,Secret Agent (1936),16,https://image.tmdb.org/t/p/w500/5tzRPF8TUQ1XTz3UnABCLOhMug4.jpg
2342,3.727272727272727,11,3.24614698688183,Hard Core Logo (1996),4,https://image.tmdb.org/t/p/w500/glYtqUQ9gHneSxg3b0RYrLJBRuY.jpg
408,3.3194444444444446,72,3.246128314143475,8 Seconds (1994),7,https://image.tmdb.org/t/p/w500/wqKVkOveZrK6zwfrptGLVPmnMpR.jpg
1420,4.0,7,3.2461260608092264,Message to Love: The Isle of Wight Festival (1996),6,https://image.tmdb.org/t/p/w500/umFPPFzQ5JPvCe6aCrpNUmbhNK4.jpg
787,5.0,3,3.2461049061924845,"Gate of Heavenly Peace, The (1995)",6,https://image.tmdb.org/t/p/w500/a097YNBiTFR9eryZPylZ2INwExz.jpg
3029,3.2736842105263158,190,3.2460813961783526,Nighthawks (1981),"0, 7",https://image.tmdb.org/t/p/w500/EuWOvbS7GdbXuYhRwFXgUGIRFd.jpg
320,3.40625,32,3.2459249425948724,Suture (1993),"9, 16",https://image.tmdb.org/t/p/w500/8lbOpuNaJBNT1gXbIDDyYnDIYut.jpg
1406,3.4583333333333335,24,3.245881677220962,"Cérémonie, La (1995)",7,https://image.tmdb.org/t/p/w500/vq2x8JfEoVrdQZqo0fppjw7ZI3d.jpg
1054,3.308641975308642,81,3.24586285476372,Get on the Bus (1996),7,https://image.tmdb.org/t/p/w500/pmpifkpYlgE64SBgK5G6Vz6MvMv.jpg
1657,3.5,20,3.2458596981801136,Wonderland (1997),6,https://image.tmdb.org/t/p/w500/fBUW9CSqdwZl0FXvLBcNfXO1qnO.jpg
3905,3.875,8,3.245792330557282,"Specials, The (2000)",4,https://image.tmdb.org/t/p/w500/zJziqrnSOzKiV0TrNVZ3AS0NMKI.jpg
2649,3.3230769230769233,65,3.2457795390635558,Son of Frankenstein (1939),10,https://image.tmdb.org/t/p/w500/oefhX4T3iWo2XFvaOunR7azWAo3.jpg
2104,3.339622641509434,53,3.2457148163399294,Tex (1982),7,https://image.tmdb.org/t/p/w500/7WIIIZJ1iv2UCbYDiLHeGr1LOGV.jpg
3302,3.339622641509434,53,3.2457148163399294,Beautiful People (1999),4,https://image.tmdb.org/t/p/w500/9JEOSEHK8AgvYUUxTJ8b9kkJ4XX.jpg
3110,3.393939393939394,33,3.2456024180799936,Country (1984),7,https://image.tmdb.org/t/p/w500/4QaSW9xszlvUlQdnaUXQaViBNw.jpg
3223,3.413793103448276,29,3.2455792271404023,"Zed & Two Noughts, A (1985)",7,https://image.tmdb.org/t/p/w500/55eiU0JNfNRqWbpabsf6NukntI2.jpg
3221,3.413793103448276,29,3.2455792271404023,"Draughtsman's Contract, The (1982)",7,https://image.tmdb.org/t/p/w500/ljeTWR2kowGXijMc8LMuy72ULM3.jpg
1711,3.2531847133757963,628,3.245504120652667,Midnight in the Garden of Good and Evil (1997),"4, 5, 7, 13",https://image.tmdb.org/t/p/w500/wjOZQfffXsNCV18vrXHLm8XUbPn.jpg
35,3.3142857142857145,70,3.245493238006248,Carrington (1995),"7, 14",https://image.tmdb.org/t/p/w500/8NmeBTkC4UQa8XT2GGsBN2R8Bqo.jpg
561,3.6153846153846154,13,3.245483964694943,Killer (Bulletproof Heart) (1994),16,https://image.tmdb.org/t/p/w500/nKEwcGrTl0kWcFQlbrhciP8wYtK.jpg
2569,3.7777777777777777,9,3.2454595041110297,Among Giants (1998),"7, 14",https://image.tmdb.org/t/p/w500/u90H3K6XeQEzECkarfysZ2p5IZE.jpg
755,3.7777777777777777,9,3.2454595041110297,Kim (1950),"3, 7",https://image.tmdb.org/t/p/w500/koPgzZ60Kd2JI6uxJQ1pD06cIf6.jpg
2562,3.7777777777777777,9,3.2454595041110297,Bandits (1997),7,https://image.tmdb.org/t/p/w500/67AUAkiT4rbgqN7SNlIJn0zWZqU.jpg
2156,3.7777777777777777,9,3.2454595041110297,"Best Man, The (Il Testimone dello sposo) (1997)","4, 7",https://image.tmdb.org/t/p/w500/nwx3W0NAv7OOgODBoYHh62yaKDs.jpg
1664,4.2,5,3.24543477710823,Nénette et Boni (1996),7,https://image.tmdb.org/t/p/w500/yQ3dmTxq6HwRlvSlAq3TT9s5jj.jpg
2180,3.3275862068965516,58,3.2454245635377714,Torn Curtain (1966),16,https://image.tmdb.org/t/p/w500/7XC1l9eP2TBYMEdA4KRUqKAFmbm.jpg
1650,3.34,50,3.2453776058832524,Washington Square (1997),7,https://image.tmdb.org/t/p/w500/3LIn7bskDwsmyxMWTNWRIPSCm2X.jpg
1880,3.423076923076923,26,3.2452307660966184,Lawn Dogs (1997),7,https://image.tmdb.org/t/p/w500/ggNYSma4nzCkinQjMKpYGz2TlAp.jpg
2056,3.5,18,3.2451797241284215,In Search of the Castaways (1962),"1, 3",https://image.tmdb.org/t/p/w500/27hbGwIAmvcB9X9FdXSwvU05frt.jpg
3880,3.5,18,3.2451797241284215,"Ballad of Ramblin' Jack, The (2000)",6,https://image.tmdb.org/t/p/w500/kiZyaUQ3ttt15FK9SKR8Tn0Xj42.jpg
2079,3.5714285714285716,14,3.2451537912387294,Kidnapped (1960),"3, 7",https://image.tmdb.org/t/p/w500/pegmnsYtN6wRxgDFGAFZ0KRHVWs.jpg
3492,3.5714285714285716,14,3.2451537912387294,"Son of the Sheik, The (1926)",1,https://image.tmdb.org/t/p/w500/nDSF6IAJflQk4h94BXPfIgiL7q7.jpg
567,3.5714285714285716,14,3.2451537912387294,Kika (1993),7,https://image.tmdb.org/t/p/w500/jUEBKaMqcvrz0HHF8Cei8asjRWr.jpg
159,3.2844827586206895,116,3.245147065388522,Clockers (1995),7,https://image.tmdb.org/t/p/w500/c79uqLJleho2a7OQayfrW5Ypphf.jpg
3282,3.7,10,3.245127577803915,Different for Girls (1996),4,https://image.tmdb.org/t/p/w500/aWO2iXpqQY3S4WhXRvf0B18QVR8.jpg
966,4.0,6,3.2451010792467643,"Walk in the Sun, A (1945)",7,https://image.tmdb.org/t/p/w500/K7jPXlqxNFBJBEdYdTqG5eZkgf.jpg
1612,3.327272727272727,55,3.2450883923339644,"Kiss Me, Guido (1997)",4,https://image.tmdb.org/t/p/w500/3aFhsB4ez8ViUofXMaSI9k7bT1m.jpg
2600,3.2560975609756095,410,3.2450827940201803,eXistenZ (1999),"0, 15, 16",https://image.tmdb.org/t/p/w500/kETKF0JhdTPn1knci8CAdYL0d79.jpg
3219,3.2550335570469797,447,3.245024941594556,Pacific Heights (1990),16,https://image.tmdb.org/t/p/w500/9iHD6xIrGSuuMEFWhwSVGXSddY2.jpg
443,3.3870967741935485,31,3.2449333909086064,"Endless Summer 2, The (1994)",6,https://image.tmdb.org/t/p/w500/89y5faI7wXFghUcsMtwfcVS6JBZ.jpg
2290,3.28099173553719,121,3.2448816505420286,Stardust Memories (1980),"4, 7",https://image.tmdb.org/t/p/w500/y1EHgpL2hMVRcr6tIOy7VGLxaPs.jpg
3794,3.28099173553719,121,3.2448816505420286,Chuck & Buck (2000),"4, 7",https://image.tmdb.org/t/p/w500/b7X3KHPIgRqXqOhr6XH4IuA74Je.jpg
178,3.473684210526316,19,3.2448521627067404,Love & Human Remains (1993),4,https://image.tmdb.org/t/p/w500/9QVw6cPXfsjr4PncE1TeWudeLmh.jpg
3161,3.473684210526316,19,3.2448521627067404,Onegin (1999),7,https://image.tmdb.org/t/p/w500/wqI9NPJfTwD6ggEL7jdVCdJFc0m.jpg
1770,3.473684210526316,19,3.2448521627067404,B. Monkey (1998),"14, 16",https://image.tmdb.org/t/p/w500/80bQjfpH14P5p2TDnfWUukEkM55.jpg
751,3.533333333333333,15,3.2448245047494897,Careful (1992),4,https://image.tmdb.org/t/p/w500/qolQ7M5hpbBwcvpMpfeSMyU64rs.jpg
2101,3.533333333333333,15,3.2448245047494897,Squanto: A Warrior's Tale (1994),"1, 7",https://image.tmdb.org/t/p/w500/fUXZ7QQdFPA3P6ulmRI47Ljvbn5.jpg
2043,3.2721518987341773,158,3.2448133451109804,Darby O'Gill and the Little People (1959),"1, 3, 8",https://image.tmdb.org/t/p/w500/2SB5yYMIk3wIgkcJ3k2KwCrRtIB.jpg
1531,3.6363636363636362,11,3.2447965479891896,Losing Chase (1996),7,https://image.tmdb.org/t/p/w500/t3RNxs4vHXTiO29Kr1YInrxOGhz.jpg
1138,3.857142857142857,7,3.2447682875573594,Dadetown (1995),6,https://image.tmdb.org/t/p/w500/rRZ3dnRMJWt354YEfwUfOFWTxHc.jpg
2673,3.857142857142857,7,3.2447682875573594,Eternity and a Day (Mia eoniotita ke mia mera ) (1998),7,https://image.tmdb.org/t/p/w500/qz3ogiWL4gF7a5IEmLf5upkmbqB.jpg
3588,3.3333333333333335,48,3.2447226286636597,"King of Marvin Gardens, The (1972)","5, 7",https://image.tmdb.org/t/p/w500/5JpKFEp9niY90Qgz7xhcIGAOifK.jpg
3586,3.392857142857143,28,3.2445832921267264,"Idolmaker, The (1980)",7,https://image.tmdb.org/t/p/w500/f2ZliAygp7xYA2ztWlP2MW8cAtk.jpg
3845,3.392857142857143,28,3.2445832921267264,And God Created Woman (Et Dieu&#8230;Créa la Femme) (1956),7,https://image.tmdb.org/t/p/w500/taznRSey1cI962s1h8RqOmBDOY.jpg
3117,3.3013698630136985,73,3.244575506275383,Ride with the Devil (1999),"7, 14, 18",https://image.tmdb.org/t/p/w500/pH3J5IUzho4ZVaRuTuErzqHHovb.jpg
3473,3.4166666666666665,24,3.244554537207691,Jonah Who Will Be 25 in the Year 2000 (1976),4,https://image.tmdb.org/t/p/w500/zwqnEiUygCOGRZJvbzaTRF6tbsC.jpg
960,3.45,20,3.2445254753649033,Angel on My Shoulder (1946),"5, 7",https://image.tmdb.org/t/p/w500/tIDUVxp1yeq1Bw4KsdAaoEJtSsI.jpg
1504,3.5,16,3.2444961016579414,Hollow Reed (1996),7,https://image.tmdb.org/t/p/w500/rNnCJn5xtoQegE9mvOAxqQhmSIB.jpg
3333,3.5,16,3.2444961016579414,"Killing of Sister George, The (1968)",7,https://image.tmdb.org/t/p/w500/u9Cyc6mde7pthv7M2xvk3wmfAHP.jpg
3718,3.3114754098360657,61,3.2444931610196015,American Pimp (1999),6,https://image.tmdb.org/t/p/w500/2vEP0mubKIp5Xexfj23SvN86aDD.jpg
864,3.5833333333333335,12,3.244466411039778,"Wife, The (1995)","4, 7",https://image.tmdb.org/t/p/w500/eHNBnXqj5g03l1Hi7U1MVCdTvFb.jpg
106,3.5833333333333335,12,3.244466411039778,Nobody Loves Me (Keiner liebt mich) (1994),"4, 7",https://image.tmdb.org/t/p/w500/yAiAs7XWKPDgy1ukb7DGP1cV1LY.jpg
3686,3.2542372881355934,413,3.2444392505785515,Flatliners (1990),16,https://image.tmdb.org/t/p/w500/wda3j7p7YHXKpFIlSzoTCtP7myF.jpg
2129,3.75,8,3.2444363983538915,"Saltmen of Tibet, The (1997)",6,https://image.tmdb.org/t/p/w500/5MGcMnBpeyJumNYlMvaIteSoY8m.jpg
1858,3.2674418604651163,172,3.2443392609938932,Mr. Nice Guy (1997),"0, 4",https://image.tmdb.org/t/p/w500/wAAt2gvbkbeefzjd06GPfkdfUho.jpg
3569,3.3513513513513513,37,3.2443207355329355,"Idiots, The (Idioterne) (1998)","4, 7",https://image.tmdb.org/t/p/w500/bHlUku0S8WKJdQxDnUj8aAXsMbv.jpg
2875,3.2577319587628866,291,3.244264423112195,Sommersby (1993),"7, 13, 14",https://image.tmdb.org/t/p/w500/tAgQKLv0GK97Tr0bvdI66oXlEVb.jpg
3122,3.3793103448275863,29,3.244260835578108,Santa Fe Trail (1940),"7, 14, 19",https://image.tmdb.org/t/p/w500/uBtJzonmF9uOFrDXlqQuxTfMwl7.jpg
1928,3.3793103448275863,29,3.244260835578108,Cimarron (1931),19,https://image.tmdb.org/t/p/w500/cqvfhi9s1VsTgXcV1B7vX0Cb1qA.jpg
841,3.4,25,3.2442304092591057,Eyes Without a Face (1959),10,https://image.tmdb.org/t/p/w500/8y7Z9Gvcq52uOlJlUWyn2epGGRd.jpg
3349,3.4,25,3.2442304092591057,"Perils of Pauline, The (1947)",4,https://image.tmdb.org/t/p/w500/jR5QxRKlTrrYUkID76aPW9I0rjt.jpg
369,3.310344827586207,58,3.2441547222679303,Mrs. Parker and the Vicious Circle (1994),7,https://image.tmdb.org/t/p/w500/avTHiIim0Jm0rs4ehFLck8u3NFW.jpg
2998,3.5384615384615383,13,3.2441371633481415,Dreaming of Joseph Lees (1998),14,https://image.tmdb.org/t/p/w500/xiDtcNXOhSPcjFcnX6BUTWiws3B.jpg
3853,3.5384615384615383,13,3.2441371633481415,"Tic Code, The (1998)",7,https://image.tmdb.org/t/p/w500/gFpeuxEjGZkyOtKJpUeDB4YfpWk.jpg
3232,4.0,5,3.244073306720211,Seven Chances (1925),4,https://image.tmdb.org/t/p/w500/fH9woIxzqVtyv6S711vSVlS12eA.jpg
1901,4.0,5,3.244073306720211,Dear Jesse (1997),6,https://image.tmdb.org/t/p/w500/5DUu9kbOhgNrSXXAk5tVZawQWbx.jpg
1741,4.0,5,3.244073306720211,"Midaq Alley (Callejón de los milagros, El) (1995)",7,https://image.tmdb.org/t/p/w500/nqBmwrAWuhfEiPwVdYYmC1VzNeN.jpg
2444,4.0,5,3.244073306720211,24 7: Twenty Four Seven (1997),"4, 7",
1507,3.3333333333333335,42,3.2440334981023917,Paradise Road (1997),"7, 18",https://image.tmdb.org/t/p/w500/mEA7Iv1e6HqpSGMfVUdUfYOusNU.jpg
3813,3.289156626506024,83,3.2440268846596862,Interiors (1978),7,https://image.tmdb.org/t/p/w500/sTPy6Kfa1FRED1eaZdVex8b2MdB.jpg
3425,3.2911392405063293,79,3.2439973330686396,Mo' Better Blues (1990),7,https://image.tmdb.org/t/p/w500/223W6PWAiYb3BX2rbFvzjbDDIvz.jpg
1130,3.25974025974026,231,3.2439061361644925,"Howling, The (1980)",10,https://image.tmdb.org/t/p/w500/mBN7f4djK5Pi1XRKlUicxgZatAC.jpg
1087,3.4444444444444446,18,3.243841931486281,Madame Butterfly (1995),12,https://image.tmdb.org/t/p/w500/sFDLF2btxB2iQGy8A0ZyWl8BMzx.jpg
381,3.2606635071090047,211,3.243776548416794,When a Man Loves a Woman (1994),7,https://image.tmdb.org/t/p/w500/cA1uMNX3sdWAWfMZbsgm1VIJYSY.jpg
860,3.6,10,3.2437753127599662,"Maybe, Maybe Not (Bewegte Mann, Der) (1994)",4,https://image.tmdb.org/t/p/w500/2TcZBHcseRXLxNq2RXnKIsbKZwi.jpg
1384,3.8333333333333335,6,3.24374145994017,"Substance of Fire, The (1996)",7,https://image.tmdb.org/t/p/w500/kH5bjhWoHe0f8J2yMKGoTEhcngY.jpg
3292,3.8333333333333335,6,3.24374145994017,"Big Combo, The (1955)",9,https://image.tmdb.org/t/p/w500/fltH7VmdZQeCRMwionxfYKOZoPg.jpg
3233,5.0,2,3.2437072368913125,Smashing Time (1967),4,https://image.tmdb.org/t/p/w500/aB0EzKvcsHepmkoLkWXq4wyV71O.jpg
2271,3.289473684210526,76,3.243664610535065,Permanent Midnight (1998),7,
1874,3.3703703703703702,27,3.2435847241057436,Still Breathing (1997),"4, 14",https://image.tmdb.org/t/p/w500/s1IKvPLuwIxNUUXJ1q24fUR2nOV.jpg
2388,3.466666666666667,15,3.243481321404963,Steam: The Turkish Bath (Hamam) (1997),"7, 14",https://image.tmdb.org/t/p/w500/53Bs1CLJWDuomqdolXXWyso7cPf.jpg
3283,3.466666666666667,15,3.243481321404963,Minnie and Moskowitz (1971),0,https://image.tmdb.org/t/p/w500/pufOqUEeEzbUma3WfnLS0AHiMl5.jpg
1416,3.25531914893617,282,3.2434719167434456,Evita (1996),"7, 12",https://image.tmdb.org/t/p/w500/HOthGlLewarZA7AO9MLSYApLSj.jpg
962,3.5454545454545454,11,3.2434461090965496,They Made Me a Criminal (1939),"5, 7",https://image.tmdb.org/t/p/w500/aNiWJ2C8Amrun55JCvuvGEPIXli.jpg
2830,3.5454545454545454,11,3.2434461090965496,Cabaret Balkan (Bure Baruta) (1998),7,https://image.tmdb.org/t/p/w500/9YZY9mEje6dsdoGgBybdI8ftlmX.jpg
1621,3.2823529411764705,85,3.24342767806752,Soul Food (1997),7,https://image.tmdb.org/t/p/w500/97t6YjxjTpwQ439MJcPiPDrMAg0.jpg
2340,3.252906976744186,344,3.2433831800521613,Meet Joe Black (1998),14,https://image.tmdb.org/t/p/w500/fDPAjvfPMomkKF7cMRmL5Anak61.jpg
3807,3.2735849056603774,106,3.243293649055649,Sinbad and the Eye of the Tiger (1977),"0, 1",https://image.tmdb.org/t/p/w500/kMP5bg26ac1FmNCamOC5WZece6N.jpg
997,3.357142857142857,28,3.243263160113525,Caught (1996),"7, 16",https://image.tmdb.org/t/p/w500/33sUPXPUqIe9YnZ80d8xzkiL2gb.jpg
2743,3.375,24,3.2432273971944197,Native Son (1986),7,https://image.tmdb.org/t/p/w500/vVF6CnjXLqAjK2crI1ielma18TW.jpg
2201,3.4,20,3.243191252549693,"Paradine Case, The (1947)",7,https://image.tmdb.org/t/p/w500/faUkygLOpVA8roEYNYyQTX3llnJ.jpg
461,3.2790697674418605,86,3.2431291769294854,Go Fish (1994),"7, 14",https://image.tmdb.org/t/p/w500/4hczdEX2RmQTOmiIKygoOYCy0bI.jpg
2215,3.5,12,3.2431177933728863,Rich and Strange (1932),"4, 14",https://image.tmdb.org/t/p/w500/8uELURwfZlQBsy26VUk7ap0v3ZS.jpg
560,3.625,8,3.2430804661505017,"Beans of Egypt, Maine, The (1994)",7,https://image.tmdb.org/t/p/w500/aPhwUrsviNrbBs8khuDHsnX9cn9.jpg
854,3.625,8,3.2430804661505017,"Ballad of Narayama, The (Narayama Bushiko) (1958)",7,https://image.tmdb.org/t/p/w500/ewYZmeoqzE5XsL0Jlcorlu9iwGe.jpg
406,3.625,8,3.2430804661505017,Federal Hill (1994),7,https://image.tmdb.org/t/p/w500/qChLfULhgAhWHG9LbcBIv80r32i.jpg
1026,3.625,8,3.2430804661505017,So Dear to My Heart (1949),"3, 7",https://image.tmdb.org/t/p/w500/sWoOc4tkxlTf0i8YYia25sPRinY.jpg
2999,4.0,4,3.243042731814581,Man of the Century (1999),4,https://image.tmdb.org/t/p/w500/hBQNTz2MJLuK4u6pgzjxpXMqI5e.jpg
2358,4.0,4,3.243042731814581,Savior (1998),7,
1871,4.0,4,3.243042731814581,"Friend of the Deceased, A (1997)","4, 7",https://image.tmdb.org/t/p/w500/s52gNEKrCjKDLQacWVFXTTgtNbb.jpg
3609,4.0,4,3.243042731814581,Regret to Inform (1998),6,https://image.tmdb.org/t/p/w500/iXXj1IIQ1rqFiFHdbpOkvNU9MvN.jpg
2049,3.324324324324324,37,3.2430161040913177,"Happiest Millionaire, The (1967)","4, 12",https://image.tmdb.org/t/p/w500/xPePeB56IdkQOwMz8niiFhePOsq.jpg
1547,3.324324324324324,37,3.2430161040913177,Shiloh (1997),"3, 7",https://image.tmdb.org/t/p/w500/rcgucx2QaFnqlIVLTQUSfi0js4r.jpg
1814,3.36,25,3.242905028212055,"Price Above Rubies, A (1998)",7,https://image.tmdb.org/t/p/w500/xR8U72BbHOc0o5q6UjApLRXRIRc.jpg
2837,3.380952380952381,21,3.242867213572279,Bedrooms & Hallways (1998),"4, 14",https://image.tmdb.org/t/p/w500/1vgEn2ii7fMJ2XYLdGQDDSOfcPY.jpg
1933,3.380952380952381,21,3.242867213572279,"Life of Émile Zola, The (1937)",7,https://image.tmdb.org/t/p/w500/gsEa6ZU1zHhjTYneNNBQApzl8Vu.jpg
458,3.2758620689655173,87,3.242831406963864,Geronimo: An American Legend (1993),"7, 19",https://image.tmdb.org/t/p/w500/9FNuwnhHngkblD6eVRXnmJN8kQq.jpg
1807,3.411764705882353,17,3.2428289936851913,"Cool Dry Place, A (1998)",7,https://image.tmdb.org/t/p/w500/c1pyoTbc3xkLTIhPnj153CVUsRn.jpg
2923,3.411764705882353,17,3.2428289936851913,Citizen's Band (a.k.a. Handle with Care) (1977),4,
1116,3.411764705882353,17,3.2428289936851913,"Single Girl, A (La Fille Seule) (1995)",7,https://image.tmdb.org/t/p/w500/8dFs6OW8T8Y1R56U2YdlDDBkUPj.jpg
3930,3.2556053811659194,223,3.2428050853396275,"Creature From the Black Lagoon, The (1954)",10,https://image.tmdb.org/t/p/w500/euCzA2Exc70MpTDCVYih8tdE7z1.jpg
2466,3.4615384615384617,13,3.2427903620013403,Belizaire the Cajun (1986),7,https://image.tmdb.org/t/p/w500/lWS9NtgfgiEE5UQxgHBN7XF8GcR.jpg
3803,3.5555555555555554,9,3.2427513118293776,Greaser's Palace (1972),7,https://image.tmdb.org/t/p/w500/ojPhdxrC00j0zN2hUrgn0kDdZT0.jpg
3443,3.8,5,3.2427118363321923,Born American (1986),"0, 7, 16",https://image.tmdb.org/t/p/w500/tBUetiqyYC4u7Ua7ceE8OUn8wwi.jpg
1174,3.8,5,3.2427118363321923,Grosse Fatigue (1994),4,
1369,3.8,5,3.2427118363321923,I Can't Sleep (J'ai pas sommeil) (1994),"7, 16",
3124,3.323529411764706,34,3.242661223033392,Agnes Browne (1999),"4, 7",https://image.tmdb.org/t/p/w500/bgZ0lDvN0W8OLjPki1Me1JhtBrH.jpg
3537,3.323529411764706,34,3.242661223033392,Where the Money Is (2000),"4, 7",https://image.tmdb.org/t/p/w500/s6FODEWgJ9XDwKunGLWEmexguUs.jpg
2482,3.3333333333333335,30,3.242622572463456,Still Crazy (1998),"4, 14",https://image.tmdb.org/t/p/w500/o1k991eZm7iF8JUNiVdUZU44x5c.jpg
184,3.3461538461538463,26,3.2425835126220983,Nadja (1994),7,https://image.tmdb.org/t/p/w500/mgCSbf2RNPrFN9suqcZF0K7zl7P.jpg
340,3.2738095238095237,84,3.2424976567744253,"War, The (1994)","1, 7",https://image.tmdb.org/t/p/w500/oXeiQAfRK90pxxhP5iKPXQqAIN1.jpg
2627,3.4285714285714284,14,3.242463811413578,Endurance (1998),"6, 7",
1153,3.4285714285714284,14,3.242463811413578,Raw Deal (1948),9,https://image.tmdb.org/t/p/w500/qLC4VnigxhC4ovSZdH2JUjuXoYY.jpg
2413,3.2483069977426635,443,3.242449333719399,Clue (1985),"4, 13",https://image.tmdb.org/t/p/w500/aRxbYOYHS8T73nzR8hsLousoplR.jpg
301,3.302325581395349,43,3.242423098752097,Picture Bride (1995),"7, 14",https://image.tmdb.org/t/p/w500/s1lUr4NWgOi4ftXLrUWGI49IvKK.jpg
863,3.5,10,3.242423047716018,Celestial Clockwork (1994),4,https://image.tmdb.org/t/p/w500/tYJ3zJkiHQXeOVMFD0hDd8kFkX7.jpg
2994,3.5,10,3.242423047716018,"City, The (1998)",7,https://image.tmdb.org/t/p/w500/ue3mp7z2EdoZuumtZNj2xEE4CN4.jpg
1534,3.6666666666666665,6,3.242381840633576,"Bonheur, Le (1965)",7,https://image.tmdb.org/t/p/w500/1ECqFJWdAKfCIGVzaNt3EP2MSBN.jpg
90,3.6666666666666665,6,3.242381840633576,"Journey of August King, The (1995)",7,https://image.tmdb.org/t/p/w500/1kWPXnCyUo20QCrv8lwQhTFPj9f.jpg
3657,3.6666666666666665,6,3.242381840633576,Pandora and the Flying Dutchman (1951),7,https://image.tmdb.org/t/p/w500/pzxl2uQthMQcmJgOcJLTUzhJNcL.jpg
3056,3.6666666666666665,6,3.242381840633576,Oxygen (1999),16,https://image.tmdb.org/t/p/w500/9qejeCJ2lUevfwRdwdGADuoFX0X.jpg
2833,3.6666666666666665,6,3.242381840633576,Lucie Aubrac (1997),"14, 18",https://image.tmdb.org/t/p/w500/jpgsYQRoNHnTX6jYtCCyjhzTuLR.jpg
578,4.5,2,3.2423401828926797,"Hour of the Pig, The (1993)","7, 13",https://image.tmdb.org/t/p/w500/e6JNPDyNlbVMgLPT7Dbd5WRRHij.jpg
1795,4.5,2,3.2423401828926797,"Callejón de los milagros, El (1995)",7,https://image.tmdb.org/t/p/w500/nqBmwrAWuhfEiPwVdYYmC1VzNeN.jpg
2309,4.5,2,3.2423401828926797,"Inheritors, The (Die Siebtelbauern) (1998)",7,https://image.tmdb.org/t/p/w500/u6aCatHljw795MLscZwW1gYtOu2.jpg
439,4.5,2,3.2423401828926797,Dangerous Game (1993),7,https://image.tmdb.org/t/p/w500/faGtP6bZa1xWlON2tVwgw59IoTW.jpg
557,4.5,2,3.2423401828926797,Mamma Roma (1962),7,https://image.tmdb.org/t/p/w500/kw3FkmEDwJtRWQz2ff3EsdhjjMQ.jpg
3517,4.5,2,3.2423401828926797,"Bells, The (1926)","5, 7",https://image.tmdb.org/t/p/w500/Lzc9EXd8dmYupZYXeRz3lFFsJz.jpg
3888,4.5,2,3.2423401828926797,Skipped Parts (2000),"7, 14",https://image.tmdb.org/t/p/w500/fnlTjsdjQysQ46IE3OMWeJtvP6e.jpg
2480,4.5,2,3.2423401828926797,Dry Cleaning (Nettoyage à sec) (1997),7,https://image.tmdb.org/t/p/w500/q2W2lPtTcjv5AAv2885T2JLMKlU.jpg
3402,3.347826086956522,23,3.242221719316937,Turtle Diary (1985),7,https://image.tmdb.org/t/p/w500/tY9j8r1dVVrATeThyro02ALmWwF.jpg
189,3.4,15,3.2421381380604366,Reckless (1995),4,https://image.tmdb.org/t/p/w500/vAtl8011zBnxFP22N0b4GEPhZfx.jpg
2281,3.4545454545454546,11,3.2420956702039097,Monument Ave. (1998),5,https://image.tmdb.org/t/p/w500/2IpSjfTzEWlHGTHAWNMToqznYn1.jpg
2304,3.5714285714285716,7,3.2420527410536257,Love Is the Devil (1998),7,https://image.tmdb.org/t/p/w500/5zPTMTbYPhXXzAo5UQkeSpcmSMl.jpg
2061,3.5714285714285716,7,3.2420527410536257,Full Tilt Boogie (1997),6,https://image.tmdb.org/t/p/w500/b9FJ7sYpyU8RWrZesfmAJZRoKIm.jpg
844,3.5714285714285716,7,3.2420527410536257,"Story of Xinghua, The (1993)",7,https://image.tmdb.org/t/p/w500/yKMBI1zQza96lojjlpccQNx7SBG.jpg
1508,3.3055555555555554,36,3.242027228982358,Traveller (1997),7,https://image.tmdb.org/t/p/w500/sgRravjx1m3guWa9otsizIbEJXx.jpg
3126,4.0,3,3.242009343052553,"End of the Affair, The (1955)",7,https://image.tmdb.org/t/p/w500/xTp5cyp6qG0YTdI4AEz4ytjODOQ.jpg
3522,4.0,3,3.242009343052553,Sacco and Vanzetti (Sacco e Vanzetti) (1971),7,https://image.tmdb.org/t/p/w500/pVabCuut678cpgLbsutj9qmVVwg.jpg
853,4.0,3,3.242009343052553,Dingo (1992),7,https://image.tmdb.org/t/p/w500/2PUNScaxHlMVXPtCyjAvTj4u6A3.jpg
1943,3.278688524590164,61,3.2419631167438268,"Greatest Show on Earth, The (1952)",7,https://image.tmdb.org/t/p/w500/uvd8WoHV94Fdv4DvkYMB3TswGTQ.jpg
2896,3.3214285714285716,28,3.241943028100324,Alvarez Kelly (1966),19,https://image.tmdb.org/t/p/w500/6kIcuVMyJJKmxy7bFbI9q1DWByR.jpg
3776,3.3333333333333335,24,3.241900257181148,Melody Time (1948),"2, 3, 12",https://image.tmdb.org/t/p/w500/pKR4iRyDdIX1T13z1Vs5jBERXni.jpg
764,3.27027027027027,74,3.2417820084455444,Heavy (1995),"7, 14",https://image.tmdb.org/t/p/w500/xo2KsY7hOHDqpgYlDStL56zmgaq.jpg
3640,3.4166666666666665,12,3.241769175705995,"King in New York, A (1957)","4, 7",https://image.tmdb.org/t/p/w500/is3uiyPLCsXEEnpJXy51xlX40FI.jpg
13,3.2626262626262625,99,3.241728236313814,Balto (1995),"2, 3",https://image.tmdb.org/t/p/w500/dCVcdb5oxDizqFLz0F7TE60NoC9.jpg
3154,3.5,8,3.241724533947112,Blood on the Sun (1945),"7, 18",https://image.tmdb.org/t/p/w500/hZ4IDpM7MBdHRTQL6vYZu9jYBvu.jpg
37,3.5,8,3.241724533947112,Across the Sea of Time (1995),6,https://image.tmdb.org/t/p/w500/iP0bT4f4BTAZ6fWKgLmd4lNeJ2H.jpg
2860,3.2578125,128,3.241716435902035,Blue Streak (1999),4,https://image.tmdb.org/t/p/w500/jek2osBtFhzU6Hjj7yp1egOtbqO.jpg
757,3.75,4,3.24167940529788,Ashes of Time (1994),7,https://image.tmdb.org/t/p/w500/2MvwmEDXm0Mp5gC67jDLxqgmHUK.jpg
2299,3.75,4,3.24167940529788,"Battle of the Sexes, The (1959)",4,https://image.tmdb.org/t/p/w500/gt3qGvaitWSSs7c1p1bVQ4ugcbp.jpg
985,3.75,4,3.24167940529788,Small Wonders (1996),6,https://image.tmdb.org/t/p/w500/4XLDtVjOX9DVjEaSfuqkpaWA9xT.jpg
404,3.75,4,3.24167940529788,Brother Minister: The Assassination of Malcolm X (1994),6,
241,3.310344827586207,29,3.24162405245352,Fluke (1995),"3, 7",https://image.tmdb.org/t/p/w500/k7BHqoTWJPpoSpfCzzUjAduuIbX.jpg
2128,3.32,25,3.2415796471650036,Safe Men (1998),4,https://image.tmdb.org/t/p/w500/857L7x6uFNr4c2oHD5KJw5pkbxn.jpg
3644,3.3529411764705883,17,3.241489408956457,Dark Command (1940),19,https://image.tmdb.org/t/p/w500/kpnO4PU7Pc9ZUAfs0BM9QizA0bm.jpg
3796,3.3846153846153846,13,3.241443560654539,"Wisdom of Crocodiles, The (a.k.a. Immortality) (2000)","14, 16",https://image.tmdb.org/t/p/w500/rMxdX8QXWjIZDsZthsN8axFR4ws.jpg
958,3.3846153846153846,13,3.241443560654539,Lady of Burlesque (1943),"4, 13",https://image.tmdb.org/t/p/w500/bng9HQoCP4i62cKHK0E1EoqZu0X.jpg
3140,3.4444444444444446,9,3.2413972156885515,"Three Ages, The (1923)",4,https://image.tmdb.org/t/p/w500/8S4HmJc9bsD7uxF0OOU8TbX3vX.jpg
2984,3.4444444444444446,9,3.2413972156885515,On Any Sunday (1971),6,https://image.tmdb.org/t/p/w500/5SXfbuEtAGFVAbY9uSPirfd8I8u.jpg
2933,3.4444444444444446,9,3.2413972156885515,"Fire Within, The (Le Feu Follet) (1963)",7,https://image.tmdb.org/t/p/w500/9iHsReoh2VuHihDmNXgLXCi18rR.jpg
1567,3.4444444444444446,9,3.2413972156885515,"Last Time I Committed Suicide, The (1997)",7,https://image.tmdb.org/t/p/w500/5AM1oDIlsWBBLYecetUAHOWv9dW.jpg
452,3.289473684210526,38,3.2413965391348474,Widows' Peak (1994),7,https://image.tmdb.org/t/p/w500/xXyVUwvJesJJChzpvn7xj5cAOfm.jpg
3619,3.260869565217391,92,3.2413534312671883,"Hollywood Knights, The (1980)",4,https://image.tmdb.org/t/p/w500/nKTXjzFW52n61rlXT80MGIcnEG4.jpg
2538,3.6,5,3.241350365944173,Dancemaker (1998),6,https://image.tmdb.org/t/p/w500/iR6z334jcMEv2hQoEu2xX0JzJMy.jpg
167,3.6,5,3.241350365944173,Feast of July (1995),7,https://image.tmdb.org/t/p/w500/inUPybROcLlzdG4EQeDIShfFjsD.jpg
1164,3.6,5,3.241350365944173,Two or Three Things I Know About Her (1966),7,https://image.tmdb.org/t/p/w500/w1LO1SIrpA4GCjK3ysANr7F3eAN.jpg
685,3.3,30,3.2413059167689204,It's My Party (1995),7,https://image.tmdb.org/t/p/w500/ltrjg99gc3bA3P5E6WaIbGMxWHS.jpg
3382,5.0,1,3.2413030031293566,Song of Freedom (1936),7,https://image.tmdb.org/t/p/w500/yqUhibwKjmeO0FNb6NydGpSEwF9.jpg
3172,5.0,1,3.2413030031293566,Ulysses (Ulisse) (1954),1,https://image.tmdb.org/t/p/w500/8h3prIdD8PSCjU6BWlYjATW5zv0.jpg
989,5.0,1,3.2413030031293566,Schlafes Bruder (Brother of Sleep) (1995),7,https://image.tmdb.org/t/p/w500/xMnI1UauGsAQxoraCiTGEab6jHZ.jpg
3280,5.0,1,3.2413030031293566,"Baby, The (1973)",10,https://image.tmdb.org/t/p/w500/iMmMxF6f2OonUrXrHKBLSYAhXly.jpg
3881,5.0,1,3.2413030031293566,Bittersweet Motel (2000),6,https://image.tmdb.org/t/p/w500/Aj07eqJnpVm8vC7ZH32r5dqLNeo.jpg
1830,5.0,1,3.2413030031293566,Follow the Bitch (1998),4,https://image.tmdb.org/t/p/w500/bnlz2YNBz1EHcQEivHASsrzRGpD.jpg
3656,5.0,1,3.2413030031293566,Lured (1947),5,https://image.tmdb.org/t/p/w500/fgYRUFX4nptP9KMcSXyTSFvAjVW.jpg
3607,5.0,1,3.2413030031293566,One Little Indian (1973),"4, 7, 19",https://image.tmdb.org/t/p/w500/fPwJ82UoWF1NvC3prhlQ3WMNhKN.jpg
1728,3.3181818181818183,22,3.2412133649846906,"Winter Guest, The (1997)",7,https://image.tmdb.org/t/p/w500/9t0hyTI7HTB6JSIecUNODrtBvwa.jpg
3786,3.25,184,3.2411295498478325,But I'm a Cheerleader (1999),4,https://image.tmdb.org/t/p/w500/dGEwlAuzTZoZjvsqgT2MRKHnGi8.jpg
376,3.2457142857142856,350,3.24110407020472,"River Wild, The (1994)","0, 16",https://image.tmdb.org/t/p/w500/cvnEUdVXeuiE1qUXsmMzs8IrNl7.jpg
3012,3.4,10,3.241070782672069,Battling Butler (1926),4,https://image.tmdb.org/t/p/w500/7MVdo4OyzIcwycN58J9n855ggoS.jpg
2675,3.4,10,3.241070782672069,Twice Upon a Yesterday (1998),"4, 7, 14",https://image.tmdb.org/t/p/w500/fVuJserJVW7bWJ0Ni95nowncIWA.jpg
2219,3.4,10,3.241070782672069,Murder! (1930),"13, 16",https://image.tmdb.org/t/p/w500/y4XHdfPCG21hpRohwdh6vhjr7iM.jpg
1749,3.4,10,3.241070782672069,"Leading Man, The (1996)",14,https://image.tmdb.org/t/p/w500/7Aywawe75W7VKip12gWuiBOiDiT.jpg
385,3.4,10,3.241070782672069,"Man of No Importance, A (1994)",7,https://image.tmdb.org/t/p/w500/zKHmxia0cdXMmNu5LUEwiJQJQoa.jpg
2962,3.4,10,3.241070782672069,Fever Pitch (1997),"4, 14",https://image.tmdb.org/t/p/w500/xTpZGWVo5DDk1oQUrUJcRjqGzGg.jpg
2453,3.25,176,3.241051180326886,"Boy Who Could Fly, The (1986)","7, 8",https://image.tmdb.org/t/p/w500/eYOc7glRhPhyTDKZ05FuT1IdVzj.jpg
1044,3.2857142857142856,35,3.2410357668881558,Surviving Picasso (1996),7,https://image.tmdb.org/t/p/w500/olcQOdg54uBYDUkZbgw2FFTBaZI.jpg
1685,3.5,6,3.2410222213269817,"I Love You, I Love You Not (1996)",14,https://image.tmdb.org/t/p/w500/45WJFrBw9fa5mN4YOWlnbylIu5.jpg
3303,3.5,6,3.2410222213269817,Black Tar Heroin: The Dark End of the Street (1999),6,https://image.tmdb.org/t/p/w500/9xeGLoPEnrP92GfKLNJJxaz4RNn.jpg
3305,4.0,2,3.240973128894047,Bluebeard (1944),"9, 10",https://image.tmdb.org/t/p/w500/fuVlMgyg4YnQQCxQ3OFJikvlXmX.jpg
1434,4.0,2,3.240973128894047,"Stranger, The (1994)",0,https://image.tmdb.org/t/p/w500/qcrbiVMOkAaOyha8BqyVDQCTwh6.jpg
3057,4.0,2,3.240973128894047,Where's Marlowe? (1999),4,https://image.tmdb.org/t/p/w500/lBYQEQidyOkL5VI59FRHVmoMC4z.jpg
1139,4.0,2,3.240973128894047,Everything Relative (1996),7,https://image.tmdb.org/t/p/w500/83kC7TamtLuLT8KDOASjRVO8qGR.jpg
2198,4.0,2,3.240973128894047,Modulations (1998),6,https://image.tmdb.org/t/p/w500/9qsMSdQdJFnuJG06gPWxfpgQwlq.jpg
130,4.0,2,3.240973128894047,Angela (1995),7,https://image.tmdb.org/t/p/w500/ovIX8JQSh58GKhYlhIhJohVqEaj.jpg
134,4.0,2,3.240973128894047,Sonic Outlaws (1995),6,https://image.tmdb.org/t/p/w500/fdJ6o8uOcEFiTRCo9WuZklj8EPK.jpg
3353,4.0,2,3.240973128894047,"Closer You Get, The (2000)","4, 14",
2811,4.0,2,3.240973128894047,With Friends Like These... (1998),4,https://image.tmdb.org/t/p/w500/fUk3NwQOrYDN7oCeZ77NMR1FTYO.jpg
3601,4.0,2,3.240973128894047,"Castaway Cowboy, The (1974)","4, 19",https://image.tmdb.org/t/p/w500/881Frzo4noOfezARUO9f3eo8GjG.jpg
1842,4.0,2,3.240973128894047,Illtown (1996),"5, 7",https://image.tmdb.org/t/p/w500/biiuspF2nCXHE0ipMP2p8pWZV9o.jpg
1851,4.0,2,3.240973128894047,Leather Jacket Love Story (1997),"7, 14",https://image.tmdb.org/t/p/w500/gk3206i9QJGp8icLqsRSiEK83CZ.jpg
1570,3.3043478260869565,23,3.240892815662452,Tetsuo II: Body Hammer (1992),15,https://image.tmdb.org/t/p/w500/w2We4S0SmRP72BKpvtOfyu9cF6H.jpg
2397,3.3043478260869565,23,3.240892815662452,Mass Appeal (1984),7,https://image.tmdb.org/t/p/w500/kyZ5dQzPmh47jaBUJI5s6p8vJwv.jpg
2012,3.2421602787456445,1148,3.24089046273555,Back to the Future Part III (1990),"4, 15, 19",https://image.tmdb.org/t/p/w500/crzoVQnMzIrRfHtQw0tLBirNfVg.jpg
2341,3.272727272727273,44,3.24081686333031,Dancing at Lughnasa (1998),7,https://image.tmdb.org/t/p/w500/4XFmwNRGBDrp3a0WOmsUvqbcSxO.jpg
1018,3.252032520325203,123,3.240788086552487,That Darn Cat! (1965),"3, 4, 13",https://image.tmdb.org/t/p/w500/by92HEWg2d4WrkgbUIPEA0ufsHI.jpg
391,3.275,40,3.240769127727089,Jason's Lyric (1994),"5, 7",https://image.tmdb.org/t/p/w500/y3ZZJFdTYd4SezXv1gjRv19Jy32.jpg
1932,3.2777777777777777,36,3.240720893254076,"Great Ziegfeld, The (1936)",12,https://image.tmdb.org/t/p/w500/7wkIYI2r0ICajBcCW0JlIT3zSwc.jpg
2760,3.4285714285714284,7,3.2406949678017587,"Gambler, The (A Játékos) (1997)",7,https://image.tmdb.org/t/p/w500/hIgU3cxn7Y87joQGM3srofnXOm5.jpg
2510,3.6666666666666665,3,3.2406441553392424,Just the Ticket (1999),"4, 14",https://image.tmdb.org/t/p/w500/5vsjad22y8jbjWwENUhF5T3O1RB.jpg
1039,3.6666666666666665,3,3.2406441553392424,Synthetic Pleasures (1995),6,https://image.tmdb.org/t/p/w500/xgqqmCrPGBJWsOQ3Lp9DxGC0D37.jpg
729,3.6666666666666665,3,3.2406441553392424,"Institute Benjamenta, or This Dream People Call Human Life (1995)",7,https://image.tmdb.org/t/p/w500/sbAYYXZNY6iofJa1EfylnR9MrkC.jpg
3242,3.6666666666666665,3,3.2406441553392424,Santitos (1997),4,https://image.tmdb.org/t/p/w500/dgKPYxrfzPxstcjsYjrFu3CxgEj.jpg
2577,3.2857142857142856,28,3.2406228960871224,Metroland (1997),"4, 7",https://image.tmdb.org/t/p/w500/qUFYBfOY3Ec2S6PR6apgFwfR6je.jpg
877,3.2916666666666665,24,3.2405731171678767,Girls Town (1996),7,https://image.tmdb.org/t/p/w500/4Qyr7s8heJnMm0rM20YwtSvYI77.jpg
3144,3.2653061224489797,49,3.240554712634547,"Glass Bottom Boat, The (1966)","4, 14",https://image.tmdb.org/t/p/w500/jlj5rCl7jfW7QskJ1vucd7j5n5M.jpg
3867,3.3333333333333335,12,3.2404205580391037,All the Rage (a.k.a. It's the Rage) (1999),7,https://image.tmdb.org/t/p/w500/9pX1AhCBmDabAhfaIrMUqW1kpK1.jpg
2964,3.3333333333333335,12,3.2404205580391037,Julien Donkey-Boy (1999),7,https://image.tmdb.org/t/p/w500/3Gk4mXa9p1AyCsbhWV3I7tsrD1g.jpg
2714,3.2528735632183907,87,3.240381927478255,"Wood, The (1999)",7,https://image.tmdb.org/t/p/w500/qd3PQ6tYUbb36Pc2fTamzA5WNey.jpg
1444,3.375,8,3.240368601743722,Guantanamera (1994),4,https://image.tmdb.org/t/p/w500/eOdVQUCn9gWwTr6LSnDQJ3kimU.jpg
3240,3.272727272727273,33,3.2403565164406496,"Big Tease, The (1999)",4,https://image.tmdb.org/t/p/w500/i7HjSujyV4PpIcTzhlNxNGvMiRJ.jpg
3806,3.2586206896551726,58,3.2403451984584066,MacKenna's Gold (1969),19,https://image.tmdb.org/t/p/w500/uChjCbOKpoREb3yZrG1p8L3GyC7.jpg
2127,3.5,4,3.2403160787811793,"First Love, Last Rites (1997)","7, 14",https://image.tmdb.org/t/p/w500/w4yN57gmVvLKdHOdUZ5GDQk6gW9.jpg
682,3.5,4,3.2403160787811793,Tigrero: A Film That Was Never Made (1994),"6, 7",https://image.tmdb.org/t/p/w500/aPzqmiB0KCd3NXpiT4i1JTOpLVz.jpg
2578,3.5,4,3.2403160787811793,"Sticky Fingers of Time, The (1997)",15,https://image.tmdb.org/t/p/w500/rTyNAfz8znLPMzytmKGhvlXFee.jpg
1149,3.5,4,3.2403160787811793,JLG/JLG - autoportrait de décembre (1994),"6, 7",https://image.tmdb.org/t/p/w500/svvG0RLY1XcuriBw87BGmJjol9G.jpg
3206,3.2481203007518795,133,3.240315181201154,Against All Odds (1984),14,https://image.tmdb.org/t/p/w500/Ac0m41QYoxYBfRoU4cL491vOfEv.jpg
3414,3.26,50,3.2402461113354653,Love Is a Many-Splendored Thing (1955),14,https://image.tmdb.org/t/p/w500/a9aqlitzVeo5fq6UX5Ekl5kopco.jpg
78,3.26,50,3.2402461113354653,"Crossing Guard, The (1995)",7,https://image.tmdb.org/t/p/w500/kqUCp0XTjzXxqEQDy0x3hgZw6gI.jpg
3832,3.2857142857142856,21,3.2402023234989943,"Black Sabbath (Tre Volti Della Paura, I) (1963)",10,https://image.tmdb.org/t/p/w500/oHd2kOCwIEsZtre00qQ2n9S3doa.jpg
1493,3.2941176470588234,17,3.240149824227723,Love and Other Catastrophes (1996),14,https://image.tmdb.org/t/p/w500/cgZdBsoGwtmgMZx1uuB2VSXtqGj.jpg
2913,3.2941176470588234,17,3.240149824227723,"Mating Habits of the Earthbound Human, The (1998)",4,https://image.tmdb.org/t/p/w500/6HKeiRaPRstC5Uc7y6MmolV5dbi.jpg
375,3.2941176470588234,17,3.240149824227723,Safe Passage (1994),7,https://image.tmdb.org/t/p/w500/b0pcExU3UvqUoaRiYwrVEAYC2iL.jpg
3744,3.2422802850356294,421,3.240131980691869,Shaft (2000),"0, 5",https://image.tmdb.org/t/p/w500/5ncvnNPaN73cOqD4muE413sSOyY.jpg
129,3.3076923076923075,13,3.2400967593077374,Pie in the Sky (1995),"4, 14",https://image.tmdb.org/t/p/w500/iZs2BzP1nbrcHCDX3QEHa3Nn0y4.jpg
2557,3.4,5,3.239988895556154,I Stand Alone (Seul contre tous) (1998),7,https://image.tmdb.org/t/p/w500/4kMB2AAcDQ5diRuh7NTxuS90bx7.jpg
1471,3.4,5,3.239988895556154,Boys Life 2 (1997),7,https://image.tmdb.org/t/p/w500/98DnYNe2E3Vrpoai1MhLBjUGcWF.jpg
1071,3.4,5,3.239988895556154,For the Moment (1994),"14, 18",https://image.tmdb.org/t/p/w500/8zSzkQSCKfNumTvQyjRlDHT6rCL.jpg
3293,3.4,5,3.239988895556154,Conceiving Ada (1997),"7, 15",https://image.tmdb.org/t/p/w500/vDvLDFvqbmm9M1LeuHSMTbEtPK5.jpg
1024,3.246031746031746,126,3.2399437098608943,"Three Caballeros, The (1945)","2, 3, 12",https://image.tmdb.org/t/p/w500/nMfScRxw9wVLoO7LiEjziFAKLSK.jpg
3568,3.269230769230769,26,3.239936259147578,Smiling Fish and Goat on Fire (1999),7,
396,4.0,1,3.2399340777357906,Fall Time (1995),7,https://image.tmdb.org/t/p/w500/rYFexSIWUXNhuIdTIVcvZSEGe5G.jpg
1915,4.0,1,3.2399340777357906,Voyage to the Beginning of the World (1997),7,https://image.tmdb.org/t/p/w500/rz1hJdE4icZxaDYPxkWoHgev4r5.jpg
3277,4.0,1,3.2399340777357906,Beloved/Friend (Amigo/Amado) (1999),7,https://image.tmdb.org/t/p/w500/yvIOKJYryk5KXIZzHt28dYDcuqQ.jpg
3530,4.0,1,3.2399340777357906,Smoking/No Smoking (1993),4,https://image.tmdb.org/t/p/w500/3AdYe9YfmdwDFtnapMGxXoHh4uq.jpg
3164,4.0,1,3.2399340777357906,"Alley Cats, The (1968)",7,https://image.tmdb.org/t/p/w500/klVQ1ryl0BTvOWvKUDJcnWcXYAC.jpg
717,4.0,1,3.2399340777357906,Mouth to Mouth (Boca a boca) (1995),4,https://image.tmdb.org/t/p/w500/9UBEQ14U72p0LwJKC4YJ34ERWzM.jpg
624,4.0,1,3.2399340777357906,Condition Red (1995),"0, 7, 16",https://image.tmdb.org/t/p/w500/5resaGz69uNiR9UTj4sqYwLictG.jpg
139,4.0,1,3.2399340777357906,Target (1995),"0, 7",https://image.tmdb.org/t/p/w500/8X68JtMHDZ1zvrjtLQi0q3OWU2O.jpg
3229,4.0,1,3.2399340777357906,Another Man's Poison (1952),"5, 7",https://image.tmdb.org/t/p/w500/c1l9H43tauTdy4PZaekywdLYY5x.jpg
1316,4.0,1,3.2399340777357906,Anna (1996),7,https://image.tmdb.org/t/p/w500/sgMGvWai7E1Ryf9IvB5m0ILS7hl.jpg
1832,4.0,1,3.2399340777357906,Heaven's Burning (1997),"0, 7",https://image.tmdb.org/t/p/w500/j7l2BgeJCNhiFwRrK5p5FhjliG5.jpg
792,4.0,1,3.2399340777357906,"Hungarian Fairy Tale, A (1987)",8,https://image.tmdb.org/t/p/w500/h4OS61Kpd52ZqfvMIMGNdwiC2uB.jpg
2909,4.0,1,3.2399340777357906,"Five Wives, Three Secretaries and Me (1998)",6,
2438,4.0,1,3.2399340777357906,Outside Ozona (1998),"7, 16",https://image.tmdb.org/t/p/w500/79yHZoOA9ZzEkQqyL2auTBUJUbS.jpg
758,4.0,1,3.2399340777357906,"Jar, The (Khomreh) (1992)",7,https://image.tmdb.org/t/p/w500/k47Sw1QKRs7Wjyx82FMRwVpgfno.jpg
774,4.0,1,3.2399340777357906,Wend Kuuni (God's Gift) (1982),7,https://image.tmdb.org/t/p/w500/7t0xjFUqy4T9gcM9lKYle8tTIq3.jpg
701,4.0,1,3.2399340777357906,Daens (1992),7,https://image.tmdb.org/t/p/w500/jH0dtpIBt0w0KGsj60zXtHCABqT.jpg
398,4.0,1,3.2399340777357906,Frank and Ollie (1995),6,https://image.tmdb.org/t/p/w500/eUIELE2IkuWkAc3JzjYz6J2Lpx5.jpg
878,4.0,1,3.2399340777357906,Bye-Bye (1995),7,https://image.tmdb.org/t/p/w500/sRzzduxIr4FKKZGTg3dtjwNi2YT.jpg
1470,4.0,1,3.2399340777357906,Rhyme & Reason (1997),6,https://image.tmdb.org/t/p/w500/3w1yQBO9QRrNblli8FSwuHtxfIs.jpg
584,4.0,1,3.2399340777357906,I Don't Want to Talk About It (De eso no se habla) (1993),7,https://image.tmdb.org/t/p/w500/ijVUC5LFY2XA2FtLpz7WqMR29TL.jpg
3065,4.0,1,3.2399340777357906,Ten Benny (1997),7,https://image.tmdb.org/t/p/w500/g3XmEqaUx8otzoLEFYSayXs2BmQ.jpg
3647,4.0,1,3.2399340777357906,Running Free (2000),7,https://image.tmdb.org/t/p/w500/ldhNWUUNNk4CdbFKNTYAQFg6uKM.jpg
2634,3.247311827956989,93,3.2398441869738543,"Mummy, The (1959)",10,https://image.tmdb.org/t/p/w500/rhk41QzLibidKUBE9KbWlW5z1Wf.jpg
251,3.2777777777777777,18,3.23982855355986,"Hunted, The (1995)",0,https://image.tmdb.org/t/p/w500/lw6ovFjd6fhq6SEklcxP5axlVJn.jpg
2775,3.2857142857142856,14,3.2397738315884266,Head On (1998),7,https://image.tmdb.org/t/p/w500/9L5BBJiXZss58EBcbw0l4holdzZ.jpg
3025,3.2857142857142856,14,3.2397738315884266,Rough Night in Jericho (1967),19,https://image.tmdb.org/t/p/w500/uOszr5FKGJyHqXdN8uhx5qikbr7.jpg
3759,3.257142857142857,35,3.2397277224146435,Fun and Fancy Free (1947),"2, 3, 12",https://image.tmdb.org/t/p/w500/zBMBHx7JrHIB6U4wYT3q0yvwQuP.jpg
2209,3.3,10,3.2397185176281207,Young and Innocent (1937),"5, 16",https://image.tmdb.org/t/p/w500/knc0wcxarPM6Qy3uOm1RV38JGzS.jpg
1903,3.3333333333333335,6,3.239662602020388,Hav Plenty (1997),4,https://image.tmdb.org/t/p/w500/vJutTuVdm5XxL3ixMFqw2o0AS8C.jpg
1519,3.3333333333333335,6,3.239662602020388,Broken English (1996),7,https://image.tmdb.org/t/p/w500/7xxZH98y9kIesh5OpFauu7GXKBh.jpg
1428,3.25,52,3.239631278037102,Angel Baby (1995),7,https://image.tmdb.org/t/p/w500/bHu1frnmodEIszUUOwOJ5R1RRRt.jpg
3413,3.5,2,3.2396060748954136,Impact (1949),"5, 7",https://image.tmdb.org/t/p/w500/tNF03oWEefF5dImf0uOt1QgYdew.jpg
2543,3.5,2,3.2396060748954136,Six Ways to Sunday (1997),4,https://image.tmdb.org/t/p/w500/oy8n7jMQq0CggMyOFdByzJIgcwP.jpg
3381,3.5,2,3.2396060748954136,Slaves to the Underground (1997),"4, 7",https://image.tmdb.org/t/p/w500/auTfHdzTCLTqRsA3BTDGFwFn6EZ.jpg
2251,3.5,2,3.2396060748954136,"Cabinet of Dr. Ramirez, The (1991)",4,https://image.tmdb.org/t/p/w500/5N5F3CevRjnuRHtdI5dLByWcYxk.jpg
3084,3.5,2,3.2396060748954136,Home Page (1999),6,https://image.tmdb.org/t/p/w500/eILODKQ3qcFcRcmhNolh3YvWvBU.jpg
3337,3.5,2,3.2396060748954136,I'll Never Forget What's 'is Name (1967),"4, 7",
3131,3.5,2,3.2396060748954136,Broadway Damage (1997),4,https://image.tmdb.org/t/p/w500/sJ1NYKSDq3j3yA9gaXWg3onMaTI.jpg
1364,3.5,2,3.2396060748954136,Zero Kelvin (Kjærlighetens kjøtere) (1995),0,https://image.tmdb.org/t/p/w500/ddvaQzv1w53kTfRzzZbfnisUMJq.jpg
1360,3.5,2,3.2396060748954136,Identification of a Woman (Identificazione di una donna) (1982),7,https://image.tmdb.org/t/p/w500/96pesWCpyJVIL27F6D9aECyWtXf.jpg
1787,3.5,2,3.2396060748954136,"Paralyzing Fear: The Story of Polio in America, A (1998)",6,
679,3.5,2,3.2396060748954136,"Run of the Country, The (1995)",7,https://image.tmdb.org/t/p/w500/ArlhiYSVjDeJKSl1qfCNdQH3DMW.jpg
712,3.5,2,3.2396060748954136,Captives (1994),7,https://image.tmdb.org/t/p/w500/vfIqkf0WHiDQZuYGP720pGfWMg6.jpg
530,3.5,2,3.2396060748954136,Second Best (1994),7,https://image.tmdb.org/t/p/w500/cuLma27DmWe57OLPMshcamWdjDJ.jpg
791,3.5,2,3.2396060748954136,"Last Klezmer: Leopold Kozlowski, His Life and Music, The (1995)",6,https://image.tmdb.org/t/p/w500/wvj4XdUwwk0LdYiOaB7rPiwsPGz.jpg
3295,3.5,2,3.2396060748954136,Raining Stones (1993),7,https://image.tmdb.org/t/p/w500/tkkfaTOTgeQ8iq0yQn4y8MvGkG8.jpg
3236,3.5,2,3.2396060748954136,Zachariah (1971),19,https://image.tmdb.org/t/p/w500/3UsTPl50gVevv3ycyFM7BhuIMIv.jpg
3377,3.5,2,3.2396060748954136,Hangmen Also Die (1943),"7, 18",https://image.tmdb.org/t/p/w500/d9J86BpP7NLreJJ9VCbr1SDMRii.jpg
1472,3.25,48,3.2395779341298976,City of Industry (1997),"5, 16",https://image.tmdb.org/t/p/w500/8sLhOGSCTVeaihjXIy0OjL520F2.jpg
967,3.260869565217391,23,3.239563912007967,"Outlaw, The (1943)",19,https://image.tmdb.org/t/p/w500/rGS8SzheANVQicNba0GCE6w1XHb.jpg
3351,3.2666666666666666,15,3.2394517713713835,Two Thousand Maniacs! (1964),10,https://image.tmdb.org/t/p/w500/zyRZdPfj9gWDmeQ1ptKZH73TaY3.jpg
1038,3.272727272727273,11,3.2393947924186293,Unhook the Stars (1996),7,https://image.tmdb.org/t/p/w500/xDa7qRS8iOY5XDvt0DRpwlAJO6H.jpg
2632,3.272727272727273,11,3.2393947924186293,"Saragossa Manuscript, The (Rekopis znaleziony w Saragossie) (1965)",7,https://image.tmdb.org/t/p/w500/r6LnCMQUwsHWPTNDuUuuKR5zgjt.jpg
1058,3.272727272727273,11,3.2393947924186293,Bitter Sugar (Azucar Amargo) (1996),7,https://image.tmdb.org/t/p/w500/hz2CEjmxi0B82a4u5J3bnRuLF1I.jpg
552,3.2400756143667295,529,3.239389625574887,"Three Musketeers, The (1993)","0, 1, 4",https://image.tmdb.org/t/p/w500/jOkXsC1NjkNOxNyooRhTIf1nxsn.jpg
2911,3.2857142857142856,7,3.2393371945498917,"Grandfather, The (El Abuelo) (1998)",7,https://image.tmdb.org/t/p/w500/fPoUd6lm011MUCH54aNeMsDJl7z.jpg
3533,3.2857142857142856,7,3.2393371945498917,"Actor's Revenge, An (Yukinojo Henge) (1963)",7,https://image.tmdb.org/t/p/w500/ph5EjFfSL2doaNa1Z8JcLVCowZR.jpg
1543,3.2857142857142856,7,3.2393371945498917,"Designated Mourner, The (1997)",7,https://image.tmdb.org/t/p/w500/nEY2MF8JPOvIkkZZ6avlD7KwX9F.jpg
2192,3.2857142857142856,7,3.2393371945498917,See the Sea (Regarde la mer) (1997),7,https://image.tmdb.org/t/p/w500/weah4Ox9oFOAuUlbZvP5F2TFEbN.jpg
3575,3.3333333333333335,3,3.239278967625932,Defying Gravity (1997),7,
796,3.3333333333333335,3,3.239278967625932,"Very Natural Thing, A (1974)",7,https://image.tmdb.org/t/p/w500/nxHEvJU4Ae97gyTyi7TuGvusuXF.jpg
3216,3.3333333333333335,3,3.239278967625932,Vampyros Lesbos (Las Vampiras) (1970),10,https://image.tmdb.org/t/p/w500/qaZc7veACx1vmq6tZtnIT6vLmxM.jpg
666,3.3333333333333335,3,3.239278967625932,All Things Fair (1996),7,https://image.tmdb.org/t/p/w500/y1oFNynXrIzlPUe4CXKMR2dpNep.jpg
2223,3.3333333333333335,3,3.239278967625932,"Farmer's Wife, The (1928)",4,https://image.tmdb.org/t/p/w500/xgHF8syPdDxr1WSOPpAGWoIAeN9.jpg
1861,3.3333333333333335,3,3.239278967625932,Junk Mail (1997),"4, 16",https://image.tmdb.org/t/p/w500/adQQdVMN2wC5HJ94BiAMeyP7pZb.jpg
3603,3.3333333333333335,3,3.239278967625932,"Gay Deceivers, The (1969)",4,https://image.tmdb.org/t/p/w500/yjO3d7AnrdmM8jawMhpujKJ2ABp.jpg
1020,3.239795918367347,392,3.2392080640089125,Cool Runnings (1993),4,https://image.tmdb.org/t/p/w500/6fXuGEb7EqGmAeUodxm7l5ELPZ.jpg
2157,3.25,20,3.239188584104063,"Chambermaid on the Titanic, The (1998)",14,https://image.tmdb.org/t/p/w500/mMPED3zn786jkID7TWtLPt3WMyR.jpg
3775,3.25,20,3.239188584104063,Make Mine Music (1946),"2, 3, 12",https://image.tmdb.org/t/p/w500/1Mu98243emXAKy8iZfymUJDgTpS.jpg
1846,3.25,20,3.239188584104063,Nil By Mouth (1997),7,https://image.tmdb.org/t/p/w500/u0Zl9uF0LV37X6oKECLT6rU7TsI.jpg
2897,3.25,20,3.239188584104063,And the Ship Sails On (E la nave va) (1984),"4, 18",https://image.tmdb.org/t/p/w500/kAJEaXgZ5sO0tBaB9By260JZUQg.jpg
2361,3.240506329113924,158,3.239179542294079,Pink Flamingos (1972),4,https://image.tmdb.org/t/p/w500/5yCT7jpANI80dC7JdQCtdbmgszV.jpg
580,3.2419354838709675,62,3.2391305670069426,Princess Caraboo (1994),7,https://image.tmdb.org/t/p/w500/tdT3DD1XrzdusPSunmQt3BncmKS.jpg
3049,3.2432432432432434,37,3.2391022097664646,How I Won the War (1967),"4, 18",https://image.tmdb.org/t/p/w500/m3m6WC9JEKpCNht26OcFEDVU3V1.jpg
957,3.2432432432432434,37,3.2391022097664646,"Scarlet Letter, The (1926)",7,https://image.tmdb.org/t/p/w500/8gIU7O3oV6NyWUjlL6ppbpnIZLW.jpg
769,3.25,12,3.239071940372212,Marlene Dietrich: Shadow and Light (1996),6,
925,3.25,12,3.239071940372212,Golden Earrings (1947),"1, 14",https://image.tmdb.org/t/p/w500/3ZMKfwdgqV1AfqmOK5Qykgr96n2.jpg
3073,3.242424242424242,33,3.2390450410308134,"Sandpiper, The (1965)","7, 14",https://image.tmdb.org/t/p/w500/cOEIl9QjFe6Pt5W7hbkt2Hy7EfX.jpg
3003,3.25,8,3.2390126695403323,Train of Life (Train De Vie) (1998),"4, 7",https://image.tmdb.org/t/p/w500/anUwgyVrC7kUwN5OliazbC5qBfr.jpg
2831,3.25,8,3.2390126695403323,"Dog of Flanders, A (1999)",7,https://image.tmdb.org/t/p/w500/w65gcoD1zwmaPLM0gM8s9eynGcj.jpg
136,3.25,8,3.2390126695403323,From the Journals of Jean Seberg (1995),6,https://image.tmdb.org/t/p/w500/i434k0SSFhDav9lCxFQzD95EciY.jpg
2332,3.25,8,3.2390126695403323,Belly (1998),"5, 7",https://image.tmdb.org/t/p/w500/3h84eKRRK0SCW6LVRJ4cnQx4xD.jpg
1312,3.2413793103448274,29,3.2389872693289323,Female Perversions (1996),7,https://image.tmdb.org/t/p/w500/5vqRaOZBqBL1YXukRv6zI6Y4pxC.jpg
1652,3.25,4,3.2389527522644785,Year of the Horse (1997),6,https://image.tmdb.org/t/p/w500/kLO7UAx8OalCeW2JqTAispzNBJr.jpg
696,3.25,4,3.2389527522644785,Butterfly Kiss (1995),16,https://image.tmdb.org/t/p/w500/dmQ2rKLSsofdXok2y9Xp5gfUqaB.jpg
3314,3.25,4,3.2389527522644785,"Big Trees, The (1952)","0, 7",https://image.tmdb.org/t/p/w500/5BPeNZ1cfFMDVZDl3G63U6WatyC.jpg
67,3.25,4,3.2389527522644785,Two Bits (1995),7,https://image.tmdb.org/t/p/w500/ianK4zwR5Vv4JSDm3sNDh3kH86I.jpg
2172,3.25,4,3.2389527522644785,"Strike! (a.k.a. All I Wanna Do, The Hairy Bird) (1998)",4,https://image.tmdb.org/t/p/w500/cCr8mLqIVkbjBNs1uaZPvkXYnWA.jpg
823,3.25,4,3.2389527522644785,"Collectionneuse, La (1967)",7,https://image.tmdb.org/t/p/w500/zErPp680oDKX3IILQqOgkeeaxWr.jpg
820,3.25,4,3.2389527522644785,"Death in the Garden (Mort en ce jardin, La) (1956)",7,https://image.tmdb.org/t/p/w500/3HSPxDE0rvvvklNxYqba8glk3S5.jpg
1561,3.25,4,3.2389527522644785,Wedding Bell Blues (1996),4,https://image.tmdb.org/t/p/w500/a4juFEw1qG3dI8XaoV3AruFaqa9.jpg
3378,3.25,4,3.2389527522644785,"Ogre, The (Der Unhold) (1996)",7,https://image.tmdb.org/t/p/w500/ht6mEJqCEDTL3FGabkiALVSsX7u.jpg
2293,3.24,25,3.2389288850709015,Shadrach (1998),7,https://image.tmdb.org/t/p/w500/zXqzSRvIUBBJRVaHXXQSEkGMmdY.jpg
3106,3.24,25,3.2389288850709015,Come See the Paradise (1990),"7, 14",https://image.tmdb.org/t/p/w500/uBdJXVfcQkhKBg2SfydhoTqtcBr.jpg
2812,3.239130434782609,46,3.23890631049129,In Too Deep (1999),"0, 16",https://image.tmdb.org/t/p/w500/s8FcpPA3dgjQYKpj2UD8a4z0U8i.jpg
563,3.235294117647059,17,3.238810239498989,Germinal (1993),7,https://image.tmdb.org/t/p/w500/yCRCdx87BjeThjrvji5TzWQtkHY.jpg
1895,3.238562091503268,306,3.2387946342694303,Can't Hardly Wait (1998),"4, 7, 14",https://image.tmdb.org/t/p/w500/r3a5gGWfS0SDS9nriNrJzSSrErf.jpg
187,3.238095238095238,105,3.2387919038777655,Party Girl (1995),4,https://image.tmdb.org/t/p/w500/woul0s4PWeTRbeQH4TdBqOr19Gq.jpg
2768,3.230769230769231,13,3.2387499579609362,Stiff Upper Lips (1998),4,https://image.tmdb.org/t/p/w500/3BKL5t6z6kudeDmuwYiIF5dzAV8.jpg
775,3.2222222222222223,9,3.2386890234068995,Spirits of the Dead (Tre Passi nel Delirio) (1968),10,https://image.tmdb.org/t/p/w500/9HmCwfPG7URPSXSrmEAFN65VoWE.jpg
3099,3.238095238095238,273,3.2386751558962543,Shampoo (1975),"4, 14",https://image.tmdb.org/t/p/w500/6jmFvXPV6OhtX3AkAVnH7rwdeUJ.jpg
3207,3.2,5,3.238627425168135,"Snows of Kilimanjaro, The (1952)",1,https://image.tmdb.org/t/p/w500/nCqihL2CZ9eNlP8vM5s0ldoNMk1.jpg
264,3.2,5,3.238627425168135,"Enfer, L' (1994)",7,https://image.tmdb.org/t/p/w500/d93oiCPUSB6Yq92LOqVdM3BRmuB.jpg
790,3.0,1,3.2385651523422245,An Unforgettable Summer (1994),7,https://image.tmdb.org/t/p/w500/jNO8smUkyNbL2t6HU6EBnJCSf6r.jpg
3890,3.0,1,3.2385651523422245,Back Stage (2000),6,https://image.tmdb.org/t/p/w500/vgnRygAkiaapnPqLTt4QydvSmQG.jpg
658,3.0,1,3.2385651523422245,Billy's Holiday (1995),7,https://image.tmdb.org/t/p/w500/xe08JcSJuUzOijAsbl8HmlbspnU.jpg
1579,3.0,1,3.2385651523422245,For Ever Mozart (1996),7,https://image.tmdb.org/t/p/w500/5TCe8LHpl8aZ9OvGvFkakAYyYlL.jpg
868,3.0,1,3.2385651523422245,Death in Brunswick (1991),4,https://image.tmdb.org/t/p/w500/bgCyBwEGTXujiloz6fvTQMT0jm6.jpg
872,3.0,1,3.2385651523422245,Aiqing wansui (1994),7,
3323,3.0,1,3.2385651523422245,Chain of Fools (2000),"4, 5",https://image.tmdb.org/t/p/w500/rUwl3cfSf60aP1uvfb4QIEVMHuq.jpg
1908,3.0,1,3.2385651523422245,Resurrection Man (1998),"7, 16",https://image.tmdb.org/t/p/w500/3lKTaVHpWWAsgtCHb3PfElZV3zP.jpg
814,3.0,1,3.2385651523422245,"Boy Called Hate, A (1995)",7,https://image.tmdb.org/t/p/w500/mbagWLUzEemKmiWnJNWGrU3SkWJ.jpg
311,3.0,1,3.2385651523422245,Relative Fear (1994),"10, 16",https://image.tmdb.org/t/p/w500/wG6wdsB9lqCwxsRycnzzXZDSo6m.jpg
402,3.0,1,3.2385651523422245,Open Season (1996),4,https://image.tmdb.org/t/p/w500/8Gbfv6kC4WzmJD6hXVuPKX2tg14.jpg
2703,3.0,1,3.2385651523422245,Broken Vessels (1998),7,https://image.tmdb.org/t/p/w500/iMvLeE872FGGV4XrAfhKRCULtXk.jpg
601,3.0,1,3.2385651523422245,"Wooden Man's Bride, The (Wu Kui) (1994)",7,https://image.tmdb.org/t/p/w500/6qX1sUq4daMpHWMhtWScYMKGGCn.jpg
286,3.0,1,3.2385651523422245,Nemesis 2: Nebula (1995),"0, 15, 16",https://image.tmdb.org/t/p/w500/dfBROAe2wXgbB7NbksvVvT49vZW.jpg
2584,3.0,1,3.2385651523422245,Foolish (1999),4,https://image.tmdb.org/t/p/w500/p1WbWy2nq6PXbFKYmQq0PB768OD.jpg
763,3.0,1,3.2385651523422245,"Last of the High Kings, The (a.k.a. Summer Fling) (1996)",7,https://image.tmdb.org/t/p/w500/pSdzsYKg1wpmYpflD1ZEq5Cf9rd.jpg
2556,3.0,1,3.2385651523422245,Telling You (1998),"4, 7, 14",https://image.tmdb.org/t/p/w500/q1LfjNSgWLgsdluM8dsMrx19PN5.jpg
2563,3.0,1,3.2385651523422245,Beauty (1998),7,
576,3.0,1,3.2385651523422245,Fausto (1993),4,
2592,3.0,1,3.2385651523422245,"Joyriders, The (1999)",7,https://image.tmdb.org/t/p/w500/qC3rQkaVdelJdQwCkNxUJgvqxdb.jpg
1843,3.0,1,3.2385651523422245,Slappy and the Stinkers (1998),"3, 4",https://image.tmdb.org/t/p/w500/g6PsNLXH5bS8ZuPmhXujcM0JTHx.jpg
2214,3.0,1,3.2385651523422245,Number Seventeen (1932),16,https://image.tmdb.org/t/p/w500/nrz9csver46bnZfHoE9C96DbLkh.jpg
2226,3.0,1,3.2385651523422245,"Ring, The (1927)",7,https://image.tmdb.org/t/p/w500/6cqOZ19H79uskbEwXt9oBydDMTC.jpg
3779,3.0,1,3.2385651523422245,Project Moon Base (1953),15,https://image.tmdb.org/t/p/w500/djG5ljYkjESdyeueMNfdu0VHsL0.jpg
1724,3.0,1,3.2385651523422245,Full Speed (1996),7,https://image.tmdb.org/t/p/w500/hrExpoA2E2bCrSZ6VPWHHdzY2y.jpg
3458,3.0,1,3.2385651523422245,Blood and Sand (Sangre y Arena) (1989),"7, 14",https://image.tmdb.org/t/p/w500/1cp4d9Mwz1IxZWcfKq0D53oVD0x.jpg
1764,3.0,1,3.2385651523422245,Tainted (1998),"4, 16",https://image.tmdb.org/t/p/w500/tQhIPRY9k7SxwslI4vwQg4TBMA2.jpg
3290,3.0,1,3.2385651523422245,Soft Toilet Seats (1999),4,https://image.tmdb.org/t/p/w500/yzVQ1ufyk9LTr9LYmdPXYmQIFfb.jpg
3842,3.0,1,3.2385651523422245,Make Them Die Slowly (Cannibal Ferox) (1980),10,https://image.tmdb.org/t/p/w500/ogvtVVsPSuzXKiQY1FCCKwIfBec.jpg
2619,3.0,1,3.2385651523422245,Mascara (1999),7,https://image.tmdb.org/t/p/w500/uYwMDzcANO0Z1kFChAL0prlS6hn.jpg
124,3.2142857142857144,14,3.238428841675851,"Star Maker, The (Uomo delle stelle, L') (1995)",7,https://image.tmdb.org/t/p/w500/wousyAPimHw7RQVjlvzA8BSr2pt.jpg
1656,3.2142857142857144,14,3.238428841675851,Swept from the Sea (1997),14,https://image.tmdb.org/t/p/w500/w5Or62J6mF099MQcn0Cq8ycIfqB.jpg
3784,3.2363636363636363,165,3.238425761638899,"Kid, The (2000)",4,https://image.tmdb.org/t/p/w500/zWp8QZ1KxNrirNK9MF1EAIHjqVw.jpg
3127,3.232142857142857,56,3.2384110041833165,Holy Smoke (1999),7,https://image.tmdb.org/t/p/w500/utBNYz1cX43SQKZFH1JmMZU34Dy.jpg
1899,3.2,10,3.238366252584172,Passion in the Desert (1998),"1, 7",https://image.tmdb.org/t/p/w500/l3jjf0LGUY6G3ICkdAVLQV7Txii.jpg
1872,3.2,10,3.238366252584172,Go Now (1995),7,https://image.tmdb.org/t/p/w500/crYsh9vt7ujWoI4o91bfclYp7WM.jpg
1529,3.225806451612903,31,3.2383587689493694,Nowhere (1997),7,https://image.tmdb.org/t/p/w500/cVxIX8JJJB179zh7wcUt0A6TpQQ.jpg
3866,3.1666666666666665,6,3.2383029827137935,Sunset Strip (2000),4,https://image.tmdb.org/t/p/w500/iUtn31GVCEKszL4nMulNF23Bnma.jpg
972,3.1666666666666665,6,3.2383029827137935,"Last Time I Saw Paris, The (1954)",7,https://image.tmdb.org/t/p/w500/rerbqTR085seifQjy7bpnEJJ9qI.jpg
884,3.0,2,3.238239020896781,Sweet Nothing (1995),7,https://image.tmdb.org/t/p/w500/qcRZ5UAVjT38R2YGf9KcSiGzF1u.jpg
657,3.0,2,3.238239020896781,Yankee Zulu (1994),"4, 7",https://image.tmdb.org/t/p/w500/gOPkzkmi5XkGDUkurhpBK9gNHpI.jpg
3542,3.0,2,3.238239020896781,Coming Apart (1969),7,https://image.tmdb.org/t/p/w500/9uoBmSsQJZQScvLbJzd414p9NfQ.jpg
827,3.0,2,3.238239020896781,"Convent, The (Convento, O) (1995)",7,https://image.tmdb.org/t/p/w500/yBpYAEb8k4QaZ8C7Er0CuN49X6N.jpg
1134,3.0,2,3.238239020896781,Johnny 100 Pesos (1993),"0, 7",https://image.tmdb.org/t/p/w500/roeSBHxxHs5tE0uIVHuehB7dXAo.jpg
582,3.0,2,3.238239020896781,Metisse (Café au Lait) (1993),4,https://image.tmdb.org/t/p/w500/ojNzabwK0IaAVIjQwcNhxBNYRmr.jpg
3336,3.0,2,3.238239020896781,It Happened Here (1961),7,https://image.tmdb.org/t/p/w500/oSbcDgGofczdeQw43uWMpm4Izy4.jpg
401,3.0,2,3.238239020896781,Mirage (1995),"0, 16",https://image.tmdb.org/t/p/w500/dMDgPPaBvyed07YZOV98ge2igLL.jpg
572,3.0,2,3.238239020896781,Foreign Student (1994),7,https://image.tmdb.org/t/p/w500/4LexKl8qiKEneVN7uSVN3zDvVDZ.jpg
1555,3.0,2,3.238239020896781,"To Have, or Not (1995)",7,https://image.tmdb.org/t/p/w500/151eeCpFbj1X2x5SVy6cRHWwwAb.jpg
789,3.0,2,3.238239020896781,"I, Worst of All (Yo, la peor de todas) (1990)",7,https://image.tmdb.org/t/p/w500/svqJY9yyrPl42UbFaSbANvcTY9C.jpg
2258,3.0,2,3.238239020896781,Master Ninja I (1984),0,https://image.tmdb.org/t/p/w500/xci9m8GgMlkzut0gys2X08FQQEa.jpg
192,3.0,2,3.238239020896781,"Show, The (1995)",6,https://image.tmdb.org/t/p/w500/r32KWFc2jRItbAzHypGu9yHSfNs.jpg
3748,3.0,2,3.238239020896781,"Match, The (1999)","4, 14",https://image.tmdb.org/t/p/w500/pPOoMzOC7GX5aFbdbQCczSqywMQ.jpg
1070,3.0,2,3.238239020896781,Macao (1952),1,https://image.tmdb.org/t/p/w500/eXoIIwdaaDuCthlTGMimjCjfPRD.jpg
2895,3.0,2,3.238239020896781,Napoleon and Samantha (1972),1,https://image.tmdb.org/t/p/w500/mOjTiTeNYPQzUdRiBkQMUB1iRwP.jpg
570,3.217391304347826,23,3.238235008353482,"Slingshot, The (Kådisbellan ) (1993)","4, 7",https://image.tmdb.org/t/p/w500/uSm5xpVmwiDZ0MbWkZOfu54k8hE.jpg
359,3.210526315789474,19,3.2381721359866336,I Like It Like That (1994),"4, 7, 14",https://image.tmdb.org/t/p/w500/aCxh21UPLHi7Pxm9ykH1GNx39OW.jpg
638,3.210526315789474,19,3.2381721359866336,Jack and Sarah (1995),14,https://image.tmdb.org/t/p/w500/yWMj1KMfnixB35qa2IZKniHF4sn.jpg
2756,3.21875,32,3.2380457567774066,Wanted: Dead or Alive (1987),0,https://image.tmdb.org/t/p/w500/3aW1EJYJ7C3ZLLF1KlvCE5PS3U1.jpg
1906,3.21875,32,3.2380457567774066,Mr. Jealousy (1997),"4, 14",https://image.tmdb.org/t/p/w500/eHKAQTwZOIzUvqz4pZ3Tj6JX3K1.jpg
939,3.1818181818181817,11,3.2380443535259893,"Reluctant Debutante, The (1958)","4, 7",https://image.tmdb.org/t/p/w500/prqscm98H6Ybt5AD8JvIhOgqXFO.jpg
3215,3.1818181818181817,11,3.2380443535259893,Voyage of the Damned (1976),7,https://image.tmdb.org/t/p/w500/zXIAI4nLLHyFzLJz3fTmtd4yErF.jpg
1585,3.2142857142857144,28,3.23798263206072,Love Serenade (1996),4,https://image.tmdb.org/t/p/w500/fXBWYmK9MybKhqvmyj57KyFEcq3.jpg
2666,3.2142857142857144,28,3.23798263206072,It Conquered the World (1956),15,https://image.tmdb.org/t/p/w500/ed5aKwjf0xJ0yoX2faFUULVLqJJ.jpg
1486,3.142857142857143,7,3.2379794212980246,"Quiet Room, The (1996)",7,https://image.tmdb.org/t/p/w500/94HsOFZGKqHTJUQFzrLt3yXEYHY.jpg
767,3.2083333333333335,24,3.237918837141334,"Grass Harp, The (1995)",7,https://image.tmdb.org/t/p/w500/pcdi92LC26RW3zm97SwF3NXYTUr.jpg
687,3.0,3,3.237913779912621,Country Life (1994),"7, 14",https://image.tmdb.org/t/p/w500/36jCH48ohLaJ2TLhUbauJZ9FebH.jpg
623,3.0,3,3.237913779912621,"Modern Affair, A (1995)",14,https://image.tmdb.org/t/p/w500/puo4NoxBET3adp3iB6j7HmMjD5J.jpg
3187,3.0,3,3.237913779912621,Trans (1998),7,https://image.tmdb.org/t/p/w500/cFLK3rDmeoN9ovaqfkVTRlJS9Iw.jpg
734,3.0,3,3.237913779912621,Getting Away With Murder (1996),4,https://image.tmdb.org/t/p/w500/zL9RbLQrhTyi60ZeXjc8hEIaTxf.jpg
3482,3.0,3,3.237913779912621,Price of Glory (2000),7,https://image.tmdb.org/t/p/w500/yRFEv3c5uEVywcREzEL4FiwhX1p.jpg
3380,3.0,3,3.237913779912621,Railroaded! (1947),9,https://image.tmdb.org/t/p/w500/A0nTXfbw50iqPcdsSFOJozSFGGC.jpg
3136,3.0,3,3.237913779912621,"James Dean Story, The (1957)",6,https://image.tmdb.org/t/p/w500/gmjihTFH7ROwJuthIZvoLC99AtS.jpg
496,3.2162162162162162,37,3.2377975783248467,What Happened Was... (1994),"4, 7, 14",https://image.tmdb.org/t/p/w500/4KzwXRpiUA765QTDynsfdbQsqGN.jpg
3474,3.1875,16,3.237789193542582,Retroactive (1997),"15, 16",https://image.tmdb.org/t/p/w500/7kOHEXDUTyyQQmI1VES1JofgPbj.jpg
3817,3.1875,16,3.237789193542582,"Other Side of Sunday, The (Søndagsengler) (1996)","4, 7",https://image.tmdb.org/t/p/w500/8nJlw1xMfimLc1CoRw0SfocwWaI.jpg
3860,3.1875,16,3.237789193542582,"Opportunists, The (1999)",5,https://image.tmdb.org/t/p/w500/jjLwUmgvp1i5SBqeYx97vdo3HS1.jpg
2519,3.2291666666666665,96,3.237761167517862,House on Haunted Hill (1958),10,https://image.tmdb.org/t/p/w500/m29qRMxpB4csl72ijOFfnABS42N.jpg
3711,3.212121212121212,33,3.237733565620977,Sarafina! (1992),7,https://image.tmdb.org/t/p/w500/i52368CunnMFEQIgPmGDKSPLcKx.jpg
103,3.212121212121212,33,3.237733565620977,Unforgettable (1996),16,https://image.tmdb.org/t/p/w500/500Ne3EDn3HHpuCQWwGKR74r0cB.jpg
874,3.125,8,3.2376567373369425,Killer: A Journal of Murder (1995),"5, 7",https://image.tmdb.org/t/p/w500/bGhq64TzH7i1jSmK0tYHbDmgzVQ.jpg
3523,3.125,8,3.2376567373369425,Taffin (1988),"0, 16",https://image.tmdb.org/t/p/w500/niIHSyg2Wgj3v4POepjtlMaWUtw.jpg
453,3.2238805970149254,67,3.2376294335040745,For Love or Money (1993),4,https://image.tmdb.org/t/p/w500/kWMC5aHnTTvwC0jI0M8hTdthP2l.jpg
3865,3.2312925170068025,147,3.2376176198357043,"Original Kings of Comedy, The (2000)","4, 6",https://image.tmdb.org/t/p/w500/vjbEcW9OqWoXKr9e2KySG1WZlNS.jpg
2685,3.0,4,3.2375894257477777,"Red Dwarf, The (Le Nain rouge) (1998)","4, 7",https://image.tmdb.org/t/p/w500/3xUBmPGoYzEFDX3nrNTpvZt6uva.jpg
776,3.0,4,3.2375894257477777,Babyfever (1994),"4, 7",https://image.tmdb.org/t/p/w500/fFazehXwOoYhHITyNCi5GDRrWQa.jpg
756,3.0,4,3.2375894257477777,Carmen Miranda: Bananas Is My Business (1994),6,https://image.tmdb.org/t/p/w500/aYYFx5SDQmhTwZnYxSA3r5xlAir.jpg
3595,3.0,4,3.2375894257477777,Held Up (2000),4,https://image.tmdb.org/t/p/w500/95AseMukZsjgDXC9NtgVQESAVgY.jpg
3288,3.0,4,3.2375894257477777,Cotton Mary (1999),7,https://image.tmdb.org/t/p/w500/mmxuDLWebuhgqqeg2j7y693PltS.jpg
33,3.0,4,3.2375894257477777,Wings of Courage (1995),"1, 14",https://image.tmdb.org/t/p/w500/zoxqNb6v55C35DDqNn03Grzhzgr.jpg
3887,3.0,4,3.2375894257477777,Went to Coney Island on a Mission From God... Be Back by Five (1998),7,https://image.tmdb.org/t/p/w500/mG6ncoOYiKbAnX9MbPAsC6n6jYj.jpg
3894,3.1904761904761907,21,3.2375374334257097,Solas (1999),7,https://image.tmdb.org/t/p/w500/25T9uHXRIsHVbleeYo44H5danTv.jpg
525,3.1904761904761907,21,3.2375374334257097,"Saint of Fort Washington, The (1993)",7,https://image.tmdb.org/t/p/w500/e8ie1x22wFEo63LQBbpBDqIH4oY.jpg
3496,3.2203389830508473,59,3.237503923634743,Madame Sousatzka (1988),7,https://image.tmdb.org/t/p/w500/iXBUkgTfFzT9OC9B4egsF0rSAPr.jpg
3659,3.210526315789474,38,3.2374877443465735,Quatermass II (1957),"15, 16",https://image.tmdb.org/t/p/w500/hJJtV5puzYAODgck0JTWVX8zjKu.jpg
3139,3.176470588235294,17,3.237470654770255,Tarzan the Fearless (1933),"0, 1",https://image.tmdb.org/t/p/w500/eHN87HvpjSaz6jk6mSerWzAmrqM.jpg
257,3.2280701754385963,114,3.237429571767629,Just Cause (1995),"13, 16",https://image.tmdb.org/t/p/w500/hbkS4UpgHcGhLlGy9YCX4WIJ4lu.jpg
1119,3.2058823529411766,34,3.2374221922540865,Drunks (1997),7,https://image.tmdb.org/t/p/w500/lY5E0rjsgzlxUyMtUZRlzwHqLTA.jpg
3419,3.1538461538461537,13,3.237403156614135,Something for Everyone (1970),"4, 5",https://image.tmdb.org/t/p/w500/qJwBSnDLtcIETEAwx1rrop3SIm1.jpg
993,3.111111111111111,9,3.2373349272660734,Infinity (1996),7,https://image.tmdb.org/t/p/w500/cZImGs9jPmh24wjDRrZNiExcLzX.jpg
3109,3.21875,64,3.2372676040151167,"River, The (1984)",7,https://image.tmdb.org/t/p/w500/kXI7D8JUR5RhgbHzHTDI6AhNRy4.jpg
3184,3.0,5,3.237265954780116,Montana (1998),"0, 4, 5, 7",https://image.tmdb.org/t/p/w500/wpoaBvuSEudMzPdvrd9jRAlbCW.jpg
3652,3.0,5,3.237265954780116,City of the Living Dead (Paura nella città dei morti viventi) (1980),10,https://image.tmdb.org/t/p/w500/8ymAiDW9ct2GSywWkqATEiKE8OB.jpg
1930,3.0,5,3.237265954780116,Cavalcade (1933),7,https://image.tmdb.org/t/p/w500/a6yld4HmB49b9CP9wmv3wcwk65K.jpg
559,3.0,5,3.237265954780116,"Paris, France (1993)",4,https://image.tmdb.org/t/p/w500/thcPOPd5e497Ta0pYN8lSBkfYMN.jpg
1040,3.0,5,3.237265954780116,"Secret Agent, The (1996)",7,https://image.tmdb.org/t/p/w500/5tzRPF8TUQ1XTz3UnABCLOhMug4.jpg
1671,3.1818181818181817,22,3.2372213490166266,Deceiver (1997),5,https://image.tmdb.org/t/p/w500/1bxBZV0KsUolu7MddTXZ0Prac3Q.jpg
2047,3.1818181818181817,22,3.2372213490166266,"Gnome-Mobile, The (1967)",3,https://image.tmdb.org/t/p/w500/oeugD3jvHaNCaSc6r3NK1EcYvty.jpg
219,3.1818181818181817,22,3.2372213490166266,"Cure, The (1995)",7,https://image.tmdb.org/t/p/w500/hdxFNMqGKBywS8HUBkLAmdlGPSD.jpg
865,2.0,1,3.2371962269486585,Small Faces (1995),7,https://image.tmdb.org/t/p/w500/pYFtU8vFj86TY435w99aK5fNjzl.jpg
859,2.0,1,3.2371962269486585,"Hippie Revolution, The (1996)",6,https://image.tmdb.org/t/p/w500/p5SC0B48GKtwOMLVK0qdY4p164F.jpg
2254,2.0,1,3.2371962269486585,Choices (1981),7,
2218,2.0,1,3.2371962269486585,Juno and Paycock (1930),7,https://image.tmdb.org/t/p/w500/9m1fSTDAL2nDrMVxOf8wcY5CiaP.jpg
2277,2.0,1,3.2371962269486585,Somewhere in the City (1997),7,https://image.tmdb.org/t/p/w500/xqB9idU0a7GU19xizov49QAHzdO.jpg
651,2.0,1,3.2371962269486585,"Superweib, Das (1996)",4,https://image.tmdb.org/t/p/w500/Aw7t5TYwvMt3Y55pcLsSBfikOy4.jpg
2742,2.0,1,3.2371962269486585,Ménage (Tenue de soirée) (1986),"4, 7",https://image.tmdb.org/t/p/w500/y6EVxX20AGx50LEKhP8uvenjhGR.jpg
1118,2.0,1,3.2371962269486585,Tashunga (1995),"1, 19",https://image.tmdb.org/t/p/w500/iuai9NBKZX0RmGDwTuGvpyPV8mx.jpg
2308,2.0,1,3.2371962269486585,Detroit 9000 (1973),"0, 5",https://image.tmdb.org/t/p/w500/7eKuM4C7A8IX1bCiRMBI43HBgMs.jpg
226,2.0,1,3.2371962269486585,Dream Man (1995),16,https://image.tmdb.org/t/p/w500/tsgOkBKwz694XDRg3VfOSD7rq5e.jpg
3151,2.0,1,3.2371962269486585,"Bat Whispers, The (1930)","5, 7, 13",https://image.tmdb.org/t/p/w500/mJF88Aeyiby8UtlcPYM5qjxh6XL.jpg
2235,2.0,1,3.2371962269486585,One Man's Hero (1999),"7, 18",https://image.tmdb.org/t/p/w500/49ZysIrg57lE0vXN5aJeHtvYA8d.jpg
644,2.0,1,3.2371962269486585,Happy Weekend (1996),4,https://image.tmdb.org/t/p/w500/50yySGO0vDRof4iGHApn2TyXElJ.jpg
642,2.0,1,3.2371962269486585,Roula (1995),7,https://image.tmdb.org/t/p/w500/7vlYt3ekwqi8zD6zZp6YatixdQN.jpg
1815,2.0,1,3.2371962269486585,Eden (1997),7,https://image.tmdb.org/t/p/w500/uImYG8bSXIS66WdRJDl4qhVQQrv.jpg
3291,2.0,1,3.2371962269486585,Trois (2000),16,https://image.tmdb.org/t/p/w500/swlcLL0ufIoNUFYnTBMONifxKGG.jpg
1852,2.0,1,3.2371962269486585,Love Walked In (1998),"7, 16",https://image.tmdb.org/t/p/w500/wIQSTROvy1aAVMlGhJpyX5gWbNO.jpg
3297,2.0,1,3.2371962269486585,With Byrd at the South Pole (1930),6,https://image.tmdb.org/t/p/w500/2PZHvCe8b0uvIixnhXL6pst9wfc.jpg
1709,2.0,1,3.2371962269486585,Legal Deceit (1997),16,https://image.tmdb.org/t/p/w500/mKkdUjmOINrYw7pC02frBQOvOXS.jpg
1714,2.0,1,3.2371962269486585,Never Met Picasso (1996),14,https://image.tmdb.org/t/p/w500/gT75fq6XuyuBvXXF8Dzgtspxew7.jpg
3722,2.0,1,3.2371962269486585,Live Virgin (1999),4,https://image.tmdb.org/t/p/w500/oNnnjmIjU2hqfaWCiN2THQ5VQNQ.jpg
1820,2.0,1,3.2371962269486585,"Proposition, The (1998)",7,https://image.tmdb.org/t/p/w500/bbSHSJuO5XjrIKMh6QXXLTg3Yzr.jpg
545,2.0,1,3.2371962269486585,Harlem (1993),7,https://image.tmdb.org/t/p/w500/bTphYX10nS1ADXXXUGt3iStadh3.jpg
579,2.0,1,3.2371962269486585,"Scorta, La (1993)",16,https://image.tmdb.org/t/p/w500/kRJFjlLqQkwk1bM45ah3c2H6LWy.jpg
3315,2.0,1,3.2371962269486585,Happy Go Lovely (1951),12,https://image.tmdb.org/t/p/w500/alnkjFvq0DC7IaS6QKJTYRlanQV.jpg
3321,2.0,1,3.2371962269486585,"Waiting Game, The (2000)",4,https://image.tmdb.org/t/p/w500/ekavYJsTK0BEq9Kf7tdOokYLzjO.jpg
2484,2.0,1,3.2371962269486585,Tinseltown (1998),4,
1630,2.0,1,3.2371962269486585,"Lay of the Land, The (1997)","4, 7",https://image.tmdb.org/t/p/w500/lM1DXgw7ez2FZfY2MeszJVPXlhR.jpg
3220,2.0,1,3.2371962269486585,Night Tide (1961),7,https://image.tmdb.org/t/p/w500/bd8pTcZQNRBFrShJoCQUWnJxmZJ.jpg
2769,3.220779220779221,77,3.2371628565232426,"Yards, The (1999)","5, 13",https://image.tmdb.org/t/p/w500/wrs0leNyQwVbUOoXCnfMf3Bix4V.jpg
3036,3.2298850574712645,174,3.237157547079131,Quest for Fire (1981),1,https://image.tmdb.org/t/p/w500/tyzW1M00xfHKNtmTlT6wJ3F4pNr.jpg
1575,3.142857142857143,14,3.2370838517632756,Gabbeh (1996),7,https://image.tmdb.org/t/p/w500/uT2MCo2YKqMqtUXdtmy1rwR4IwD.jpg
3486,3.1,10,3.237013987540223,Devil Girl From Mars (1954),15,https://image.tmdb.org/t/p/w500/kgQh1yJdQ3ESgwNzTAVNIw3FzMZ.jpg
1062,2.5,2,3.236871966898148,"Sunchaser, The (1996)",7,https://image.tmdb.org/t/p/w500/9Y0snZwCLvG8eoJewP4G3RT8Z4v.jpg
889,2.5,2,3.236871966898148,1-900 (1994),14,https://image.tmdb.org/t/p/w500/lSf3TgDjG7gPoAp3lfpOE6mVPjl.jpg
887,2.5,2,3.236871966898148,Talk of Angels (1998),7,https://image.tmdb.org/t/p/w500/krvPwGvk6UmwlzwVo3s5dh0AitG.jpg
706,2.5,2,3.236871966898148,Sunset Park (1996),7,https://image.tmdb.org/t/p/w500/rkt8cYfOV6vcqlDbut7jak9qaPh.jpg
3828,2.5,2,3.236871966898148,Better Living (1998),4,https://image.tmdb.org/t/p/w500/nXGZ9jqX4XxcEF3b0p8nJh0eZQL.jpg
1145,2.5,2,3.236871966898148,Snowriders (1996),6,https://image.tmdb.org/t/p/w500/9IC37hf8JAi2a4yOAnC5yptOwrj.jpg
1548,2.5,2,3.236871966898148,"War at Home, The (1996)",7,https://image.tmdb.org/t/p/w500/tDijvB2Nfmosm39jrI0vQa8cNSm.jpg
1510,2.5,2,3.236871966898148,"Brother's Kiss, A (1997)",7,https://image.tmdb.org/t/p/w500/6eB5R4xPmRi5UMpWfyAXn6fvZtV.jpg
138,2.5,2,3.236871966898148,"Neon Bible, The (1995)",7,https://image.tmdb.org/t/p/w500/2DyeA45isq3jIRlwG6VgwV8KQq7.jpg
3212,2.5,2,3.236871966898148,Born to Win (1971),7,https://image.tmdb.org/t/p/w500/y43Zv5TMVNxO7UBjjTgYcXXQlWn.jpg
1773,2.5,2,3.236871966898148,Tokyo Fist (1995),"0, 7",https://image.tmdb.org/t/p/w500/sKkY3FrYcAVOfXyGLj66NUXN5I8.jpg
3085,2.5,2,3.236871966898148,"Living Dead Girl, The (La Morte Vivante) (1982)",10,https://image.tmdb.org/t/p/w500/42tNjk8Y9tqu1ooIzPO7UwuviEq.jpg
3294,2.5,2,3.236871966898148,Eaten Alive (1976),10,https://image.tmdb.org/t/p/w500/oBUx00YM5AUgWU6fHkRLVrc8DY8.jpg
1926,3.1875,32,3.2367325591411626,"Broadway Melody, The (1929)",12,https://image.tmdb.org/t/p/w500/giq8GJs8YGMzHxeKxNSuwzAdd1c.jpg
3218,3.1875,32,3.2367325591411626,Poison (1991),7,https://image.tmdb.org/t/p/w500/IQG49DUJw5DsgcNbW0NfagiDOs.jpg
2749,3.218390804597701,87,3.236707708249841,"Morning After, The (1986)","7, 13",https://image.tmdb.org/t/p/w500/oHApzMOXhu8FXRramzbce8UUCs2.jpg
105,3.2325581395348837,387,3.2366966805069373,"Bridges of Madison County, The (1995)","7, 14",https://image.tmdb.org/t/p/w500/8TfLAfIh5Qxp2J4ZjOafHYhWtDb.jpg
1675,3.090909090909091,11,3.236693914633349,Incognito (1997),"5, 16",https://image.tmdb.org/t/p/w500/wzgeFbUgDFSnVG63T0FrQOdLCc1.jpg
2658,3.090909090909091,11,3.236693914633349,"Flying Saucer, The (1950)",15,https://image.tmdb.org/t/p/w500/2oJgE18nOpyJkzchDo3hH1Uw1z1.jpg
2221,3.090909090909091,11,3.236693914633349,Blackmail (1929),16,https://image.tmdb.org/t/p/w500/7ioNEKouUkkWyv5tUDwVUd7BDRR.jpg
114,3.090909090909091,11,3.236693914633349,Margaret's Museum (1995),7,https://image.tmdb.org/t/p/w500/ulhih7Th6S9zuhR5kOiVdCm8Il4.jpg
2177,3.216867469879518,83,3.236642269275071,Family Plot (1976),"4, 16",https://image.tmdb.org/t/p/w500/mOg42HWC5ew8D0uCjHUna2ISpeD.jpg
1727,3.2285714285714286,210,3.2365852515018574,"Horse Whisperer, The (1998)",7,https://image.tmdb.org/t/p/w500/oE17cQtF1FRZJPLFPMz4qd2XTtF.jpg
3631,2.6666666666666665,3,3.2365485921993105,It's in the Water (1998),4,https://image.tmdb.org/t/p/w500/ti2pf9W0TeCJ4dpOcUOXGO1urHp.jpg
120,2.6666666666666665,3,3.2365485921993105,Race the Sun (1996),7,https://image.tmdb.org/t/p/w500/jQA7TXgmEi35Zab6fHQ8VZ7Zhfn.jpg
3373,2.6666666666666665,3,3.2365485921993105,Buck and the Preacher (1972),19,https://image.tmdb.org/t/p/w500/uffsVLJUP6tPSm8nugTiu6ITpbL.jpg
3352,2.6666666666666665,3,3.2365485921993105,Brown's Requiem (1998),7,https://image.tmdb.org/t/p/w500/hhshoH9MZM9cB9lfArRtZ0mf9Gv.jpg
2869,2.6666666666666665,3,3.2365485921993105,"Separation, The (La Séparation) (1994)",7,https://image.tmdb.org/t/p/w500/9scWJkRwBKlFCLWU3juCUHtgvfO.jpg
2821,2.6666666666666665,3,3.2365485921993105,Male and Female (1919),"1, 7",https://image.tmdb.org/t/p/w500/Ag8sRrP9r3fBzFqPpnp57xkLa9E.jpg
467,3.2037037037037037,54,3.2364669352724893,Live Nude Girls (1995),4,https://image.tmdb.org/t/p/w500/cpXJk2chXIAlKUO17STos6DEjAZ.jpg
3050,3.125,16,3.236447811919511,Light It Up (1999),7,https://image.tmdb.org/t/p/w500/sHbII8OHz2uoyOpPAVYe0LIJcdN.jpg
2784,3.2063492063492065,63,3.2363051656605615,"Masque of the Red Death, The (1964)",10,https://image.tmdb.org/t/p/w500/sSYceyGZrWskWDsn3MHtipJ1wFM.jpg
664,3.0,8,3.2363008051335527,Faithful (1996),4,https://image.tmdb.org/t/p/w500/dU1FhsiCDeXC7QlPycJo4swoLTF.jpg
1496,3.16,25,3.2362781229768,Anna Karenina (1997),"7, 14",https://image.tmdb.org/t/p/w500/nVBNfINgASvGWCe4jdXMZFOJRzn.jpg
2825,2.75,4,3.236226099231077,Rosie (1998),7,https://image.tmdb.org/t/p/w500/d8jQIXMILqHpOn5mM4uF3CKdiV1.jpg
2960,2.75,4,3.236226099231077,Beefcake (1999),7,https://image.tmdb.org/t/p/w500/6glCVk9RuTiGqB12nRDft1NkFj3.jpg
1553,2.75,4,3.236226099231077,Late Bloomers (1996),4,https://image.tmdb.org/t/p/w500/sb6s3k80ybq5HPTEfEYStBUtUIl.jpg
2623,2.75,4,3.236226099231077,Trippin' (1999),4,https://image.tmdb.org/t/p/w500/89xDX9eYSaqCPD4RNqXYzuRhqW3.jpg
3322,2.75,4,3.236226099231077,3 Strikes (2000),4,https://image.tmdb.org/t/p/w500/ca7xVIgh7UYsFOCBLP8ERmBktC5.jpg
981,2.75,4,3.236226099231077,Dangerous Ground (1997),7,https://image.tmdb.org/t/p/w500/3oFap1KH6zTTP1w0iQ6uQZrzKU4.jpg
749,2.75,4,3.236226099231077,"Man from Down Under, The (1943)",7,https://image.tmdb.org/t/p/w500/vkduflNPvXr2NegyqV3OhOtxrnr.jpg
1886,2.75,4,3.236226099231077,I Got the Hook Up (1998),4,https://image.tmdb.org/t/p/w500/u8kdtt80gFiqGKLTdQqdGWy9FfZ.jpg
1121,3.076923076923077,13,3.236056355267334,Glory Daze (1996),7,https://image.tmdb.org/t/p/w500/mosH3RnC5wjcThd0DZq4ZqWkTPQ.jpg
1502,3.076923076923077,13,3.236056355267334,Kissed (1996),14,https://image.tmdb.org/t/p/w500/sLHamI4Qrtg1YyUVsMbh1diCAyg.jpg
3642,3.076923076923077,13,3.236056355267334,In Old California (1942),19,https://image.tmdb.org/t/p/w500/bmnmz6K2ChiZ0fPf02ze0m04rQ8.jpg
726,3.0,9,3.2359808311252474,Last Dance (1996),7,https://image.tmdb.org/t/p/w500/hsMe9TYfPs1VfpZs9xVLZBVGcES.jpg
3712,3.23013698630137,365,3.235972447497483,Soapdish (1991),4,https://image.tmdb.org/t/p/w500/o8nqC9ypXJtaRDnK1ocWsA2pWqU.jpg
1063,3.1538461538461537,26,3.2359653789357976,Johns (1996),7,https://image.tmdb.org/t/p/w500/dIiAsjLNB0ud1MiwXxv1GEuuuXS.jpg
3875,2.8,5,3.2359044843920968,"Devil Rides Out, The (1968)",10,https://image.tmdb.org/t/p/w500/p1AWO8PIMfT6XGHV8uaa8erencj.jpg
3346,2.8,5,3.2359044843920968,Color Me Blood Red (1965),10,https://image.tmdb.org/t/p/w500/wQR9ZhhZ7LZwZVnm0dcTs8LdG20.jpg
980,2.8,5,3.2359044843920968,In the Line of Duty 2 (1987),0,https://image.tmdb.org/t/p/w500/79QtxrBbDG2FbvgJSxWQpYCKJbM.jpg
3749,3.1363636363636362,22,3.2358906770272724,Time Regained (Le Temps Retrouvé) (1999),7,https://image.tmdb.org/t/p/w500/1ZbBR18GU7XpVfooWV9NsrV4RGV.jpg
2331,3.223463687150838,179,3.235852332180512,Living Out Loud (1998),"4, 14",https://image.tmdb.org/t/p/w500/uegG68vP7leUDQbG8fP4ihgTo0i.jpg
2217,1.0,1,3.2358273015550925,Elstree Calling (1930),"4, 12",https://image.tmdb.org/t/p/w500/a1fpRkO3YuNBrsBAsWIf3j3kC7o.jpg
730,1.0,1,3.2358273015550925,"Low Life, The (1994)",7,https://image.tmdb.org/t/p/w500/8faeFq7Jc91tvhnCA9hzHYjY7AQ.jpg
3312,1.0,1,3.2358273015550925,"McCullochs, The (1975)",7,https://image.tmdb.org/t/p/w500/Al5JBa9bxvpJ9U726PQIhwbUMLv.jpg
684,1.0,1,3.2358273015550925,Windows (1980),7,https://image.tmdb.org/t/p/w500/zX3T5wQoAVHxRMEnHD4p0uLRtMS.jpg
3904,1.0,1,3.2358273015550925,"Uninvited Guest, An (2000)",7,https://image.tmdb.org/t/p/w500/Af4rr5xIjOEjk73ewTO0Idoh4fp.jpg
2213,1.0,1,3.2358273015550925,Waltzes from Vienna (1933),"4, 12",https://image.tmdb.org/t/p/w500/34AL66MN44fJKiFjaHNPdqftqsY.jpg
826,1.0,1,3.2358273015550925,Diebinnen (1995),7,
142,1.0,1,3.2358273015550925,Shadows (Cienie) (1988),7,https://image.tmdb.org/t/p/w500/zR1gHOGVruoROCdHS7Tc5TSZqED.jpg
1115,1.0,1,3.2358273015550925,Sleepover (1995),"4, 7",https://image.tmdb.org/t/p/w500/p9CyHjVFCQfjhLfn9Xo0WPpYHQr.jpg
3209,1.0,1,3.2358273015550925,"Loves of Carmen, The (1948)",7,https://image.tmdb.org/t/p/w500/q6zuGR1lyWDRaBGpmKhddm5wgBX.jpg
641,1.0,1,3.2358273015550925,"Little Indian, Big City (Un indien dans la ville) (1994)",4,https://image.tmdb.org/t/p/w500/nUFHWv42GRJcjLTQa5IYBEuVzmK.jpg
1165,1.0,1,3.2358273015550925,"Bloody Child, The (1996)","7, 16",https://image.tmdb.org/t/p/w500/dPDHmPafRND2HeDM7DCrKfL4b5b.jpg
1430,1.0,1,3.2358273015550925,Underworld (1997),16,https://image.tmdb.org/t/p/w500/zsnQ41UZ3jo1wEeemF0eA9cAIU0.jpg
133,1.0,1,3.2358273015550925,Nueba Yol (1995),"4, 7",https://image.tmdb.org/t/p/w500/wXJImKBIFIanoZQsx0knEfthpq5.jpg
127,1.0,1,3.2358273015550925,"Silence of the Palace, The (Saimt el Qusur) (1994)",7,https://image.tmdb.org/t/p/w500/c8QQRaI3k3LNUqYKmlKldhLpgYK.jpg
3237,1.0,1,3.2358273015550925,Kestrel's Eye (Falkens öga) (1998),6,https://image.tmdb.org/t/p/w500/nDxm2BTAhuAjtfWlwbIxtW7W6FF.jpg
843,1.0,1,3.2358273015550925,Lotto Land (1995),7,
2845,1.0,1,3.2358273015550925,White Boys (1999),7,https://image.tmdb.org/t/p/w500/jcRvae7aytG9VZrU3iIFP5xbdV2.jpg
655,1.0,1,3.2358273015550925,Mutters Courage (1995),4,https://image.tmdb.org/t/p/w500/s7kkNyAWJZuNuD30vrh8cY79AuU.jpg
3376,1.0,1,3.2358273015550925,"Fantastic Night, The (La Nuit Fantastique) (1949)",14,https://image.tmdb.org/t/p/w500/skezPIhKI7ETiET1Bs0mlxo42rb.jpg
3460,1.0,1,3.2358273015550925,Hillbillys in a Haunted House (1967),4,https://image.tmdb.org/t/p/w500/i2QSsv1DobFwD7V9pwvSzpvHPhd.jpg
2039,1.0,1,3.2358273015550925,Cheetah (1989),"1, 3",https://image.tmdb.org/t/p/w500/m4FoSWnkrBpUaUehWU12XWKRxjs.jpg
1386,1.0,1,3.2358273015550925,Terror in a Texas Town (1958),19,https://image.tmdb.org/t/p/w500/ibRCvORgozhzRb0X4uPDkaA89fG.jpg
3202,1.0,1,3.2358273015550925,Even Dwarfs Started Small (Auch Zwerge haben klein angefangen) (1971),7,https://image.tmdb.org/t/p/w500/2jt9Cw1o7JchR4Tka1RiADJ9Fe9.jpg
2647,3.1923076923076925,52,3.235792506444012,House of Frankenstein (1944),10,https://image.tmdb.org/t/p/w500/9HPcPasdgxjlSMlnyzIWrnGodOz.jpg
2419,3.2028985507246377,69,3.2357818957870945,Extremities (1986),"7, 16",https://image.tmdb.org/t/p/w500/zG2EsB1lw9uNRoYn6BQNUEFADZZ.jpg
1349,3.0714285714285716,14,3.2357388618506997,Nosferatu a Venezia (1986),10,https://image.tmdb.org/t/p/w500/9OJwA4gRjHBEG2OEYykfIytGFA1.jpg
3444,3.225225225225225,222,3.2357034616773466,Bloodsport (1988),0,https://image.tmdb.org/t/p/w500/8uQnh0tDVI5jpZiM1qc0Vpp2SrL.jpg
2602,2.8333333333333335,6,3.2355837441006052,Mighty Peking Man (Hsing hsing wang) (1977),"1, 15",https://image.tmdb.org/t/p/w500/89vf9Gzxj50YdqB9X1zwFMxjNrC.jpg
3778,2.8333333333333335,6,3.2355837441006052,On Our Merry Way (1948),"4, 7",https://image.tmdb.org/t/p/w500/r7F4aCepd6bF25XbY0UX8xCTEEc.jpg
732,2.8333333333333335,6,3.2355837441006052,Original Gangstas (1996),5,https://image.tmdb.org/t/p/w500/uirrsTZmoPmscHZdyWz4tiXVqHE.jpg
3345,3.130434782608696,23,3.235577201044512,"Charlie, the Lonesome Cougar (1967)","1, 3",https://image.tmdb.org/t/p/w500/7Nx00VscGdcPsa1PmjmwwMxLe3F.jpg
1317,3.175,40,3.235570947090312,I'm Not Rappaport (1996),4,https://image.tmdb.org/t/p/w500/nFPlxTdwy5Z4PLSTaCRDFR1AWDJ.jpg
2343,2.0,2,3.235504912899515,"Naked Man, The (1998)",7,https://image.tmdb.org/t/p/w500/lSoh2dKXpM8VR9Z5HhdnmCjodeV.jpg
1528,2.0,2,3.235504912899515,Intimate Relations (1996),4,https://image.tmdb.org/t/p/w500/xTIS7xKJRpyrE5tyT7m1FlcTWiW.jpg
591,2.0,2,3.235504912899515,Tough and Deadly (1995),"0, 7, 16",https://image.tmdb.org/t/p/w500/ozqhRWXkNavtxWVk04bOQPgf5CZ.jpg
607,2.0,2,3.235504912899515,Century (1993),7,https://image.tmdb.org/t/p/w500/ntFKHMOKwJ42TCxOc3MVgTX4BXb.jpg
821,2.0,2,3.235504912899515,"Crude Oasis, The (1995)",14,https://image.tmdb.org/t/p/w500/1FrbZeFn5yhjlsfP4FkKV0lv8l.jpg
2591,2.0,2,3.235504912899515,Jeanne and the Perfect Guy (Jeanne et le garçon formidable) (1998),"4, 14",https://image.tmdb.org/t/p/w500/eXVPHK4FFqZsjhAoEYLn8g1ZzSG.jpg
3687,2.0,2,3.235504912899515,Light Years (1988),15,https://image.tmdb.org/t/p/w500/4c7sda7j8oMWSDLMqcQmsercOot.jpg
1868,2.0,2,3.235504912899515,"Truce, The (1996)","7, 18",https://image.tmdb.org/t/p/w500/9UGnjpcd37y4uidDHZM3AiJgcTP.jpg
690,2.0,2,3.235504912899515,"Promise, The (Versprechen, Das) (1994)",14,https://image.tmdb.org/t/p/w500/tdm4mlc27S1d72ub4Y4xcU2OlDD.jpg
672,2.0,2,3.235504912899515,Tarantella (1995),7,https://image.tmdb.org/t/p/w500/qHpRDOKSYpahqf9kyYsfKupg2Sr.jpg
977,2.0,2,3.235504912899515,Moonlight Murder (1936),13,https://image.tmdb.org/t/p/w500/milDzDPmmu3k44zhwaNiOsA2qSH.jpg
1133,2.0,2,3.235504912899515,Talking About Sex (1994),"4, 7",https://image.tmdb.org/t/p/w500/3tNISfteDbGI09O5HZnedzOFekb.jpg
2111,3.2275641025641026,312,3.235498649818526,"Man with Two Brains, The (1983)",4,https://image.tmdb.org/t/p/w500/jSnGiPE17sgicRyTPrE6UB0pnEU.jpg
2062,3.2,70,3.235486984097555,"Governess, The (1998)","7, 14",https://image.tmdb.org/t/p/w500/au6XvSeqkFejGXbbgtSq5HaNTIm.jpg
3611,3.066666666666667,15,3.235422221337804,Saludos Amigos (1943),"2, 3, 4",https://image.tmdb.org/t/p/w500/kdZyHjsSHYBO53o59ZMz4fOXcmk.jpg
3906,3.15625,32,3.2354193615049183,Under Suspicion (2000),5,https://image.tmdb.org/t/p/w500/2snkCKKthT5S8Ua0aMZkeaXkmBi.jpg
753,3.15625,32,3.2354193615049183,"Month by the Lake, A (1995)","4, 7",https://image.tmdb.org/t/p/w500/cgoiGvNffe4tZC33x6RIQQiKIp9.jpg
3138,3.196969696969697,66,3.2354140085304777,Stealing Home (1988),7,https://image.tmdb.org/t/p/w500/pwl2DNSO4nnOYUTMubBC2DpMpOQ.jpg
245,3.0,11,3.235343475740709,"Glass Shield, The (1994)","5, 7",https://image.tmdb.org/t/p/w500/iXFMQhghwjUjlJazqOPD281xG4d.jpg
282,3.2232558139534886,215,3.235332815019582,Nell (1994),7,https://image.tmdb.org/t/p/w500/aIDp3x2YfijtdherR28pIH6yenn.jpg
3902,3.125,24,3.235264557114791,Goya in Bordeaux (Goya en Bodeos) (1999),7,https://image.tmdb.org/t/p/w500/yCn4Sz3uYy6a1aObs80hzMHp7hM.jpg
108,2.857142857142857,7,3.235263874794291,Catwalk (1995),6,https://image.tmdb.org/t/p/w500/8Db2Tx2RkTUozzilF1SGMitcHLl.jpg
630,2.857142857142857,7,3.235263874794291,Carried Away (1996),"7, 14",https://image.tmdb.org/t/p/w500/58pT6TIvkQNJYefpeKFa3nBwcSr.jpg
1659,2.857142857142857,7,3.235263874794291,Hurricane Streets (1998),7,https://image.tmdb.org/t/p/w500/kI8WAtPfjiPygfdKcwYJUkMZyh4.jpg
188,3.221052631578947,190,3.235205920376286,"Prophecy, The (1995)",10,https://image.tmdb.org/t/p/w500/1dHaWQxkm8gmdTuuignUOg5kmx9.jpg
1016,3.217948717948718,156,3.235202533919814,"Shaggy Dog, The (1959)","3, 4",https://image.tmdb.org/t/p/w500/tGX3YyPaYMbjiRwR5PjRsJW7GtM.jpg
3848,3.1,20,3.2351859156584326,Silent Fall (1994),"7, 16",https://image.tmdb.org/t/p/w500/nek7oeAURO3dr3AdKe4Yi3zPNTF.jpg
3862,3.1,20,3.2351859156584326,About Adam (2000),4,https://image.tmdb.org/t/p/w500/e4EkKwF0MTcG6lfysals7Nxeq0z.jpg
1315,2.3333333333333335,3,3.235183404486,Paris Was a Woman (1995),6,https://image.tmdb.org/t/p/w500/zORtAZNBBy6b4cocGiXqgcXjHEg.jpg
3800,2.3333333333333335,3,3.235183404486,Criminal Lovers (Les Amants Criminels) (1999),"7, 14",https://image.tmdb.org/t/p/w500/yN2p9WeaE8sj2YsgtwpZxfAbcKy.jpg
1331,3.18,50,3.2351146167876785,Audrey Rose (1977),10,https://image.tmdb.org/t/p/w500/eJN2VdJmzw5OrQPadCC1Iov2xVt.jpg
131,3.0625,16,3.235106430296439,Frankie Starlight (1995),"7, 14",https://image.tmdb.org/t/p/w500/6v3VxWhFsr2Qx8qIQkG4WL3f76X.jpg
1398,3.1904761904761907,63,3.2350433360075646,In Love and War (1996),"14, 18",https://image.tmdb.org/t/p/w500/dpGzMgYkbl6vvn7NBMp2CMVRbcu.jpg
2659,3.1739130434782608,46,3.2350378385377114,It Came from Hollywood (1982),"4, 6",https://image.tmdb.org/t/p/w500/jf65NC2N5JsKj5h8iM8bXRnVdI5.jpg
347,3.1739130434782608,46,3.2350378385377114,Bitter Moon (1992),7,https://image.tmdb.org/t/p/w500/qU9hqUSGyQfbkEdqluX21nWVcp9.jpg
1817,3.0,12,3.235026087371538,No Looking Back (1998),"4, 7, 14",https://image.tmdb.org/t/p/w500/nrhlaUJn8y9rRKhvVRraOhbNSIz.jpg
2326,3.0,12,3.235026087371538,Shattered Image (1998),"7, 16",https://image.tmdb.org/t/p/w500/bvlr7rwFilRQDxXdLVFdSR2M01N.jpg
2678,3.12,25,3.2349527419297486,Desert Blue (1999),7,https://image.tmdb.org/t/p/w500/m81tA5hmjJ4Xzp3Yxs0dcnl8B1q.jpg
2207,2.875,8,3.234944872930163,Jamaica Inn (1939),7,https://image.tmdb.org/t/p/w500/dZWeh5cfvwGaEQVnGd78QtipQe7.jpg
331,3.0952380952380953,21,3.2348725433524255,Tom & Viv (1994),7,https://image.tmdb.org/t/p/w500/iw4ofGbX2AbJ4p17CixwnMjuoJ0.jpg
84,3.0952380952380953,21,3.2348725433524255,Last Summer in the Hamptons (1995),"4, 7",https://image.tmdb.org/t/p/w500/g3m93gROYRRgu7lyQPzrka612uK.jpg
1437,3.0952380952380953,21,3.2348725433524255,"Cement Garden, The (1993)",7,https://image.tmdb.org/t/p/w500/vtaZ8nJ46UKkqlHOgcdeMoYr9N0.jpg
1877,2.5,4,3.234862772714376,Little Men (1998),7,https://image.tmdb.org/t/p/w500/mMmXSUZ66XoxmT4zdkUkVDdU8Mu.jpg
2823,2.5,4,3.234862772714376,"Spiders, The (Die Spinnen, 1. Teil: Der Goldene See) (1919)","0, 7",https://image.tmdb.org/t/p/w500/4eMSwO2VCH22FVxRqqOA9zMPWh8.jpg
197,3.0588235294117645,17,3.234791485312787,"Stars Fell on Henrietta, The (1995)",7,https://image.tmdb.org/t/p/w500/dQYD0WNRNZ5OBQ8iWRySIH8TEVd.jpg
2459,3.222672064777328,247,3.2347893945581108,"Texas Chainsaw Massacre, The (1974)",10,https://image.tmdb.org/t/p/w500/qJ9Cw1J4EmhBApoue4qlhqVrCZ7.jpg
137,3.0,13,3.234709553920532,Man of the Year (1995),6,https://image.tmdb.org/t/p/w500/bow6kX2YPoeyb9ZNwqbFxp5eqKr.jpg
1715,3.0,13,3.234709553920532,Office Killer (1997),16,https://image.tmdb.org/t/p/w500/ytPjWp5LMW5jV9IVrcv6yTsxDTH.jpg
3885,3.1153846153846154,26,3.2346417521985376,Love & Sex (2000),"4, 14",https://image.tmdb.org/t/p/w500/x4pnZxarc6VbkSv19Rfoio4yNmW.jpg
652,2.888888888888889,9,3.2346267349844213,"301, 302 (1995)",13,https://image.tmdb.org/t/p/w500/7gMh5BcWebJ5qy4M1529FjmK94H.jpg
1436,2.888888888888889,9,3.2346267349844213,Falling in Love Again (1980),4,https://image.tmdb.org/t/p/w500/raDuzonXvhXBrDPzKwOiy2c5Urk.jpg
2179,3.1538461538461537,39,3.23457624435393,Topaz (1969),16,https://image.tmdb.org/t/p/w500/8u7vxykCVZoaxNocLbpstv3IFNK.jpg
2679,2.6,5,3.234543014004078,Finding North (1999),"7, 14",https://image.tmdb.org/t/p/w500/dOOQX3rNvrlyqid54GC8YdF4ZdA.jpg
2608,2.6,5,3.234543014004078,Heaven (1998),16,https://image.tmdb.org/t/p/w500/xPdtOuGtcQt655uRrmIdBkSRmVx.jpg
304,3.142857142857143,35,3.234495544520595,Roommates (1995),"4, 7",https://image.tmdb.org/t/p/w500/lJw5OJlRrMfUcFuXGjzXm5CCo8n.jpg
807,3.0,14,3.234393871938124,"Rendezvous in Paris (Rendez-vous de Paris, Les) (1995)","4, 14",https://image.tmdb.org/t/p/w500/rCdlWdkwA4MMVNdEQFXQKgxqkzw.jpg
1181,2.9,10,3.234309457452326,"Shooter, The (1995)",0,https://image.tmdb.org/t/p/w500/6NDMcvUOuXMxT8AWC3X7PBNm1kp.jpg
1399,3.201923076923077,104,3.23427935667186,Marvin's Room (1996),7,https://image.tmdb.org/t/p/w500/lTHq1K5Y6EDRjxTBvReXHY6AKQ3.jpg
1532,2.6666666666666665,6,3.234224124794011,Sprung (1997),4,https://image.tmdb.org/t/p/w500/quoo72l1VzxHDsE5yPw4RhHp4y7.jpg
310,2.6666666666666665,6,3.234224124794011,Rent-a-Kid (1995),4,https://image.tmdb.org/t/p/w500/4QreoTC6jfpC0DiQ0NTagL4qUTP.jpg
975,1.5,2,3.234137858900882,Something to Sing About (1937),"4, 12",https://image.tmdb.org/t/p/w500/lGnovhVbh3LuR3rkuTRhnagxJqk.jpg
1905,1.5,2,3.234137858900882,Marie Baie Des Anges (1997),7,https://image.tmdb.org/t/p/w500/jvoRrGik2ZACsgiIlwJHBauBXzn.jpg
1558,1.5,2,3.234137858900882,Sudden Manhattan (1996),4,https://image.tmdb.org/t/p/w500/oOHpAWEe3Z6i8NdLSYcexyJQwxD.jpg
3485,1.5,2,3.234137858900882,Autopsy (Macchie Solari) (1975),10,https://image.tmdb.org/t/p/w500/8hpKpywwmzNMkHESUnSdW8bfRC.jpg
660,1.5,2,3.234137858900882,August (1996),7,
2337,3.2063492063492065,126,3.234099174501455,Velvet Goldmine (1998),7,https://image.tmdb.org/t/p/w500/bsuSac0PldPFcOtR1Vioe7VBF4l.jpg
3319,3.107142857142857,28,3.234022236021116,Judy Berlin (1999),7,https://image.tmdb.org/t/p/w500/vBLRFlrUOvYM2dlDQx5oaZSTVnl.jpg
297,3.107142857142857,28,3.234022236021116,Panther (1995),7,https://image.tmdb.org/t/p/w500/gxGOkt6WBhSIdZiQqyVEccRURVv.jpg
1661,3.1931818181818183,88,3.2339716743559572,Switchback (1997),16,https://image.tmdb.org/t/p/w500/3v4nX475G97Vd8XCapTKQ7NTqMs.jpg
210,3.1463414634146343,41,3.233967350792985,Wild Bill (1995),19,https://image.tmdb.org/t/p/w500/6KKZ8NNVVXfURBeXXw2BrZhHjb4.jpg
1857,3.0833333333333335,24,3.2339374171015196,"Real Blonde, The (1997)",4,https://image.tmdb.org/t/p/w500/kJucBNGwwTT4n4pSHU1b44nyju4.jpg
2765,2.7142857142857144,7,3.233906101542424,"Acid House, The (1998)","4, 7",https://image.tmdb.org/t/p/w500/o0KvKCgxMFccx3SzDI3p2218921.jpg
2850,2.7142857142857144,7,3.233906101542424,Public Access (1993),"7, 16",https://image.tmdb.org/t/p/w500/tIuqSfr9z05ck4jDEJwAoqEKZLZ.jpg
2705,2.7142857142857144,7,3.233906101542424,"Late August, Early September (Fin août, début septembre) (1998)",7,https://image.tmdb.org/t/p/w500/pBIcJIwqKl9DpStlg5rL33yYTQe.jpg
1514,2.7142857142857144,7,3.233906101542424,Temptress Moon (Feng Yue) (1996),14,https://image.tmdb.org/t/p/w500/48KhZT4wwioPjAYz2LwX8nXt4UN.jpg
354,3.1791044776119404,67,3.233862955161325,Cobb (1994),7,https://image.tmdb.org/t/p/w500/clOqh9is8vWZvX6AUjF4HtLdQMj.jpg
2865,3.05,20,3.2338516928432224,Sugar Town (1999),4,https://image.tmdb.org/t/p/w500/9VpZ9apNn5uym9TYEtYEhMYOTEX.jpg
1000,3.05,20,3.2338516928432224,Curdled (1996),5,https://image.tmdb.org/t/p/w500/a8GtmDKoifFkcyqeqcjQjLVIOVc.jpg
643,2.0,3,3.2338182167726894,Peanuts - Die Bank zahlt alles (1996),4,https://image.tmdb.org/t/p/w500/4fau0OjSK0wLhUMfvupJ2RQaYBB.jpg
744,2.0,3,3.2338182167726894,Brothers in Trouble (1995),7,https://image.tmdb.org/t/p/w500/hzPSO1tehGTkqtJjc79ONicQnfJ.jpg
1107,2.0,3,3.2338182167726894,Loser (1991),4,https://image.tmdb.org/t/p/w500/r6M5k3HHZEGwd4Mm4zvFAR6v9z6.jpg
2576,2.0,3,3.2338182167726894,"Love, etc. (1996)",7,https://image.tmdb.org/t/p/w500/nTeN63kPWnFYTVZNs1s0TR35oCL.jpg
2781,3.1746031746031744,63,3.2337815063545676,"Tingler, The (1959)",10,https://image.tmdb.org/t/p/w500/jDuKIccxR0lsdWlYuWiu03hkwnN.jpg
2767,3.08,25,3.2336273608826978,Illuminata (1998),4,https://image.tmdb.org/t/p/w500/vovb7pbU3CkKjfcmOxwz7AMbpCX.jpg
536,3.1636363636363636,55,3.233616116999356,"Simple Twist of Fate, A (1994)",7,https://image.tmdb.org/t/p/w500/2Jorj80Y4EVEAPDRVVdDXKSVUTw.jpg
3641,2.75,8,3.233588940726773,"Woman of Paris, A (1923)",7,https://image.tmdb.org/t/p/w500/s24VgyvJliT7fUA909ZHJpoBx1D.jpg
59,2.75,8,3.233588940726773,"Confessional, The (Le Confessionnal) (1995)","7, 13",https://image.tmdb.org/t/p/w500/9ApR0PwQdlnvc76NmlbUWkeAK9i.jpg
2887,2.25,4,3.2334994461976754,Simon Sez (1999),7,https://image.tmdb.org/t/p/w500/uJG7oSRQxacXC2GvzPF2nDoWXIW.jpg
3205,2.25,4,3.2334994461976754,Black Sunday (La Maschera Del Demonio) (1960),10,https://image.tmdb.org/t/p/w500/4rMXQICfFEsSGHCjh3bJj7K33sZ.jpg
1565,3.0,17,3.2334519005840527,Head Above Water (1996),"4, 16",https://image.tmdb.org/t/p/w500/snbpUmX63bbjko0j0NyugJPHd9b.jpg
1902,3.1,30,3.233405982601705,Dream for an Insomniac (1996),"7, 14",https://image.tmdb.org/t/p/w500/1hGRcEPnpmgAmfLObym3olCk6tM.jpg
1582,3.1666666666666665,60,3.2334032220215265,Wild America (1997),"1, 3",https://image.tmdb.org/t/p/w500/m9VIy9qtq49EDwgYFg07ganUYg.jpg
806,3.1666666666666665,60,3.2334032220215265,American Buffalo (1996),7,https://image.tmdb.org/t/p/w500/tkIMquxwzMzZUrnAv43e3w0eX0F.jpg
783,3.223076923076923,390,3.2333826206217022,"Hunchback of Notre Dame, The (1996)","2, 3, 12",https://image.tmdb.org/t/p/w500/ds4pCq0GOEarBHI35bYSN2PC0KQ.jpg
754,2.923076923076923,13,3.233362752573731,Gold Diggers: The Secret of Bear Mountain (1995),"1, 3",https://image.tmdb.org/t/p/w500/6USWKkOjS40KY19Q0gPEelEiDhc.jpg
566,2.923076923076923,13,3.233362752573731,Naked in New York (1994),"4, 14",https://image.tmdb.org/t/p/w500/gAufFGm2Qly8TYrhy4me9X35B7m.jpg
3850,2.923076923076923,13,3.233362752573731,Whatever Happened to Aunt Alice? (1969),"5, 16",
3636,2.7777777777777777,9,3.2332726388435953,Those Who Love Me Can Take the Train (Ceux qui m'aiment prendront le train) (1998),7,https://image.tmdb.org/t/p/w500/iwATSa886QDamfkTG3nHXkCoXPe.jpg
2780,3.182926829268293,82,3.233237022533574,"Raven, The (1963)","4, 10",
1421,3.0454545454545454,22,3.233229333048563,Grateful Dead (1995),6,
2800,3.0454545454545454,22,3.233229333048563,Little Nemo: Adventures in Slumberland (1992),"2, 3",https://image.tmdb.org/t/p/w500/uVyqRtRaIGrHJvfxImrHHFaQNxM.jpg
1796,2.4,5,3.233181543616059,In God's Hands (1998),"0, 7",https://image.tmdb.org/t/p/w500/22nS2lqSqrDYDVwq9VeUSV9bI6.jpg
1098,2.4,5,3.233181543616059,"Search for One-eye Jimmy, The (1996)",4,https://image.tmdb.org/t/p/w500/da9r0FJxecJvLK6X5iqirRLMxks.jpg
2934,2.4,5,3.233181543616059,"Love Bewitched, A (El Amor Brujo) (1986)",12,https://image.tmdb.org/t/p/w500/g50ckAllGnsGYUqQRlhw8D99j3X.jpg
1622,2.4,5,3.233181543616059,Kicked in the Head (1997),"4, 7",https://image.tmdb.org/t/p/w500/jJVtdeWddiarPpWgSnEBXEJAsz4.jpg
1636,2.4,5,3.233181543616059,Stag (1997),"0, 16",https://image.tmdb.org/t/p/w500/3laqoxKWdJZplAvyTMCW591xj6i.jpg
283,3.0,18,3.2331395903491575,New Jersey Drive (1995),"5, 7",https://image.tmdb.org/t/p/w500/9A2oQEjUlxBWYFs6CtPHYdbrFqq.jpg
1390,3.1983471074380163,121,3.233123861006461,My Fellow Americans (1996),4,https://image.tmdb.org/t/p/w500/5odQxB2kTRyPOJiMjYY1SYHLVHs.jpg
2773,2.9285714285714284,14,3.2330488820255483,Alice and Martin (Alice et Martin) (1998),7,https://image.tmdb.org/t/p/w500/9IwtR0iolypfZbDrPk3xB7A9fKh.jpg
2191,2.8,10,3.2329571924083775,"Merry War, A (1997)",4,https://image.tmdb.org/t/p/w500/zvLpnsjwKK9gudKWLYl15oexjG.jpg
2844,3.180722891566265,83,3.2329499615827633,"Minus Man, The (1999)","7, 13",https://image.tmdb.org/t/p/w500/vrnI5WePtq2iXkcmeYnMrLCpI9B.jpg
3701,3.2242063492063493,504,3.2328916447393556,Alien Nation (1988),"5, 7, 15",https://image.tmdb.org/t/p/w500/aoNNauHlqGoCzw8HwKDF3TZEI8l.jpg
2242,2.5,6,3.232864505487417,"Grandview, U.S.A. (1984)",7,https://image.tmdb.org/t/p/w500/wPuKD5waYMEti7ZdvbRJZpTuZj1.jpg
182,3.142857142857143,49,3.232847583540135,Moonlight and Valentino (1995),"7, 14",https://image.tmdb.org/t/p/w500/nkIhoT6aLYnE5KzGZcxF2UGdo7e.jpg
3514,3.161290322580645,62,3.232813447613386,Joe Gould's Secret (2000),7,https://image.tmdb.org/t/p/w500/n7X4jmmRIRtqNQWXJt8LxZcS1Ja.jpg
653,3.2254901960784315,612,3.2327781168736456,Dragonheart (1996),"0, 1, 8",https://image.tmdb.org/t/p/w500/5ciO16x4LQ7uhy854YHvQuQvHU9.jpg
3228,1.0,2,3.232770804902249,Wirey Spindell (1999),4,https://image.tmdb.org/t/p/w500/4G8TwEngXbAnuLKQvOZ2qbODnh5.jpg
3651,1.0,2,3.232770804902249,"Blood Spattered Bride, The (La Novia Ensangrentada) (1972)",10,https://image.tmdb.org/t/p/w500/sF4K5yEHyti0j6qabggbgHESo6f.jpg
3493,1.0,2,3.232770804902249,Torso (Corpi Presentano Tracce di Violenza Carnale) (1973),10,https://image.tmdb.org/t/p/w500/gvADRLDCQfjGMXrhd2iq5smMR7J.jpg
895,1.0,2,3.232770804902249,Venice/Venice (1992),7,https://image.tmdb.org/t/p/w500/1avy6VRZv6UV9E8QMihm3npM9dJ.jpg
1142,1.0,2,3.232770804902249,Get Over It (1996),7,https://image.tmdb.org/t/p/w500/hS1jjzTe4P8GMWGnvca7HIndPEX.jpg
365,3.1690140845070425,71,3.2326943707507745,Little Buddha (1993),7,https://image.tmdb.org/t/p/w500/xy70xtdoKZ3PxlKkakwdhL3UFDQ.jpg
1539,2.8181818181818183,11,3.232642597955429,Twin Town (1997),"4, 5",https://image.tmdb.org/t/p/w500/b9rf32Mq0bQ0pJ3EZ5ghY52J4tS.jpg
1718,2.5714285714285716,7,3.232548328290557,Stranger in the House (1997),16,https://image.tmdb.org/t/p/w500/iWD7fxQZpBw1AVfk0AOyqou1x26.jpg
1849,2.5714285714285716,7,3.232548328290557,Prince Valiant (1997),1,https://image.tmdb.org/t/p/w500/o7q1JvtEmU46XecF9NWw7kmiswS.jpg
3407,1.6666666666666667,3,3.232453029059379,"Carriers Are Waiting, The (Les Convoyeurs Attendent) (1999)","4, 7",https://image.tmdb.org/t/p/w500/1IjpBJXORA8ekNudBjs5j4qpgyp.jpg
3772,1.6666666666666667,3,3.232453029059379,Hatchet For the Honeymoon (Rosso Segno Della Follia) (1969),10,https://image.tmdb.org/t/p/w500/6uzxm3EjilcpjVSVKb1DFdmSWjR.jpg
3899,1.6666666666666667,3,3.232453029059379,Circus (2000),4,https://image.tmdb.org/t/p/w500/ueuu6NbMuypthtEFXOM4hOIRpu7.jpg
3621,1.6666666666666667,3,3.232453029059379,Possession (1981),"7, 10",https://image.tmdb.org/t/p/w500/12z5oCy4s3GBOUrNCWvcKYBK4eI.jpg
3119,1.6666666666666667,3,3.232453029059379,Bay of Blood (Reazione a catena) (1971),10,https://image.tmdb.org/t/p/w500/cTqmAcZwaEY609QDCLpgBlwijn9.jpg
634,1.6666666666666667,3,3.232453029059379,Theodore Rex (1995),4,https://image.tmdb.org/t/p/w500/fUUbOE91SK4GCpiyftEY5USjCh1.jpg
3580,3.0689655172413794,29,3.232395311517462,Up at the Villa (2000),7,https://image.tmdb.org/t/p/w500/hkjBOhbNVCk6zbnC8Xo1cNYMmuA.jpg
3272,3.2046783625730995,171,3.2323951624497447,Bad Lieutenant (1992),"5, 7",https://image.tmdb.org/t/p/w500/mVJ2mXykqq3t2v1nuouf1P10g0d.jpg
2545,2.8333333333333335,12,3.232328852037755,Relax... It's Just Sex (1998),4,https://image.tmdb.org/t/p/w500/7IfXHRstu6TRyZorQ8Xy4yWDfdV.jpg
3878,2.8333333333333335,12,3.232328852037755,X: The Unknown (1956),15,https://image.tmdb.org/t/p/w500/bS1PSy0lDfP2EEDprGEMOJGbKOG.jpg
2785,3.04,25,3.2323019798356465,Tales of Terror (1962),10,https://image.tmdb.org/t/p/w500/avAfdcgLZ6ix1j4xjeAs3gGofIS.jpg
2639,3.2024539877300615,163,3.232237359984308,Mommie Dearest (1981),7,https://image.tmdb.org/t/p/w500/3Amv5uQfadEonn7SmYLfNnoeOSu.jpg
2814,2.625,8,3.2322330085233832,"Bat, The (1959)",10,https://image.tmdb.org/t/p/w500/lWKtVX5oEgcLbMYMaWiyes6c4IB.jpg
2464,2.625,8,3.2322330085233832,Trick or Treat (1986),10,https://image.tmdb.org/t/p/w500/nQXM4cjVozDgNaQoRGBGi6cg29b.jpg
2317,2.625,8,3.2322330085233832,"Alarmist, The (1997)",4,https://image.tmdb.org/t/p/w500/nbuzeIoIF7QuALZ6WnmTzaE7HO9.jpg
2955,2.0,4,3.2321361196809746,Penitentiary II (1982),7,https://image.tmdb.org/t/p/w500/k8bYskyPBLoke3ctxsfmDJ8ZsAq.jpg
3876,2.0,4,3.2321361196809746,Jerry & Tom (1998),7,https://image.tmdb.org/t/p/w500/tzen0TuFVTqf7iXnWdTcuza9a6W.jpg
834,2.0,4,3.2321361196809746,Phat Beach (1996),4,https://image.tmdb.org/t/p/w500/qp0oxzhvQWfkVZ2Iy6uhklrT0g0.jpg
1102,2.0,4,3.2321361196809746,American Strays (1996),0,https://image.tmdb.org/t/p/w500/qsa4f2ssHnmK4Gsz2JPurjVbnxX.jpg
2257,2.9411764705882355,17,3.2321123158553187,No Small Affair (1984),"4, 14",https://image.tmdb.org/t/p/w500/vwtsHfe7zrkGFD10K7AkhEQk5cE.jpg
3858,3.1594202898550723,69,3.232024851328735,Cecil B. Demented (2000),4,https://image.tmdb.org/t/p/w500/gCXUA9BUOSDmOFVfkVBF4v15Td6.jpg
1850,2.8461538461538463,13,3.2320159512269298,"I Love You, Don't Touch Me! (1998)","7, 14",https://image.tmdb.org/t/p/w500/1duymDZA3GKegDhEGmifu3pv9Qk.jpg
2441,3.0384615384615383,26,3.2319944987240175,"Hi-Lo Country, The (1998)","7, 19",https://image.tmdb.org/t/p/w500/m73KqOLXf9ZvPVCWS5dz5Hv7yQF.jpg
3562,3.0384615384615383,26,3.2319944987240175,Committed (2000),"4, 7",https://image.tmdb.org/t/p/w500/10vXic9IMUTW5FrB1ivmieM2ydY.jpg
3615,3.217391304347826,345,3.231988686631917,Dinosaur (2000),"2, 3",https://image.tmdb.org/t/p/w500/rSje3FS7ycJSglowlngjsvDt7vO.jpg
1366,3.185185185185185,108,3.2319663806399945,"Crucible, The (1996)",7,https://image.tmdb.org/t/p/w500/zv69Rev43me5gQ68x7fk1mQzhHn.jpg
614,2.6666666666666665,9,3.2319185427027697,Loaded (1994),"7, 16",https://image.tmdb.org/t/p/w500/mhXXieOT9fZxJ0TdTBgy9RfYmIg.jpg
3648,2.6666666666666665,9,3.2319185427027697,"Abominable Snowman, The (1957)","10, 15",https://image.tmdb.org/t/p/w500/uVBy1rAxsdPqNtJx6U10SVhIdrx.jpg
698,2.2,5,3.2318200732280395,Delta of Venus (1994),7,https://image.tmdb.org/t/p/w500/j43W5XkXR7u7uVAvfniEXiQ3Bpv.jpg
3445,3.194244604316547,139,3.231746509828434,Eyes of Laura Mars (1978),"13, 16",https://image.tmdb.org/t/p/w500/b6njtFr9IkmJGzwCkZWpDIYI1oC.jpg
3531,3.037037037037037,27,3.2316878305168473,All the Vermeers in New York (1990),"4, 7, 14",https://image.tmdb.org/t/p/w500/sQmBGBIjDvX2nMwUHI3yQv4YAJ9.jpg
3892,2.7,10,3.2316049273644287,Anatomy (Anatomie) (2000),10,https://image.tmdb.org/t/p/w500/q0A3Hd95yLX0TFahlemOiHxmN6F.jpg
3935,3.0,23,3.231590490081057,Kronos (1973),10,https://image.tmdb.org/t/p/w500/cq21or9DDlObTSo4AfiXl4u9vnC.jpg
2250,3.1451612903225805,62,3.2315500237346746,Men Don't Leave (1990),7,https://image.tmdb.org/t/p/w500/oBX0ipCp5h5xGzDxcvEfwwsFhGo.jpg
1163,2.9473684210526314,19,3.2314921092665263,Mina Tannenbaum (1994),7,https://image.tmdb.org/t/p/w500/hx9ocZaXDjXyo5VkPaSvtiTmIlL.jpg
2541,3.221824686940966,559,3.231487655247183,Cruel Intentions (1999),7,https://image.tmdb.org/t/p/w500/76cCsRtQ5MJBAqoigojXsLXLJwh.jpg
1574,2.8666666666666667,15,3.2313926713042243,Fall (1997),14,https://image.tmdb.org/t/p/w500/v28T5F1IygM8vXWZIycfNEm3xcL.jpg
3934,3.0357142857142856,28,3.231381971994713,Kronos (1957),15,https://image.tmdb.org/t/p/w500/cq21or9DDlObTSo4AfiXl4u9vnC.jpg
3780,3.097560975609756,41,3.2313716337261456,Rocketship X-M (1950),15,https://image.tmdb.org/t/p/w500/kEODdwwJBEROPYpFUPWHSAm1ZTJ.jpg
1864,2.727272727272727,11,3.2312921590627885,Sour Grapes (1998),4,https://image.tmdb.org/t/p/w500/8jLfS18TvzQ4IkpMXHIgWgS8kZW.jpg
3116,2.727272727272727,11,3.2312921590627885,Miss Julie (1999),7,https://image.tmdb.org/t/p/w500/11X9DZGT3P7bJhWxfwFdCkWHILS.jpg
3874,3.0,24,3.231283137074977,"Couch in New York, A (1996)","4, 14",https://image.tmdb.org/t/p/w500/8txMP2kp0A9ZGlVFtg9eUe3ZhWC.jpg
2103,3.081081081081081,37,3.2312744211167583,Tall Tale (1994),"1, 3",https://image.tmdb.org/t/p/w500/di43EvahPBbdTgZrBxx8yZjvFu8.jpg
271,3.142857142857143,63,3.231257847048574,Losing Isaiah (1995),7,https://image.tmdb.org/t/p/w500/oHALKuPewtqIn2BcluZsGvcEG1P.jpg
1522,2.4285714285714284,7,3.23119055503869,Ripe (1996),7,https://image.tmdb.org/t/p/w500/xoQmibPIqwIN4cTlohDVNZwAi2y.jpg
1890,2.4285714285714284,7,3.23119055503869,Little Boy Blue (1997),7,https://image.tmdb.org/t/p/w500/92wVgAcAuf2Mh950fxlRcIRNcd0.jpg
2487,2.4285714285714284,7,3.23119055503869,"Blood, Guts, Bullets and Octane (1998)","0, 4",https://image.tmdb.org/t/p/w500/kaDj4ET5kA5NUPn5q3aUjLMrIzy.jpg
3818,2.4285714285714284,7,3.23119055503869,Pot O' Gold (1941),"4, 12",https://image.tmdb.org/t/p/w500/kjBp97HVXVtMqzOZUIkjT1oZrQz.jpg
2691,2.95,20,3.231183247212802,"Legend of 1900, The (Leggenda del pianista sull'oceano) (1998)",7,https://image.tmdb.org/t/p/w500/iOcbJ5pxokOPDRgieVDbsFMrCc6.jpg
3762,1.3333333333333333,3,3.2310878413460684,Daughter of Dr. Jeckyll (1957),10,
869,3.0952380952380953,42,3.231071735302651,Kansas City (1996),5,https://image.tmdb.org/t/p/w500/deD8SAbQYGvzcpRr50HUb9uj8xJ.jpg
294,3.0952380952380953,42,3.231071735302651,"Perez Family, The (1995)","4, 14",https://image.tmdb.org/t/p/w500/jxi3UDHf86kDk5hqJxnpEMzVch2.jpg
1753,3.202020202020202,198,3.231020855833957,Half Baked (1998),4,https://image.tmdb.org/t/p/w500/14TmEac4bquNaEld9t0uIliYoKE.jpg
254,3.0789473684210527,38,3.2309730863661175,Jefferson in Paris (1995),7,https://image.tmdb.org/t/p/w500/vcZCvsm920LoNDb7pMibJkxIE4n.jpg
526,2.5,8,3.2308770763199934,"Savage Nights (Nuits fauves, Les) (1992)",7,https://image.tmdb.org/t/p/w500/5Onj1lmo28QklT5iiEdYlKygO7h.jpg
2063,2.5,8,3.2308770763199934,Seventh Heaven (Le Septième ciel) (1997),"7, 14",https://image.tmdb.org/t/p/w500/j4uZ7LlBr9wGCx1X7Ftc2fmZuXH.jpg
1782,2.5,8,3.2308770763199934,Little City (1998),"4, 14",https://image.tmdb.org/t/p/w500/3jbcNcs3kk9y7g2ENmRA9Ppdkyn.jpg
3592,2.5,8,3.2308770763199934,Time Masters (Les Maîtres du Temps) (1982),"2, 15",https://image.tmdb.org/t/p/w500/2brFFdhCSdcSzBbTOWg9VQra6QI.jpg
2200,2.5,8,3.2308770763199934,Under Capricorn (1949),7,https://image.tmdb.org/t/p/w500/90wKMRxhGFrWXt4rJvVfqVEjpQ1.jpg
1896,3.106382978723404,47,3.2308716597372764,Cousin Bette (1998),4,https://image.tmdb.org/t/p/w500/4TEMm2pyZ6mYBmP2AwoierJHQf9.jpg
3472,1.75,4,3.230772793164274,Horror Hotel (a.k.a. The City of the Dead) (1960),10,https://image.tmdb.org/t/p/w500/kP4wYsysronwnEC548MqclI5LP2.jpg
1651,2.8823529411764706,17,3.2307727311265846,Telling Lies in America (1997),7,https://image.tmdb.org/t/p/w500/yNKGhbqUgFp7gDG4btnJdLIUzSM.jpg
1454,3.158536585365854,82,3.2307724507529207,SubUrbia (1997),4,https://image.tmdb.org/t/p/w500/z0HshBtmtLNQDSSLNqSPySW3kP8.jpg
852,3.221138211382114,615,3.2307711742551097,Tin Cup (1996),"4, 14",https://image.tmdb.org/t/p/w500/rB7OvMmjcBFoogleORaUqrRgp8g.jpg
1767,3.0,26,3.2306708719867574,Music From Another Room (1998),"7, 14",https://image.tmdb.org/t/p/w500/zamhRB4bKVeRUW568lVSFeEbqVg.jpg
3614,3.2195571955719555,542,3.2306502900401064,Honeymoon in Vegas (1992),"4, 14",https://image.tmdb.org/t/p/w500/qZPay0VF5Bq2PiUvC09WwM5blmj.jpg
565,3.1311475409836067,61,3.23057791750284,Cronos (1992),10,https://image.tmdb.org/t/p/w500/bRX8au50CnhC8hXr8AbsCNdb96G.jpg
422,3.1228070175438596,57,3.2304791402237703,Blink (1994),16,https://image.tmdb.org/t/p/w500/z2gLlh5rCV67FVBJp4qn9A25vdq.jpg
2635,3.032258064516129,31,3.2304692225982845,"Mummy's Curse, The (1944)",10,https://image.tmdb.org/t/p/w500/mzdLuaFsZrxJ7KcrExTh7GEOqJt.jpg
146,2.888888888888889,18,3.2304640050648765,"Amazing Panda Adventure, The (1995)","1, 3",https://image.tmdb.org/t/p/w500/tIK40vCE9i8g4VhyJ3LLr5y1ROJ.jpg
2777,2.0,5,3.2304586028400206,Cobra (1925),7,https://image.tmdb.org/t/p/w500/jCxfbTh8JvJil5edhNywxaTHoWv.jpg
2631,2.0,5,3.2304586028400206,Frogs for Snakes (1998),"4, 9, 16",https://image.tmdb.org/t/p/w500/eugpeKUBgL6cswiXWAZ4jAimEOB.jpg
3714,3.1363636363636362,66,3.230385724432426,Clara's Heart (1988),7,https://image.tmdb.org/t/p/w500/sb5fGw0l8PVFPL14lu2UN7Ibed0.jpg
3581,2.7857142857142856,14,3.2303589022003973,Human Traffic (1999),7,https://image.tmdb.org/t/p/w500/cHwnYGZh1fVuVWqT28GpCN0usYF.jpg
60,3.212885154061625,357,3.230346841956737,"Indian in the Cupboard, The (1995)","1, 3, 8",https://image.tmdb.org/t/p/w500/ozQAmW85tTJu2dhRe3evzyY03Nb.jpg
793,2.6,10,3.2302526623204804,My Life and Times With Antonin Artaud (En compagnie d'Antonin Artaud) (1993),7,https://image.tmdb.org/t/p/w500/wDqebKxUMKbIzLKTKeCLXpK5QFW.jpg
2783,2.6,10,3.2302526623204804,"Tomb of Ligeia, The (1965)",10,https://image.tmdb.org/t/p/w500/cG40WTsmotbngjqAKzPLoQsuhPB.jpg
1160,2.1666666666666665,6,3.2301452668742288,Six of a Kind (1934),4,https://image.tmdb.org/t/p/w500/hTlIRE6DLbOm3Qqp8gKiaBUeI8d.jpg
2704,3.073170731707317,41,3.2300737751927255,"Lovers on the Bridge, The (Les Amants du Pont-Neuf) (1991)","7, 14",https://image.tmdb.org/t/p/w500/xz00yDmTtGr3Uy3PEiopenQH2Zh.jpg
2415,2.8,15,3.2300494879596977,Violets Are Blue... (1986),"7, 14",https://image.tmdb.org/t/p/w500/pOmri5BgiLGc0jieg0JhHjSWPDG.jpg
2098,3.1447368421052633,76,3.2300084963202917,Son of Flubber (1963),"3, 4",https://image.tmdb.org/t/p/w500/9k3DwDpQeLN4sZ7hWnWII9DcQXA.jpg
1404,3.1447368421052633,76,3.2300084963202917,Night Falls on Manhattan (1997),"5, 7",https://image.tmdb.org/t/p/w500/sjvySDgeAOqrMmm965gdkqR5AML.jpg
1475,3.1481481481481484,81,3.229823372962363,Kama Sutra: A Tale of Love (1996),14,https://image.tmdb.org/t/p/w500/sptijXzApZhbOyqYq9P7627RAYw.jpg
1919,3.1724137931034484,116,3.229771547943223,Madeline (1998),"3, 4",https://image.tmdb.org/t/p/w500/nAGRLwJC0jv7QlfJR6y32xRZqcF.jpg
1658,3.1724137931034484,116,3.229771547943223,"Life Less Ordinary, A (1997)","14, 16",https://image.tmdb.org/t/p/w500/tk7WNEwLZepFU2yPIIkRuQOO0Q9.jpg
2135,3.2016806722689077,238,3.229738339830486,Doctor Dolittle (1967),"1, 12",https://image.tmdb.org/t/p/w500/rViuZo27U8wcZHGuRliv9LfmhjV.jpg
3123,1.0,3,3.2297226536327575,Spring Fever USA (a.k.a. Lauderdale) (1989),4,https://image.tmdb.org/t/p/w500/3owX5g86KzOqEf1EPQYmIKWAqn4.jpg
3535,3.219047619047619,630,3.229696096937106,American Psycho (2000),"4, 10, 16",https://image.tmdb.org/t/p/w500/9uGHEgsiUXjCNq8wdq4r49YL8A1.jpg
3605,3.0980392156862746,51,3.2296884609686036,King Creole (1958),"7, 12",https://image.tmdb.org/t/p/w500/k5WBAgKrI8OytCSxMd4oau5KXzn.jpg
2586,2.96,25,3.2296512177415444,"Goodbye, Lover (1999)","4, 5, 16",
3847,2.96,25,3.2296512177415444,"Ilsa, She Wolf of the SS (1974)",10,https://image.tmdb.org/t/p/w500/u0N1LnpRSR5sLmiLMgRv0mlTXk9.jpg
3335,2.6666666666666665,12,3.2296316167039723,Jail Bait (1954),"5, 7",https://image.tmdb.org/t/p/w500/av2ppBDn3Z9BSBByao9WEv8XWXA.jpg
1463,3.0294117647058822,34,3.229563646085128,That Old Feeling (1997),"4, 14",https://image.tmdb.org/t/p/w500/seeCorvsPL07f3Ga4RKqzzg8BBk.jpg
287,2.9047619047619047,21,3.229542763205856,Nina Takes a Lover (1994),"4, 14",https://image.tmdb.org/t/p/w500/mSPoA8exUsNThCfBjjTug7V7wGJ.jpg
2651,3.1463414634146343,82,3.2295401648625943,Frankenstein Meets the Wolf Man (1943),10,https://image.tmdb.org/t/p/w500/eitxewmvmZXY7qoKpiVhdaFmwMz.jpg
600,3.0,30,3.2294560155180974,Love and a .45 (1994),16,https://image.tmdb.org/t/p/w500/xz7rXuL1lkc6tkt1rS0N05rxtRX.jpg
3587,3.0,30,3.2294560155180974,Inferno (1980),10,https://image.tmdb.org/t/p/w500/2jND5Ez8I1gcWvF0XCWXkcm2SIS.jpg
3757,2.823529411764706,17,3.2294331463978505,Asylum (1972),10,https://image.tmdb.org/t/p/w500/7BqosTy8fBZxoo06vuCAnRKwXUs.jpg
695,3.1777777777777776,135,3.229348575807976,True Crime (1995),"13, 16",https://image.tmdb.org/t/p/w500/nPYe83tWVSwVFRyWa6f5aaE7bbu.jpg
3149,2.4444444444444446,9,3.2292103504211176,Diamonds (1999),13,https://image.tmdb.org/t/p/w500/tIvhAxBNzneuziwMcV4p94L3yxL.jpg
2035,3.1052631578947367,57,3.22920768440686,Blackbeard's Ghost (1968),"3, 4",https://image.tmdb.org/t/p/w500/bEMEjagTsdkUi7Jzxe0lQsquD7J.jpg
1433,1.8,5,3.2290971324520017,"Machine, The (1994)","4, 10",https://image.tmdb.org/t/p/w500/dUMfff95OFXNxFHzv2rKxlvWvKI.jpg
2554,3.176470588235294,136,3.2290835861190006,Children of the Damned (1963),"10, 15, 16",https://image.tmdb.org/t/p/w500/ArhQBsOYnqQUUon7UNQHai2qu1R.jpg
2426,2.962962962962963,27,3.2290440763859816,"Theory of Flight, The (1998)","4, 7, 14",https://image.tmdb.org/t/p/w500/wnvKxQ2PwqLf1QOtblr8ICrxXTi.jpg
3115,3.1636363636363636,110,3.2290313803287614,Flawless (1999),7,https://image.tmdb.org/t/p/w500/fkwkkUnaTmhaWt2OGBRepYr7yB5.jpg
2246,2.7142857142857144,14,3.2290139122878214,Stars and Bars (1988),4,
1735,3.2015209125475286,263,3.2289892632604484,Great Expectations (1998),"7, 14",https://image.tmdb.org/t/p/w500/djLsfl3lm7BZKWsKfVZ2wM1ZMrP.jpg
3426,3.1953488372093024,215,3.2289802475235523,Jungle Fever (1991),"7, 14",https://image.tmdb.org/t/p/w500/pw7cOdwCylBuiv6rvosBSkcgKEe.jpg
2737,2.9130434782608696,23,3.2289326827720863,Assassination (1987),0,https://image.tmdb.org/t/p/w500/5wGAfVATbWAL6g91XMnMZeMKz5F.jpg
1821,3.1943127962085307,211,3.228890849320569,"Object of My Affection, The (1998)","4, 14",https://image.tmdb.org/t/p/w500/7LlWOHxcDu0Qsf70LnKwMYV63kb.jpg
2151,3.171875,128,3.228888447563843,"Gods Must Be Crazy II, The (1989)",4,https://image.tmdb.org/t/p/w500/sxPpBTB2Rd5PHs97E2zn0t9GCSp.jpg
55,3.066666666666667,45,3.2288855310342095,Georgia (1995),7,https://image.tmdb.org/t/p/w500/uXjfK404xo7SiVlFcAoRyaFqXR4.jpg
513,3.1194029850746268,67,3.228840984037659,Radioland Murders (1994),"4, 13, 14",https://image.tmdb.org/t/p/w500/l9pvl3AH4UsUvLn4yUP0RR4pltx.jpg
98,2.0,6,3.2287856475676344,Shopping (1994),"0, 16",https://image.tmdb.org/t/p/w500/jiIQO8UWyvVkdJEujb6VWKUBzaz.jpg
815,2.0,6,3.2287856475676344,Power 98 (1995),"0, 13, 16",https://image.tmdb.org/t/p/w500/72puOSoaSFPNMpWLLMnHTnJX9Wz.jpg
3761,2.9642857142857144,28,3.2287417079683105,"Blood In, Blood Out (a.k.a. Bound by Honor) (1993)","5, 7",https://image.tmdb.org/t/p/w500/u21ImPnHHX2SFgkdHIjwlpEwRux.jpg
3883,2.7333333333333334,15,3.2287063046151716,Catfish in Black Bean Sauce (2000),"4, 7",https://image.tmdb.org/t/p/w500/v59Q5tEYZgkBh735RXh83ZVoCiT.jpg
2031,3.027027027027027,37,3.2286651582335226,"$1,000,000 Duck (1971)","3, 4",https://image.tmdb.org/t/p/w500/tUq65eoQxx8lItm5fbTmCafst4P.jpg
2089,3.196652719665272,239,3.228468604838405,"Rescuers Down Under, The (1990)","2, 3",https://image.tmdb.org/t/p/w500/5q9qyKzaG3U1DefCetXYhAyTi2b.jpg
2483,2.92,25,3.2283258366944936,"Day of the Beast, The (El Día de la bestia) (1995)","4, 10, 16",https://image.tmdb.org/t/p/w500/yEXhgACPIV4PmTgHT2HS3Ko2oS3.jpg
1346,3.1839080459770117,174,3.228303092181511,Cat People (1982),10,https://image.tmdb.org/t/p/w500/zSNTDd5Q6No5BmY39Zp5BVgl8XE.jpg
876,2.857142857142857,21,3.2282103181692143,Police Story 4: Project S (Chao ji ji hua) (1993),0,https://image.tmdb.org/t/p/w500/wYGXe2BRIyNX2z7Y6UdQoiw8yfk.jpg
277,3.1823529411764704,170,3.2282066078777047,Miracle on 34th Street (1994),7,https://image.tmdb.org/t/p/w500/ldY9TlE5kwQNUrcDoGB8Jufuswy.jpg
3515,3.1875,192,3.2281843123016767,Me Myself I (2000),4,https://image.tmdb.org/t/p/w500/rvRrcbLbpn7UJGRH1JupgHOeJFq.jpg
1686,3.1559633027522938,109,3.228111918647579,Red Corner (1997),"5, 16",https://image.tmdb.org/t/p/w500/xsIbKOO1CacqTagyJmEGGf4kOnn.jpg
2567,3.2019867549668874,302,3.2280871001318423,EDtv (1999),4,https://image.tmdb.org/t/p/w500/xnnjoMONNamGU6ZX6acbcxyOKv1.jpg
3810,3.1325301204819276,83,3.2280268846596862,White Sands (1992),"7, 16",https://image.tmdb.org/t/p/w500/jeOkfby3MMawUbZqBj7el4UePno.jpg
3924,2.923076923076923,26,3.2280236185122373,Pajama Party (1964),4,https://image.tmdb.org/t/p/w500/uzk45q0phMDlKwgcv5ePmME7yq3.jpg
411,2.6153846153846154,13,3.2279755471865257,You So Crazy (1994),4,https://image.tmdb.org/t/p/w500/iN9whwQExgckFNuuegFksrZYufL.jpg
2582,3.106060606060606,66,3.2278715823834006,Twin Dragons (Shuang long hui) (1992),"0, 4",https://image.tmdb.org/t/p/w500/oaOZv8aukq6U62NYYtfrQEgsm8.jpg
2663,3.0754716981132075,53,3.227823442538013,It Came from Beneath the Sea (1955),15,https://image.tmdb.org/t/p/w500/5Uhq7FinrZIpvoz8OUUL6yziHtO.jpg
3465,2.7777777777777777,18,3.2277884197805955,That's Life! (1986),7,https://image.tmdb.org/t/p/w500/zsnQGmdK9buffM4nI5Z1rrsLOi5.jpg
2509,2.7777777777777777,18,3.2277884197805955,Eight Days a Week (1997),4,https://image.tmdb.org/t/p/w500/A6q7Jy4vXgXXoCoHX4lpCaKvcMV.jpg
2544,2.7777777777777777,18,3.2277884197805955,"School of Flesh, The (L' École de la chair) (1998)",7,https://image.tmdb.org/t/p/w500/esyIrOG6cjRYIAfjI3Sj9ijA8LQ.jpg
358,3.1702127659574466,141,3.227767770001143,Higher Learning (1995),7,https://image.tmdb.org/t/p/w500/tuud1Blsdwo1KQRdz5UVwjlLAWQ.jpg
2233,1.6,5,3.2277356620639823,Digging to China (1998),7,https://image.tmdb.org/t/p/w500/Arw6sGLltoW0Sm6tTGSlh1rXteu.jpg
451,3.150943396226415,106,3.2277341038731238,Flesh and Bone (1993),"7, 13, 14",https://image.tmdb.org/t/p/w500/gNaZSODlVRiQltGWjS8vQZEYJTq.jpg
2901,3.203030303030303,330,3.227722363176966,Phantasm (1979),"10, 15",https://image.tmdb.org/t/p/w500/eR0uJ0Wje1lYJ4aHEpkcjgIM8d7.jpg
2339,2.925925925925926,27,3.227722199320549,I'll Be Home For Christmas (1998),"4, 14",https://image.tmdb.org/t/p/w500/jecVCKLA2rttDps4jiFdtd0pA3n.jpg
2350,2.789473684210526,19,3.2274840932344624,Heart Condition (1990),4,https://image.tmdb.org/t/p/w500/2ApuvU24UEBlWeBiQGRyyOYFeqe.jpg
2249,3.192468619246862,239,3.2274360803159476,My Blue Heaven (1990),4,https://image.tmdb.org/t/p/w500/ggk34Nr1e8LOeAdVncuYz6pyYDe.jpg
1829,3.0,37,3.2273605267919048,Chinese Box (1997),"7, 14",https://image.tmdb.org/t/p/w500/uhBgCcj0rnqUevY4pRtIEbixhPf.jpg
140,3.1654676258992804,139,3.2271408679170928,Up Close and Personal (1996),"7, 14",https://image.tmdb.org/t/p/w500/9ZmtJB7j5U9XlBNyoO0gOyW9RF0.jpg
3830,2.88,25,3.2270004556474423,Psycho Beach Party (2000),"4, 10, 16",https://image.tmdb.org/t/p/w500/qbWR0do4iIOpN5R1zNJfRt0WSz.jpg
3449,2.9705882352941178,34,3.226944130695475,"Good Mother, The (1988)",7,https://image.tmdb.org/t/p/w500/s65C2cKJeqbHVQHPOaOcp7asdFv.jpg
3308,3.197278911564626,294,3.2269387823996043,"Flamingo Kid, The (1984)","4, 7",https://image.tmdb.org/t/p/w500/hNCYkAXB9WIQBABXTV6Vs9kFrLY.jpg
2892,2.5,12,3.226934381370189,New Rose Hotel (1998),"0, 7",https://image.tmdb.org/t/p/w500/qxq6JeYxsUIqkEN1gef3ljcV68H.jpg
3399,3.1264367816091956,87,3.2269097903074035,Sesame Street Presents Follow That Bird (1985),"3, 4",https://image.tmdb.org/t/p/w500/kkhgC0IDWtmPYX6FxMrVGx7jJnn.jpg
2014,3.1777777777777776,180,3.2267969695283067,Freaky Friday (1977),"3, 4",https://image.tmdb.org/t/p/w500/vQljMYQKVApQFXfTXKt9J8diVLG.jpg
2590,3.0416666666666665,48,3.226716197795492,Hideous Kinky (1998),7,https://image.tmdb.org/t/p/w500/qupB9wwFZgjy7DHs9rvvloVZOUw.jpg
3886,3.0,40,3.226474130975952,Steal This Movie! (2000),7,https://image.tmdb.org/t/p/w500/wEylWTGRZoOR51wo422rhYXkV6Y.jpg
2084,3.129032258064516,93,3.2264703267914836,Newsies (1992),"3, 12",https://image.tmdb.org/t/p/w500/3Gw7WM8xZ5xrJp1KniSbrbY9DMI.jpg
1442,3.0985915492957745,71,3.226448274560893,Prefontaine (1997),7,https://image.tmdb.org/t/p/w500/3jtG9mgfiZRTRQf19BiUAY6QPN3.jpg
3719,3.022222222222222,45,3.226303219865714,Love's Labour's Lost (2000),"4, 14",https://image.tmdb.org/t/p/w500/17IY8hHfDAxoqdAGOo3V3DKLEEs.jpg
2855,2.3,10,3.2261958671886344,Nightmares (1983),10,https://image.tmdb.org/t/p/w500/o6OGoi1Zj9YDvVpjy3PortPo8fr.jpg
1055,2.736842105263158,19,3.226148087890441,Shadow Conspiracy (1997),16,https://image.tmdb.org/t/p/w500/m8dgxxCrpLhKjkjH2DPxkz0inoJ.jpg
2853,2.892857142857143,28,3.226101443941908,"Communion (a.k.a. Alice, Sweet Alice/Holy Terror) (1977)",10,https://image.tmdb.org/t/p/w500/5WsMyE6wwY2QbM3fpAePOX3e7pZ.jpg
1538,1.6666666666666667,6,3.226066408954446,"Second Jungle Book: Mowgli & Baloo, The (1997)","1, 3",https://image.tmdb.org/t/p/w500/kLzE0IluHeY920jshiTsLz92ZEe.jpg
3666,1.6666666666666667,6,3.226066408954446,Retro Puppetmaster (1999),"10, 15, 16",https://image.tmdb.org/t/p/w500/6GcFdyBCKyx2zXvoCsrmNUCvpHN.jpg
3001,1.6666666666666667,6,3.226066408954446,"Suburbans, The (1999)",7,https://image.tmdb.org/t/p/w500/meQUL49dy2A5f89hnDG22Pra2An.jpg
3374,2.6,15,3.2260199379261185,Daughters of the Dust (1992),7,https://image.tmdb.org/t/p/w500/sk5qednzLeDZMIhto6Oa9QFKOon.jpg
1458,2.8333333333333335,24,3.2259745770218915,Touch (1997),14,https://image.tmdb.org/t/p/w500/ory8WuAqznTE7lfopTSymHpop2t.jpg
2854,2.3636363636363638,11,3.225890403492228,Don't Look in the Basement! (1973),10,https://image.tmdb.org/t/p/w500/kzrhFnC9LjeOJbFbREZR7dS00hW.jpg
2314,3.1346153846153846,104,3.225881036335927,Beloved (1998),7,https://image.tmdb.org/t/p/w500/bLZo9tJijRBbxHAxMNXhs51pvC8.jpg
1733,3.1097560975609757,82,3.2258433071916146,Afterglow (1997),"7, 14",https://image.tmdb.org/t/p/w500/yH8gC6EKmzUsetyjru1lEgRn7W9.jpg
2244,1.8571428571428572,7,3.225759462031222,"Allnighter, The (1987)","4, 14",https://image.tmdb.org/t/p/w500/1ypV4mw030VxYEIA8jba3A7MMBv.jpg
847,1.8571428571428572,7,3.225759462031222,"Big Squeeze, The (1996)","4, 7",https://image.tmdb.org/t/p/w500/hN8j2l6uc8VG0MxDejqJCdYJMJU.jpg
200,2.4166666666666665,12,3.2255857637032976,"Tie That Binds, The (1995)",16,https://image.tmdb.org/t/p/w500/xwrY46PITbSoCiKm9gTnDWP47Kh.jpg
397,2.4166666666666665,12,3.2255857637032976,"Fear, The (1995)",10,https://image.tmdb.org/t/p/w500/jFK2ZLQUzo9pea0jfMCHDfvWsx7.jpg
1613,2.9,30,3.22550604843449,Star Maps (1997),7,https://image.tmdb.org/t/p/w500/jXt9Ww1pMKcS1n1uGg7QuGFVaCT.jpg
371,3.1792452830188678,212,3.2254613316898513,"Paper, The (1994)","4, 7",https://image.tmdb.org/t/p/w500/ljtYPCmY94DmbcpLHV3Ntv0EXYl.jpg
2990,3.2,385,3.2254570155100897,Licence to Kill (1989),0,https://image.tmdb.org/t/p/w500/8nzJve63EXA79HGAyidZwivZrQ2.jpg
1854,3.0208333333333335,48,3.2254300241620517,Kissing a Fool (1998),"4, 14",https://image.tmdb.org/t/p/w500/aOHkDefwdH9YxGqeZDEbo9CcGzq.jpg
3490,2.6470588235294117,17,3.225414392211648,Horror Express (1972),10,https://image.tmdb.org/t/p/w500/o79dacG17LtfsAhjiVxgUhsJAbb.jpg
2740,2.6470588235294117,17,3.225414392211648,"Kindred, The (1986)",10,https://image.tmdb.org/t/p/w500/99PE8haWB7nLky627wJBsWn2awJ.jpg
2625,3.0757575757575757,66,3.2253574403343745,Black Mask (Hak hap) (1996),0,https://image.tmdb.org/t/p/w500/eEmG43S9o5C6XeFschoFQU4Bcub.jpg
2636,2.4615384615384617,13,3.225281944492923,"Mummy's Ghost, The (1944)",10,https://image.tmdb.org/t/p/w500/eRNWTjYXkUQvqopfgz8DvHolxWA.jpg
119,2.4615384615384617,13,3.225281944492923,"Steal Big, Steal Little (1995)",4,https://image.tmdb.org/t/p/w500/83TvBaWt8wZHUZo8MKwE2cLRBiT.jpg
1455,2.772727272727273,22,3.225245301112435,Hotel de Love (1996),"4, 14",https://image.tmdb.org/t/p/w500/8DpN8xCQobzNO7DjROEVkVC55BR.jpg
3944,2.111111111111111,9,3.2251480619986395,Bootmen (2000),"4, 7",https://image.tmdb.org/t/p/w500/zeRwE01YkmGxuE6LI2XpcWg4Ywl.jpg
618,2.111111111111111,9,3.2251480619986395,Two Much (1996),"4, 14",https://image.tmdb.org/t/p/w500/65WB70Jhi3G2c5C41PyL5pl9L9p.jpg
409,3.020408163265306,49,3.2251404544457225,Above the Rim (1994),7,https://image.tmdb.org/t/p/w500/q7CCx8aj8uME1fBa4KzTMdeWxXu.jpg
835,3.1262135922330097,103,3.224951163706901,Foxfire (1996),7,https://image.tmdb.org/t/p/w500/hcpH4mxZSixw6lCaJED8eq9AQ1T.jpg
148,2.782608695652174,23,3.2249459718086313,"Awfully Big Adventure, An (1995)",7,https://image.tmdb.org/t/p/w500/tfXBuRBMbyu9IF9KCFz3kXeWQDT.jpg
3913,2.90625,32,3.224913780414964,Barenaked in America (1999),6,https://image.tmdb.org/t/p/w500/1igQM18qNmzXX8ggAKequybqDE.jpg
3269,3.20335429769392,477,3.2248419757861537,Forever Young (1992),"1, 14, 15",https://image.tmdb.org/t/p/w500/eKbD77BEhhBmFD7ZE9VTi9o8r2K.jpg
336,2.6842105263157894,19,3.2248120825464195,"Walking Dead, The (1995)","7, 18",https://image.tmdb.org/t/p/w500/g6jxJlMZg6bEmsagAc566rZadBd.jpg
1549,2.6842105263157894,19,3.2248120825464195,Rough Magic (1995),"7, 14",https://image.tmdb.org/t/p/w500/1ihrS8fbHnIvkcruSWBJSGiayh7.jpg
118,3.073529411764706,68,3.2247922806093983,If Lucy Fell (1996),"4, 14",https://image.tmdb.org/t/p/w500/l3Bwmjdon6JBDzJUA3ZSdMZZ7lI.jpg
81,3.1626506024096384,166,3.224759177873808,Things to Do in Denver when You're Dead (1995),"5, 7, 14",https://image.tmdb.org/t/p/w500/3LxYzYybOVpnw0juCSlNL5cj8NK.jpg
2008,2.533333333333333,15,3.224676754581592,"This World, Then the Fireworks (1996)","5, 7, 9",https://image.tmdb.org/t/p/w500/vXO9T4rbJFVRF6BbABHe7VKJdj9.jpg
1006,3.08974358974359,78,3.2244852554625325,"Chamber, The (1996)",7,https://image.tmdb.org/t/p/w500/bup7TBYfLzFjH7r1cLX6iXQS7M0.jpg
3891,1.7142857142857142,7,3.224401688779355,Turn It Up (2000),"5, 7",https://image.tmdb.org/t/p/w500/1LqMTyQJnI7IfeDjjGRcDh1vv0r.jpg
392,2.8,25,3.2243496935533402,"Secret Adventures of Tom Thumb, The (1993)","1, 3",https://image.tmdb.org/t/p/w500/98yogK8pBvjqpQ7mtohuaBMLUJv.jpg
2325,3.134453781512605,119,3.224244954373595,Orgazmo (1997),4,https://image.tmdb.org/t/p/w500/irvFBOc33CHsioU6hqcu8ExymEa.jpg
352,3.134453781512605,119,3.224244954373595,Crooklyn (1994),4,https://image.tmdb.org/t/p/w500/iFqe07F78SO0SIBzWcK4I5MwNvP.jpg
2234,1.875,8,3.2240974153030444,Let's Talk About Sex (1998),7,
1053,2.914285714285714,35,3.224031188732498,Normal Life (1996),"5, 7",https://image.tmdb.org/t/p/w500/vMqHhGE5EDovmijmDbv9MwAOqwF.jpg
3141,3.0483870967741935,62,3.2239694804624066,"Two Jakes, The (1990)",7,https://image.tmdb.org/t/p/w500/iOzcnFFsFG8XgZqiAO7EsJs6r14.jpg
3846,3.1449275362318843,138,3.2239444885141153,Easy Money (1983),4,https://image.tmdb.org/t/p/w500/nREZhCfkUgl6XqMZAvd6DCbVj2c.jpg
1793,2.3846153846153846,13,3.2239351431461216,Welcome to Woop-Woop (1997),4,https://image.tmdb.org/t/p/w500/2ek9pyqNFQbtwtXptRZxsIGkOuN.jpg
1114,2.870967741935484,31,3.223894600639047,"Funeral, The (1996)",7,https://image.tmdb.org/t/p/w500/nubOF5PQ01urMs3dDXCF2BqmBuE.jpg
2709,3.1767241379310347,232,3.2238916732043634,Muppets From Space (1999),"3, 4",https://image.tmdb.org/t/p/w500/Aww9cF4uMsbald9ddhCYFoP4gBi.jpg
56,2.0,9,3.2237939658578134,Kids of the Round Table (1995),"1, 3, 8",https://image.tmdb.org/t/p/w500/1y8KAZOKrdmTI2sddcilcbRsMtI.jpg
1501,2.611111111111111,18,3.223775041854174,Keys to Tulsa (1997),5,https://image.tmdb.org/t/p/w500/g3Y1t6AXTVyRrz2DOIGsBeeA3YB.jpg
1009,3.185567010309278,291,3.223686275145512,Escape to Witch Mountain (1975),"1, 3, 8",https://image.tmdb.org/t/p/w500/cXicoCiCfO6FDfv6ozwcfQCnhVW.jpg
3620,3.0,50,3.2235687540551576,"Myth of Fingerprints, The (1997)","4, 7",https://image.tmdb.org/t/p/w500/4aHnhKkmQlSBbOKhYNImUI254KF.jpg
1113,3.0,50,3.2235687540551576,"Associate, The (1996)",4,https://image.tmdb.org/t/p/w500/sDGc4JqVf4n04cEO0rU36UI4cvK.jpg
3103,3.0588235294117645,68,3.2235383621141005,Stanley & Iris (1990),"7, 14",https://image.tmdb.org/t/p/w500/ydDNS3aCnBWOT9jQiEVmN56rk2i.jpg
243,2.1,10,3.223491337100737,Gordy (1995),4,https://image.tmdb.org/t/p/w500/4sLmghaiAIYXh320qCvZWY4avVT.jpg
2864,2.8214285714285716,28,3.223461179915505,Splendor (1999),4,https://image.tmdb.org/t/p/w500/q8HoMVS7mSbfOLdjW7C764olnFZ.jpg
38,2.8214285714285716,28,3.223461179915505,It Takes Two (1995),4,https://image.tmdb.org/t/p/w500/4CptjFLiIJXtjc3dykS7vkEHMbw.jpg
1498,3.1374045801526718,131,3.2234420032376465,Inventing the Abbotts (1997),"7, 14",https://image.tmdb.org/t/p/w500/jeZcJcGTBrS7QYHA85OKAyT5r1O.jpg
1520,2.466666666666667,15,3.2233335712370654,Commandments (1997),14,https://image.tmdb.org/t/p/w500/bob97FFDOHzGoD62MamZc82jZy.jpg
2914,2.1818181818181817,11,3.223189525706948,Molly (1999),"4, 7",https://image.tmdb.org/t/p/w500/1axtR1J3E5u6NS83qU3mnQVlB68.jpg
2695,2.1818181818181817,11,3.223189525706948,"Boys, The (1997)",7,https://image.tmdb.org/t/p/w500/w7IZT1HJNmWcEj3Axwlwhya02OX.jpg
3777,2.1818181818181817,11,3.223189525706948,Nekromantik (1987),"4, 10",https://image.tmdb.org/t/p/w500/uZZGYPcpRKg3zcdgF9Pua2pxKxI.jpg
1662,2.65,20,3.223177910321541,Gang Related (1997),5,https://image.tmdb.org/t/p/w500/zvl4RYK5OHo2d9V1aUkHkxhh9Zv.jpg
2033,3.165,200,3.2229928389306024,"Black Cauldron, The (1985)","2, 3",https://image.tmdb.org/t/p/w500/ef11J5KGMp26kEzeg8ghAKeB65C.jpg
2168,3.0759493670886076,79,3.222970740613476,Dance with Me (1998),"7, 14",https://image.tmdb.org/t/p/w500/zNUxfWLFGfM7IC7LpxZqWRCnVMK.jpg
2534,2.5294117647058822,17,3.2227352227541797,Avalanche (1978),0,https://image.tmdb.org/t/p/w500/4vQTAte2YXp63vFUwZz8KnYh4rO.jpg
2873,2.6818181818181817,22,3.222583957133726,Lulu on the Bridge (1998),"7, 13, 14",https://image.tmdb.org/t/p/w500/9wcqbfKtZtbpRPO2ymldubnUnSH.jpg
2758,2.838709677419355,31,3.2225796762471997,Plenty (1985),7,https://image.tmdb.org/t/p/w500/gvK5Wv9ntWwu6IzLFuIUd2enHNm.jpg
2032,2.925,40,3.222575495498369,"Barefoot Executive, The (1971)","3, 4",https://image.tmdb.org/t/p/w500/l80GlJCOFM6rE2uwiW0EMD6jAPd.jpg
3602,2.979591836734694,49,3.2225714114142514,G. I. Blues (1960),12,https://image.tmdb.org/t/p/w500/2V6Llh9jEJyRp13hwhVyNEnVbpX.jpg
1891,1.8888888888888888,9,3.2224398697169874,"Ugly, The (1997)","10, 16",https://image.tmdb.org/t/p/w500/bX2xnavhMYjWDoZp1VM6VnU1xwe.jpg
1583,2.7777777777777777,27,3.222434691058817,"Simple Wish, A (1997)","3, 8",https://image.tmdb.org/t/p/w500/cfyJ7yIvNTlz2ooH8iU6r0pxAMj.jpg
1856,3.0555555555555554,72,3.222422762053643,Kurt & Courtney (1998),"6, 12",https://image.tmdb.org/t/p/w500/367x8xNtI1FJUn6FeCSYTXyaa6R.jpg
2956,3.1347517730496453,141,3.2220239446134347,Someone to Watch Over Me (1987),"0, 5, 16",https://image.tmdb.org/t/p/w500/7Vqw29y8pkoHaVtwkQcQhBK9oTY.jpg
3166,1.1666666666666667,6,3.2219875510346636,Brenda Starr (1989),1,https://image.tmdb.org/t/p/w500/jWSvQMehjEbMZnKmWysns8xytnp.jpg
225,3.173228346456693,254,3.2219337506720844,Disclosure (1994),"7, 16",https://image.tmdb.org/t/p/w500/dnA4QkIZZCF9wRtF8HHxWwUXVMf.jpg
2432,3.136986301369863,146,3.2218981653752086,Stepmom (1998),7,https://image.tmdb.org/t/p/w500/wMPv2Yz6QDzv6YhSbaqM48Medl1.jpg
1642,3.054054054054054,74,3.221869127300554,Indian Summer (a.k.a. Alive & Kicking) (1996),"4, 7",https://image.tmdb.org/t/p/w500/A1gUvZbQ25wsnj7HD8bDwTxOSWy.jpg
3344,2.6,20,3.221843687506331,Blood Feast (1963),10,https://image.tmdb.org/t/p/w500/u6mWxgOrNAF3AaevaGEE4NqCwcQ.jpg
1666,2.6,20,3.221843687506331,Hugo Pool (1997),14,https://image.tmdb.org/t/p/w500/sVVdjinglTAShsEYlYkPNQ0SQGv.jpg
2158,2.6,20,3.221843687506331,"Henry: Portrait of a Serial Killer, Part 2 (1996)","5, 10",https://image.tmdb.org/t/p/w500/udDCCmIpvMoRvl0ArioceHkI8ix.jpg
992,2.6,20,3.221843687506331,"Rich Man's Wife, The (1996)",16,https://image.tmdb.org/t/p/w500/uE7BXhR6QkSGCIK6gTPGfFRAggY.jpg
2741,3.0163934426229506,61,3.2217227625376283,No Mercy (1986),"0, 16",https://image.tmdb.org/t/p/w500/e3GLsfBLy7fdM3dJKAkzQlTIqII.jpg
2672,3.1892583120204603,391,3.221572372856756,"Thirteenth Floor, The (1999)","7, 15, 16",https://image.tmdb.org/t/p/w500/7oaie3ZBc9UuWZLF24crro1pone.jpg
2849,2.8,30,3.221556081350882,Queens Logic (1991),"4, 7",https://image.tmdb.org/t/p/w500/3hFeEhS6xr7f0JUNu5m0okitJai.jpg
3058,2.1666666666666665,12,3.2215399107026235,"Ape, The (1940)","10, 15",https://image.tmdb.org/t/p/w500/38avfcyrLqAzWE19jIpTnoQATZD.jpg
113,2.981132075471698,53,3.221433666180185,Before and After (1996),"7, 13",https://image.tmdb.org/t/p/w500/oK8UKDrjFS14OFoihaQPfmmMOyI.jpg
603,3.0,58,3.221297579410787,"Bye Bye, Love (1995)",4,https://image.tmdb.org/t/p/w500/qMAvEXDLLhIKJzCSiMUgn1ypsO4.jpg
987,2.9,40,3.221275950339175,Bliss (1997),"7, 14",https://image.tmdb.org/t/p/w500/zGdGINvf9oSysprbWnu85dIM7rc.jpg
384,2.9,40,3.221275950339175,Bad Company (1995),0,https://image.tmdb.org/t/p/w500/umu141mcfIEhRLgyQp7TWlGJFW.jpg
2507,2.9814814814814814,54,3.221151045036369,Breakfast of Champions (1999),4,https://image.tmdb.org/t/p/w500/aGgRlLtMJ5e5Hy25atZ27fajt1P.jpg
3021,2.861111111111111,36,3.2211258573298434,"Funhouse, The (1981)",10,https://image.tmdb.org/t/p/w500/vKgDw6miuun9ij8H7YSAte7PLZA.jpg
1135,3.189189189189189,407,3.2210926914087064,Private Benjamin (1980),4,https://image.tmdb.org/t/p/w500/maIiPNXddZXKHQCi0HyULd5kces.jpg
2486,1.7777777777777777,9,3.2210857735761613,24-hour Woman (1998),7,https://image.tmdb.org/t/p/w500/e72rmKueevGe5KmJeduxGU29igF.jpg
238,2.8125,32,3.2209741875062314,Far From Home: The Adventures of Yellow Dog (1995),"1, 3",https://image.tmdb.org/t/p/w500/bHtNHOiSmfX1KlJwc9Jvc8sYcjB.jpg
3540,2.75,28,3.2208209158891026,Passion of Mind (1999),"14, 16",https://image.tmdb.org/t/p/w500/A7lzVd2YHz85pgOugGJCJ983bQB.jpg
244,1.9,10,3.22078680701284,Gumby: The Movie (1995),"2, 3",https://image.tmdb.org/t/p/w500/A4wc8SrcaKyfNKXA0g5Aydpk4Id.jpg
1479,3.197158081705151,563,3.2207132253663406,"Saint, The (1997)","0, 14, 16",https://image.tmdb.org/t/p/w500/eBMA4wyg59Jox7gXLOLsrpRjXJR.jpg
216,3.183098591549296,355,3.220628717183952,Billy Madison (1995),4,https://image.tmdb.org/t/p/w500/sOdgtJdFalL9kRKaeJItARLTAEq.jpg
295,2.7586206896551726,29,3.220529787456816,"Pyromaniac's Love Story, A (1995)","4, 14",https://image.tmdb.org/t/p/w500/9pU8aNS1wEXVGNR9WnsX2O3w9qF.jpg
1692,2.55,20,3.220509464691121,Alien Escape (1995),"10, 15",https://image.tmdb.org/t/p/w500/4Abbxth4pOwiM2DEICT3lJsoC1X.jpg
2809,2.55,20,3.220509464691121,Love Stinks (1999),4,https://image.tmdb.org/t/p/w500/srHcbkCyQFfdmqt5rPQMshxp1Yt.jpg
1878,2.0,11,3.220488647921668,Woo (1998),"4, 14",https://image.tmdb.org/t/p/w500/8K1IfJXWPW1N5J6ar8ZOLU47c98.jpg
2520,3.1452513966480447,179,3.22044231566978,Airport (1970),7,https://image.tmdb.org/t/p/w500/nAdsLAtPUEXqBEHeLnXBLCLleot.jpg
2,3.20114122681883,701,3.2203927604236244,Jumanji (1995),"1, 3, 8",https://image.tmdb.org/t/p/w500/vgpXmVaVyUL7GGiDeiK1mKEKzcX.jpg
1720,1.2857142857142858,7,3.2203283690237545,Time Tracers (1995),"0, 1, 15",https://image.tmdb.org/t/p/w500/490wG6tZop82i0REjt2WQ1Juk0n.jpg
2646,2.871794871794872,39,3.220262646435908,House of Dracula (1945),10,https://image.tmdb.org/t/p/w500/x2HZq0CjGJbU90Q8Bm7jDKBM7ZG.jpg
1791,2.9622641509433962,53,3.2201557109086196,Twilight (1998),"5, 7",https://image.tmdb.org/t/p/w500/3Gkb6jm6962ADUPaCBqzz9CTbn9.jpg
2674,2.6923076923076925,26,3.2200818580886765,"Loss of Sexual Innocence, The (1999)",7,https://image.tmdb.org/t/p/w500/eVg5oHFnzEE51cZ8Tq1qe8iWMZk.jpg
3026,1.5,8,3.220029618692875,Slaughterhouse (1987),10,https://image.tmdb.org/t/p/w500/8k7w4Jh9KWMqCoZzpBaoZPzqNdr.jpg
2435,3.080808080808081,99,3.2200022254508087,Hurlyburly (1998),7,https://image.tmdb.org/t/p/w500/wg7GBXBALHQ0tjmyMiwu5gcDss9.jpg
1313,2.1538461538461537,13,3.2198947391057176,Mad Dog Time (1996),5,https://image.tmdb.org/t/p/w500/rpKyVUVmFtg6BvYDrGnBfPv4jVH.jpg
228,2.1538461538461537,13,3.2198947391057176,Destiny Turns on the Radio (1995),4,https://image.tmdb.org/t/p/w500/kd04IvuW1wvgGoB2HxSuFVIU9rU.jpg
2977,2.911111111111111,45,3.219847441944474,Crazy in Alabama (1999),"4, 7",https://image.tmdb.org/t/p/w500/bAlevqRg9KG9y725tt4YkNajLrk.jpg
2638,2.8333333333333335,36,3.2198195216015613,"Mummy's Tomb, The (1942)",10,https://image.tmdb.org/t/p/w500/wuaqpLGb5PHpUGUCmQwyS5EVLdw.jpg
1551,2.8333333333333335,36,3.2198195216015613,Buddy (1997),"1, 3, 7",https://image.tmdb.org/t/p/w500/1W3M9AbhEsrZ6FigFSU3GR9WEEb.jpg
8,3.014705882352941,68,3.2197766066282067,Tom and Huck (1995),"1, 3",https://image.tmdb.org/t/p/w500/bMY31ikEOIPOHqQwhPhII8UVBln.jpg
3403,2.78125,32,3.219660989869987,Raise the Titanic (1980),"7, 16",https://image.tmdb.org/t/p/w500/XvukyvRCbkYKKv1TdtlyNxvzEl.jpg
577,2.963636363636364,55,3.2195944471459463,Andre (1994),"1, 3",https://image.tmdb.org/t/p/w500/uo5BozBpQfKXGLPUeUkwBGLG0XW.jpg
1494,2.473684210526316,19,3.219468061170334,"Sixth Man, The (1997)",4,https://image.tmdb.org/t/p/w500/kynvOlKALNek7s0apLw9ThQzniz.jpg
3463,1.8,10,3.2194345419688912,Last Resort (1994),4,https://image.tmdb.org/t/p/w500/5fcckBOjLDqQj1UyiZpsYbIwtGG.jpg
2893,2.880952380952381,42,3.219406148782884,Plunkett & MaCleane (1999),"0, 7",https://image.tmdb.org/t/p/w500/9LASEwSyW2h7Zql0t1ksURC70MG.jpg
3900,2.787878787878788,33,3.2193729098832726,Crime and Punishment in Suburbia (2000),"4, 7",https://image.tmdb.org/t/p/w500/gA6FiAOm8De8v0RFOrdUPn9mgXX.jpg
270,3.037974683544304,79,3.219260165474329,Love Affair (1994),"7, 14",https://image.tmdb.org/t/p/w500/5nGRaQV5MoVs2AGUP3qyf3BXuuz.jpg
2881,3.2010178117048347,786,3.219248989631142,Double Jeopardy (1999),"0, 16",https://image.tmdb.org/t/p/w500/dPd9QvEeMQpgHO6iLB1LqALTZl.jpg
2292,2.5,20,3.2191752418759108,Overnight Delivery (1996),14,https://image.tmdb.org/t/p/w500/2EuuBbK6HPbCZsrpsZAIMx2EVr.jpg
3805,2.7941176470588234,34,3.219085584526516,Knightriders (1981),"0, 1, 7",https://image.tmdb.org/t/p/w500/lawtQYZvwrjHMNkvrKWAF93tIoK.jpg
801,3.0991735537190084,121,3.2190145135637804,Harriet the Spy (1996),"3, 4",https://image.tmdb.org/t/p/w500/zEQp6YCUdadJJmF3PE38N6a52wd.jpg
691,3.0991735537190084,121,3.2190145135637804,Mrs. Winterbourne (1996),"4, 14",https://image.tmdb.org/t/p/w500/ppHqVo9uAFZYMvRm9x0XUtnyQPR.jpg
3027,1.1428571428571428,7,3.2189705957718875,Slaughterhouse 2 (1988),10,https://image.tmdb.org/t/p/w500/wkZgGYcCQIzX8zvMAHpzg4hFhLF.jpg
3649,3.169491525423729,295,3.2189085834904785,American Gigolo (1980),7,https://image.tmdb.org/t/p/w500/igXGCwti23PHOjLKQX6eGIGzQiJ.jpg
3437,2.0,12,3.2188426753688404,Cool as Ice (1991),7,https://image.tmdb.org/t/p/w500/fO0YbAJiMPFMquixdZgbC98I3MP.jpg
61,3.0,67,3.2187970417903267,Eye for an Eye (1996),"7, 16",https://image.tmdb.org/t/p/w500/s6IeDuUx5AuF66RSk7njc9RJYxk.jpg
3698,3.1986301369863015,730,3.2187542609016755,"Running Man, The (1987)","0, 1, 15",https://image.tmdb.org/t/p/w500/4tKUyNMhnhWeezI0AwLWc6tWyZG.jpg
3014,2.9183673469387754,49,3.2187178468670457,Bustin' Loose (1981),4,https://image.tmdb.org/t/p/w500/dOs3shYBvRjXG0XSdyKfh47iyYQ.jpg
3045,3.093220338983051,118,3.2186098451752154,Peter's Friends (1992),"4, 7",https://image.tmdb.org/t/p/w500/5HbfD84cSVKFL8Qz1oi0o7R6C1m.jpg
31,3.1134751773049647,141,3.2185776493808103,Dangerous Minds (1995),7,https://image.tmdb.org/t/p/w500/yWHWC8fJRp2kLgiFrEa8o3krOH9.jpg
152,3.0,69,3.218249021648084,"Addiction, The (1995)",10,https://image.tmdb.org/t/p/w500/1Yy8H2tKQ16mffLFRfxcBHKBdyF.jpg
2945,2.6785714285714284,28,3.2181806518627,Mike's Murder (1984),13,https://image.tmdb.org/t/p/w500/cOL77kZUxKqYmvc17WRAAm4Nk7q.jpg
716,2.6785714285714284,28,3.2181806518627,Switchblade Sisters (1975),5,https://image.tmdb.org/t/p/w500/oN7iuemGWGJqk9WBye7tq5LVhn0.jpg
2652,2.9215686274509802,51,3.2181573911415695,"Curse of Frankenstein, The (1957)",10,https://image.tmdb.org/t/p/w500/r9PDkqKhzdo54aqnOL88wUJY49B.jpg
2650,2.757575757575758,33,3.2180614344734364,"Ghost of Frankenstein, The (1942)",10,https://image.tmdb.org/t/p/w500/aGKJ2kjNXHCLyWKMx3b8D5kKCag.jpg
3721,2.5833333333333335,24,3.218011736942263,Trixie (1999),4,https://image.tmdb.org/t/p/w500/fWNoZeG9GYj1uCBWIAlE5BRL7ad.jpg
1632,2.45,20,3.2178410190607005,"Smile Like Yours, A (1997)","4, 14",https://image.tmdb.org/t/p/w500/7leSloggEARpFA3zWFQuLcQ6omt.jpg
3464,2.45,20,3.2178410190607005,Solar Crisis (1993),"15, 16",https://image.tmdb.org/t/p/w500/Hbv6CPtv4ehgE60dXOYKmIrcV1.jpg
2136,3.1486486486486487,222,3.2178369351403,"Nutty Professor, The (1963)",4,https://image.tmdb.org/t/p/w500/7HlhufckAoQb1yIu3FNu339Iuv4.jpg
2400,2.86046511627907,43,3.217827629496434,Prancer (1989),"3, 7",https://image.tmdb.org/t/p/w500/g3JfCGX9fgHwmmKFhRzu7BYc29d.jpg
328,3.111111111111111,144,3.2178269533898054,Tales From the Crypt Presents: Demon Knight (1995),10,https://image.tmdb.org/t/p/w500/1TekTWa1htkb554KDplTXskQupo.jpg
2430,3.111111111111111,144,3.2178269533898054,Mighty Joe Young (1949),"1, 3, 7",https://image.tmdb.org/t/p/w500/mvjyF85NJVWE0ipfdjoFiRNRLex.jpg
3235,3.0,71,3.217703739895059,Where the Buffalo Roam (1980),4,https://image.tmdb.org/t/p/w500/vRMeb4LN416PGvSgG0n063bc5ez.jpg
3933,2.25,16,3.217668469196506,"Killer Shrews, The (1959)","10, 15",https://image.tmdb.org/t/p/w500/2agTmqPg2we1gd4Fr1p2UNAMORI.jpg
1311,1.0,7,3.2176128225200205,Santa with Muscles (1996),4,https://image.tmdb.org/t/p/w500/ldxrT4FkyJWENpqy0ZucCu1HgAj.jpg
3162,2.4761904761904763,21,3.2175507578760763,Simpatico (1999),"4, 7",https://image.tmdb.org/t/p/w500/p6JglpvM6ERbZAYEW31gwvNprVZ.jpg
2712,3.201058201058201,945,3.217540665145414,Eyes Wide Shut (1999),7,https://image.tmdb.org/t/p/w500/knEIz1eNGl5MQDbrEAVWA7iRqF9.jpg
75,1.9166666666666667,12,3.2174940577019493,Big Bully (1996),"4, 7",https://image.tmdb.org/t/p/w500/dws3JR4Yi325Tz33XnuXEB6XjGr.jpg
554,2.6153846153846154,26,3.2174346046141564,Trial by Jury (1994),16,https://image.tmdb.org/t/p/w500/uYVGv35bMH7MybbfvWHEC9xQDMY.jpg
1473,2.825,40,3.217377314861592,Best Men (1997),"0, 4, 5, 7",https://image.tmdb.org/t/p/w500/dDutboDhQeIGZ0VOMI8RkM7MWm3.jpg
1689,3.1547619047619047,252,3.2172917409943915,"Man Who Knew Too Little, The (1997)","4, 13",https://image.tmdb.org/t/p/w500/yVlIZa0u6CTN5LudxGX77Fk46iz.jpg
3428,2.9491525423728815,59,3.2172122305466013,"Champ, The (1979)",7,https://image.tmdb.org/t/p/w500/8GyHL4TftI4SKVA8Jj9JpthhIu6.jpg
3943,3.0520833333333335,96,3.2171675878691643,Bamboozled (2000),4,https://image.tmdb.org/t/p/w500/oAg1mUUxdWJNLa6t1gctbQhXHVN.jpg
3497,3.0520833333333335,96,3.2171675878691643,Max Dugan Returns (1983),4,https://image.tmdb.org/t/p/w500/wYOmBIJwliiu43CwWqx79f8Zp8Z.jpg
2418,3.0727272727272728,110,3.2171195280357296,Nothing in Common (1986),4,https://image.tmdb.org/t/p/w500/m2G6Idl1CKJwOt8aFsnJk08sfDP.jpg
517,3.175392670157068,382,3.217068685367517,Rising Sun (1993),"0, 7, 13",https://image.tmdb.org/t/p/w500/nstOSqjuutx0nbDBom24dGwMTbD.jpg
1426,2.5217391304347827,23,3.216972549881721,Zeus and Roxanne (1997),3,https://image.tmdb.org/t/p/w500/igyTJ9cFwjcuzMM5oa0lknRyvYv.jpg
317,3.1918876755070205,641,3.2169075839372456,"Santa Clause, The (1994)","3, 4, 8",https://image.tmdb.org/t/p/w500/2aGtjBH3birXp5KvZgwr1fLZXsi.jpg
462,2.642857142857143,28,3.2168605198494986,"Good Man in Africa, A (1994)","0, 1",https://image.tmdb.org/t/p/w500/4BBZLZVEANsnCVqIF9fgf0bshQD.jpg
231,3.1924242424242424,660,3.21682032658222,Dumb & Dumber (1994),4,https://image.tmdb.org/t/p/w500/cvEi0xV7TUkabJGuzulhvbMjrHi.jpg
2055,2.8333333333333335,42,3.216813796222936,Hot Lead and Cold Feet (1978),"4, 19",https://image.tmdb.org/t/p/w500/fcV3wijcH4vInzsyM0yfwA6ZMaK.jpg
703,1.6,10,3.216730011880994,Boys (1996),7,https://image.tmdb.org/t/p/w500/kxpLUlvqptToQbLZJbQ7YO4MUAe.jpg
3638,3.191717791411043,652,3.216628189494025,Moonraker (1979),"0, 14, 15",https://image.tmdb.org/t/p/w500/6LrJdXNmu5uHOVALZxVYd44Lva0.jpg
3725,3.0714285714285716,112,3.216603498260244,American Pop (1981),"2, 12",https://image.tmdb.org/t/p/w500/9SQqCFZH8ziWuGY02DVUgj1YxqU.jpg
484,2.6551724137931036,29,3.216574612769934,Lassie (1994),"1, 3",https://image.tmdb.org/t/p/w500/5Tz2rzFivQKmMBz5T8Cj7M7CdnI.jpg
3732,2.9859154929577465,71,3.216454520657083,"Fury, The (1978)",10,https://image.tmdb.org/t/p/w500/rhT6dXxNn0x1HuK6nbTsbHfqmlc.jpg
2754,1.8333333333333333,12,3.2161454400350578,Deadtime Stories (1987),10,https://image.tmdb.org/t/p/w500/sXgvqL8pqaLERnuswBTxLxp0lBE.jpg
828,2.9074074074074074,54,3.216045748290996,"Adventures of Pinocchio, The (1996)","1, 3",https://image.tmdb.org/t/p/w500/rGPFPkUmPam6arT22ey8jWpKzL2.jpg
2755,2.6774193548387095,31,3.216005054287962,Light of Day (1987),7,https://image.tmdb.org/t/p/w500/hFXnASDyZd3i9TOuBPUtJRvfZsK.jpg
3563,1.9230769230769231,13,3.2158543350653135,"Crow: Salvation, The (2000)","0, 10",https://image.tmdb.org/t/p/w500/5JkLJ0HS1hGxZHok9pjBcLCpLuX.jpg
511,3.1052631578947367,152,3.215850078032893,"Program, The (1993)","0, 7",https://image.tmdb.org/t/p/w500/2tTmiwtfHzjnsvtiSMH4vxCNAsK.jpg
2559,2.5925925925925926,27,3.2158253057316526,"King and I, The (1999)","2, 3",https://image.tmdb.org/t/p/w500/kbEA2LEFh1MX9EraNQSiq9ajs24.jpg
3765,2.847826086956522,46,3.21569547876982,"Hot Spot, The (1990)","7, 14",https://image.tmdb.org/t/p/w500/320b0P6ogWiz7MuUs8f06rUNpTC.jpg
2409,3.1775280898876406,445,3.2156422680170245,Rocky II (1979),"0, 7",https://image.tmdb.org/t/p/w500/nMaiiu0CzT77U4JZkUYV7KqdAjK.jpg
1677,2.7567567567567566,37,3.215618843817345,Critical Care (1997),4,https://image.tmdb.org/t/p/w500/p4UPT3vvdKHsv6PbhvvtFm8w5Zx.jpg
218,3.128205128205128,195,3.2155455314072423,Boys on the Side (1995),"4, 7",https://image.tmdb.org/t/p/w500/2dhZnfBjiza5TupvOupRU4hFAcJ.jpg
731,2.851063829787234,47,3.2154176996600063,Heaven's Prisoners (1996),"13, 16",https://image.tmdb.org/t/p/w500/yUWVNHA3dVc1CmxNIcXZWqbqWc8.jpg
27,2.9344262295081966,61,3.2153976518481913,Now and Then (1995),7,https://image.tmdb.org/t/p/w500/kTZr6lYiNoucv2cVsSzMWJwyDro.jpg
107,3.1484375,256,3.21539507233485,Muppet Treasure Island (1996),"1, 3, 4, 12",https://image.tmdb.org/t/p/w500/8UL6EcZGO1ssD60azzOtUPjnOZI.jpg
1703,2.935483870967742,62,3.2151255133114276,For Richer or Poorer (1997),4,https://image.tmdb.org/t/p/w500/tPjqY9Qp5WOIBFKnyEpMBVwGr01.jpg
3263,3.188905547226387,667,3.2150174319985645,White Men Can't Jump (1992),4,https://image.tmdb.org/t/p/w500/jnI05Z2Cm9ACEJo8FGen7tdHKLl.jpg
3843,2.6333333333333333,30,3.214972802878203,Sleepaway Camp (1983),10,https://image.tmdb.org/t/p/w500/qladM9OMuGWfj2hdoj8NBpScLg9.jpg
313,2.888888888888889,54,3.2147694241046527,"Swan Princess, The (1994)","2, 3",https://image.tmdb.org/t/p/w500/2axXVpi3dKfESWzgncbakLB7o7f.jpg
46,3.108433734939759,166,3.2147089266175266,How to Make an American Quilt (1995),"7, 14",https://image.tmdb.org/t/p/w500/pI9UAemlWgdrnjRgYJsbTk8BSJc.jpg
2560,3.111111111111111,171,3.214627255731255,Ravenous (1999),"7, 10",https://image.tmdb.org/t/p/w500/6tJc9vIVYctNCajC1dU1oVcmIsD.jpg
1027,3.1627906976744184,344,3.214505676558915,Robin Hood: Prince of Thieves (1991),7,https://image.tmdb.org/t/p/w500/hbRnWUNJkKKVN5mkcuC5ooqjE4e.jpg
469,2.9565217391304346,69,3.2144919771897245,"House of the Spirits, The (1993)","7, 14",https://image.tmdb.org/t/p/w500/pS5xqILNBxcjRqLZROIkO4wszrU.jpg
3597,2.72972972972973,37,3.2143142123757276,Whipped (2000),4,https://image.tmdb.org/t/p/w500/jIVMqADXH1fEAlf8K19FoDZYh0U.jpg
207,3.132420091324201,219,3.214308744107533,"Walk in the Clouds, A (1995)","7, 14",https://image.tmdb.org/t/p/w500/xencQzZnUWDRAOUydjf9PWet8Ae.jpg
212,1.9285714285714286,14,3.2142190232494894,Bushwhacked (1995),4,https://image.tmdb.org/t/p/w500/j3H0POtvl0Tt4Meesvp7HX6JxAv.jpg
2283,2.918032786885246,61,3.2141326297103037,"Sheltering Sky, The (1990)",7,https://image.tmdb.org/t/p/w500/3ppPsDsg8hIK7XAp6Dyzj1mnFeU.jpg
984,2.6666666666666665,33,3.214127008243928,"Pompatus of Love, The (1996)","4, 7",https://image.tmdb.org/t/p/w500/i94UXzKj8OF1hUyXlT4BHvfgJZI.jpg
1825,2.6666666666666665,33,3.214127008243928,"Player's Club, The (1998)","0, 7",
2637,2.6666666666666665,33,3.214127008243928,"Mummy's Hand, The (1940)",10,https://image.tmdb.org/t/p/w500/jSSdvLkGXy4oICnSo5Cnz12B6Ae.jpg
626,2.263157894736842,19,3.2141240397942488,"Thin Line Between Love and Hate, A (1996)",4,https://image.tmdb.org/t/p/w500/wo9AGi5LlFXZUj8MDPq3eKCUMpd.jpg
3491,2.9393939393939394,66,3.2140438011137586,My Chauffeur (1986),4,https://image.tmdb.org/t/p/w500/kfNxWVRUuJbdRswHlxYf7XAUJD3.jpg
478,2.4583333333333335,24,3.214030316902449,Jimmy Hollywood (1994),4,https://image.tmdb.org/t/p/w500/sTLLLD6shSp6lrbIKa4v5N4wDso.jpg
3781,2.586206896551724,29,3.2139378296453462,Shaft in Africa (1973),"0, 5",https://image.tmdb.org/t/p/w500/z6yYpJBuRd1j5kldYd9vjbv9xfq.jpg
1383,1.5454545454545454,11,3.213736453458467,Adrenalin: Fear the Rush (1996),"0, 15",https://image.tmdb.org/t/p/w500/azeZdo0MfO3ZcDa0GzgAC7zVP5m.jpg
386,2.6,30,3.213656147183667,S.F.W. (1994),7,https://image.tmdb.org/t/p/w500/3bq91jWCReRrqlPn81alSoxeXoP.jpg
250,2.6,30,3.213656147183667,Heavyweights (1994),"3, 4",https://image.tmdb.org/t/p/w500/phjBzKsMySBz4NgKHPhPMTmIEjl.jpg
476,2.6857142857142855,35,3.2135668329444016,"Inkwell, The (1994)","4, 7",https://image.tmdb.org/t/p/w500/fpSEkRdmCRTnN0l2ELXUern7ntN.jpg
3518,2.8703703703703702,54,3.2134930999183093,"End of Violence, The (1997)","7, 16",https://image.tmdb.org/t/p/w500/2ejIzekqpeC2XnSdOrpCw9KYXxF.jpg
3528,3.155763239875389,321,3.2134905700009475,"Prince of Tides, The (1991)","7, 14",https://image.tmdb.org/t/p/w500/ry9qfPhPcmXb3AuV1jLKNMqnXL1.jpg
278,2.75,40,3.213478679384009,Miami Rhapsody (1995),4,https://image.tmdb.org/t/p/w500/joturqaJfAJ8XHPadT8kibgSpS4.jpg
2262,3.1564417177914113,326,3.213426663937466,About Last Night... (1986),"4, 7, 14",https://image.tmdb.org/t/p/w500/4CTXNbPVyvVaZVDh4U5AKRMIvSP.jpg
1792,3.171875,448,3.213394347164327,U.S. Marshalls (1998),"0, 16",
998,3.010752688172043,93,3.213096466609113,Set It Off (1996),"0, 5",https://image.tmdb.org/t/p/w500/wpiARyUqTfabzakAXHMIUY6Tl1A.jpg
2894,2.625,32,3.213095001688766,Romance (1999),"7, 14",https://image.tmdb.org/t/p/w500/q9aXqFqvoze1Nj8Hu7wjn0cTZfd.jpg
2653,2.761904761904762,42,3.2129252673830138,Son of Dracula (1943),10,https://image.tmdb.org/t/p/w500/pQTLdJ46WXPIix05EkcHAMDKUIw.jpg
201,2.6363636363636362,33,3.212815532834092,Three Wishes (1995),7,https://image.tmdb.org/t/p/w500/2WlY1JSRoDJkbPg53kxyKlHJu0b.jpg
2190,2.8461538461538463,52,3.2127598768854706,Why Do Fools Fall In Love? (1998),7,https://image.tmdb.org/t/p/w500/tSj2g6VdJ2UXeWk9wRa19SsxRFg.jpg
3389,2.710526315789474,38,3.2127320440208407,Let's Get Harry (1986),"0, 1",https://image.tmdb.org/t/p/w500/qyKxAZbcnzmn24oATeUX7DqQ7aB.jpg
430,2.4166666666666665,24,3.2127031768891774,Calendar Girl (1993),7,https://image.tmdb.org/t/p/w500/nh0p19vCPiuueRCgOaiMFIjNdSw.jpg
1417,2.7674418604651163,43,3.212649635968926,"Portrait of a Lady, The (1996)",7,https://image.tmdb.org/t/p/w500/yoUuMtWTQXzfARYE0nF7Nn7gRuS.jpg
2778,2.5517241379310347,29,3.212619438083052,Never Talk to Strangers (1995),16,https://image.tmdb.org/t/p/w500/qA5kyNSSg5W2soPvqgKaAWckIuM.jpg
2263,3.1028571428571428,175,3.2125725193875017,"Seventh Sign, The (1988)",16,https://image.tmdb.org/t/p/w500/vAgVzkPmfe2pcgzkpoz8cZ9i9wm.jpg
100,3.0625,128,3.212561916951598,City Hall (1996),"7, 16",https://image.tmdb.org/t/p/w500/w7EkAl4Oi8Lc6VQKaqRHrOV3CxR.jpg
3313,2.25,20,3.21250412779986,Class Reunion (1982),4,https://image.tmdb.org/t/p/w500/9Ci3ywt4fbrN6TP5iknNcQ1FHDf.jpg
2362,2.849056603773585,53,3.212487979279227,Glen or Glenda (1953),7,https://image.tmdb.org/t/p/w500/uZir2hA6VOmVNS6JdKb6RiYghTA.jpg
1341,2.849056603773585,53,3.212487979279227,Burnt Offerings (1976),10,https://image.tmdb.org/t/p/w500/2ipG69lXOjGMX7F7qxJQzUoiUsd.jpg
1355,2.961038961038961,77,3.212364344433968,Nightwatch (1997),"10, 16",https://image.tmdb.org/t/p/w500/2ueCI9QX9AGa4SzJgrvK1fONCa5.jpg
2975,3.036036036036036,111,3.212102134189167,"Best Man, The (1999)",7,https://image.tmdb.org/t/p/w500/nwx3W0NAv7OOgODBoYHh62yaKDs.jpg
1329,2.6666666666666665,36,3.2119815072318683,Blood For Dracula (Andy Warhol's Dracula) (1974),10,https://image.tmdb.org/t/p/w500/cLyCHzPT5kLBEPn4DMcqgNbjwke.jpg
2320,3.106951871657754,187,3.2119714607594054,Apt Pupil (1998),"7, 16",https://image.tmdb.org/t/p/w500/pU3fvfSvrs5pZFdODPCzoLk95Ws.jpg
2267,2.945945945945946,74,3.2119126867280587,Mortal Thoughts (1991),"13, 16",https://image.tmdb.org/t/p/w500/3Py7bFBsRjMVdOI5IlNSz6aa385.jpg
2417,2.945945945945946,74,3.2119126867280587,Heartburn (1986),"4, 7",https://image.tmdb.org/t/p/w500/pF1uPAi9TWRSRLf9SHfIDQle2NK.jpg
619,2.59375,32,3.2117818040525217,Ed (1996),4,https://image.tmdb.org/t/p/w500/oSNX3zyTpRMN0ExtOobt7eaJfPD.jpg
24,3.1794871794871793,624,3.2115048716557038,Powder (1995),"7, 15",https://image.tmdb.org/t/p/w500/kImKATjY4EsK5MDgrmpJdGbQEbq.jpg
2256,2.375,24,3.211376036875906,Parasite (1982),"10, 15",https://image.tmdb.org/t/p/w500/4DGPORlVIDIQvsuSDnM4uXKMjWS.jpg
274,2.375,24,3.211376036875906,Man of the House (1995),4,https://image.tmdb.org/t/p/w500/6bnOhhrrrq6RZhMgz4aGyqbJ9Wf.jpg
3400,2.5172413793103448,29,3.211301046520758,We're Back! A Dinosaur's Story (1993),"2, 3",https://image.tmdb.org/t/p/w500/iyFmhYlioe3PDZjSKWtcIhu5R02.jpg
418,2.5172413793103448,29,3.211301046520758,Being Human (1993),7,
433,2.7916666666666665,48,3.2112821141942063,Clean Slate (1994),4,https://image.tmdb.org/t/p/w500/kAYsvQvBVshLHGTIDGHcj9jTJq0.jpg
2298,1.8666666666666667,15,3.2112449211363265,Strangeland (1998),16,https://image.tmdb.org/t/p/w500/AhQh5rtPymR1J8daZc0FNXiSkU.jpg
2676,3.1353383458646618,266,3.211222344335505,Instinct (1999),"7, 16",https://image.tmdb.org/t/p/w500/8EKmzia6awjsqFxgBk5a82aTmb6.jpg
3623,3.1957349581111956,1313,3.211149005525579,Mission: Impossible 2 (2000),"0, 16",https://image.tmdb.org/t/p/w500/AkJQpZp9WoNdj7pLYSj1L0RcMMN.jpg
2260,2.795918367346939,49,3.2110107177726332,Wisdom (1986),"0, 5",https://image.tmdb.org/t/p/w500/jJiKZG7vauFCeax5Aj5fahrcKUO.jpg
2861,3.152542372881356,354,3.2106800588703237,For Love of the Game (1999),"4, 7",https://image.tmdb.org/t/p/w500/vkeKxoSXE1qMArcFNTNBBH8TjKZ.jpg
1853,2.0,17,3.210678960195573,"Alan Smithee Film: Burn Hollywood Burn, An (1997)",4,https://image.tmdb.org/t/p/w500/KSGv5uV6SJS7mUMlttvLfWA6Lv.jpg
3395,2.8363636363636364,55,3.21067156633014,Nadine (1987),4,https://image.tmdb.org/t/p/w500/mim8TLLXmD3ui03f9jVmOXGACv8.jpg
170,3.146417445482866,321,3.2106347870404526,Hackers (1995),"0, 5, 16",https://image.tmdb.org/t/p/w500/qfx2EENW1sOpKNVKLzr7VOhlxkt.jpg
2196,2.4444444444444446,27,3.2105377974699207,Knock Off (1998),0,https://image.tmdb.org/t/p/w500/hK7hKDA51FCbtFCuXZNiQ6gPq3S.jpg
3013,2.8923076923076922,65,3.210537248314657,Bride of Re-Animator (1990),"4, 10",https://image.tmdb.org/t/p/w500/7t9PmI65umna8yq0BPU9YoKn62I.jpg
1917,3.191891891891892,1110,3.2105310376656675,Armageddon (1998),"0, 1, 15, 16",https://image.tmdb.org/t/p/w500/eTM3qtGhDU8cvjpoa6KEt5E2auU.jpg
3520,2.5625,32,3.2104686064162773,How to Stuff a Wild Bikini (1965),4,https://image.tmdb.org/t/p/w500/285efVjhE5xMnKWVJDRieEcBqQd.jpg
1168,2.0555555555555554,18,3.2103971154327695,Bad Moon (1996),10,https://image.tmdb.org/t/p/w500/1RobAQaPIYV2PBmkb4XISbsQZPe.jpg
1629,3.018348623853211,109,3.2102228309910497,"MatchMaker, The (1997)","4, 14",https://image.tmdb.org/t/p/w500/weVi5PeimQfO3WjJldsvrTvMoMk.jpg
1804,3.033613445378151,119,3.2101023497772485,"Newton Boys, The (1998)","5, 7",https://image.tmdb.org/t/p/w500/9o8TJ0omiRyqshRs5yLNwtarsYD.jpg
3782,2.727272727272727,44,3.209789067596632,Shaft's Big Score! (1972),"0, 5",https://image.tmdb.org/t/p/w500/9iNj96mEU66sRi1aCRDzglDUaGn.jpg
2416,3.1497175141242937,354,3.2097571239372362,Back to School (1986),4,https://image.tmdb.org/t/p/w500/bIQH3dptGaMBtwos7j9lEHt65BV.jpg
202,2.5,30,3.209706180100059,Total Eclipse (1995),"7, 14",https://image.tmdb.org/t/p/w500/e0j1zDF3ITeTbGTXFGamosCxT4z.jpg
2751,2.814814814814815,54,3.209664127359279,From the Hip (1987),4,https://image.tmdb.org/t/p/w500/jkwzakMmaasylJc2Uj9LvL8bSOk.jpg
1581,2.847457627118644,59,3.209602845638548,Out to Sea (1997),4,https://image.tmdb.org/t/p/w500/de3GHQy3TJAVhgF6ys1aWpe5jWK.jpg
3898,2.7333333333333334,45,3.2095181972704907,Bait (2000),"0, 4",https://image.tmdb.org/t/p/w500/e2OIr4y90ZZjIRWQ0XBOVzpBn4x.jpg
2472,2.978494623655914,93,3.209449050195739,Tough Guys (1986),4,https://image.tmdb.org/t/p/w500/eDp0MPUSCeXrIziaZC65iUHISLs.jpg
3423,2.918918918918919,74,3.2094235765849346,School Daze (1988),7,https://image.tmdb.org/t/p/w500/vnfjKHcmah7ReMxLNF18JMXFgSZ.jpg
2715,2.227272727272727,22,3.2092772372401797,"Velocity of Gary, The (1998)","4, 14",https://image.tmdb.org/t/p/w500/8wQlK0QukCXXmvmDARAx65wnX4j.jpg
463,2.74468085106383,47,3.208978549627811,Guilty as Sin (1993),"5, 7, 16",https://image.tmdb.org/t/p/w500/a5b53cYM23bUA7OyoNyDtIJ38kc.jpg
498,2.74468085106383,47,3.208978549627811,Mr. Jones (1993),"7, 14",https://image.tmdb.org/t/p/w500/rmAnfar51B0qSQ1Wkix0iKtUUnx.jpg
2307,2.6315789473684212,38,3.2088232492325672,One Tough Cop (1998),"0, 7",https://image.tmdb.org/t/p/w500/h2qnLnrVD1cts0rCZcRjENVykNo.jpg
3454,2.697674418604651,43,3.2087661408232946,Whatever It Takes (2000),"4, 14",https://image.tmdb.org/t/p/w500/u9UtZNMj2m7dtOP6RcMAeRfqmnF.jpg
3452,3.1419939577039275,331,3.2086486032871244,Romeo Must Die (2000),"0, 14",https://image.tmdb.org/t/p/w500/zKrnaTWW63y4Q1XLrdZQyQmcRWd.jpg
423,3.1085972850678734,221,3.2085974158716413,Blown Away (1994),"0, 16",https://image.tmdb.org/t/p/w500/pLmMaqMgJMOOtua41l7ocvzLS1t.jpg
3940,1.7333333333333334,15,3.2085585544472734,"Slumber Party Massacre III, The (1990)",10,https://image.tmdb.org/t/p/w500/rtwbZi9dIs9pcTi2pQFtLxUUonB.jpg
472,2.7045454545454546,44,3.2084962427743955,I'll Do Anything (1994),"4, 7",https://image.tmdb.org/t/p/w500/q7CFDCUNfuOxZssINLGkPE9m2l1.jpg
3016,3.1588366890380315,447,3.208475855321713,Creepshow (1982),10,https://image.tmdb.org/t/p/w500/4SoyTCEpsgLjX6yAyMsx3AsAyRQ.jpg
499,2.7551020408163267,49,3.208441674741162,Mr. Wonderful (1993),"4, 14",https://image.tmdb.org/t/p/w500/AtUjyMEXPR41JWZzGfHEzgmrrHq.jpg
2561,3.0381679389312977,131,3.208334507595578,True Crime (1999),"5, 16",https://image.tmdb.org/t/p/w500/nPYe83tWVSwVFRyWa6f5aaE7bbu.jpg
1866,3.0899470899470898,189,3.2082437058094664,"Big Hit, The (1998)","0, 4",https://image.tmdb.org/t/p/w500/nMhPX99PvJ1WaIo8CRgEyJYHJtR.jpg
240,2.7111111111111112,45,3.208227041686243,Hideaway (1995),16,https://image.tmdb.org/t/p/w500/cYWjgxgIJrak0BTemkij3gOCbMa.jpg
1769,3.1379310344827585,319,3.208175339805432,"Replacement Killers, The (1998)","0, 16",https://image.tmdb.org/t/p/w500/5JAVd0lYhkB2dsDtt84Qt6grNIn.jpg
447,2.4838709677419355,31,3.2081155079368777,"Favor, The (1994)","4, 14",https://image.tmdb.org/t/p/w500/dsCqRvz6PqIXQCqTwWDx3QUBumy.jpg
2992,2.4838709677419355,31,3.2081155079368777,Rawhead Rex (1986),"10, 16",https://image.tmdb.org/t/p/w500/vIEaIVlV5XRIUVoaptsymIexaL2.jpg
1487,3.067901234567901,162,3.207820351975317,Selena (1997),"7, 12",https://image.tmdb.org/t/p/w500/j8xX3yBAFOayfSaImgLZPnAcdWz.jpg
372,3.1542056074766354,428,3.207578266769758,Reality Bites (1994),"4, 7",https://image.tmdb.org/t/p/w500/qGDhodtpkpxkrFqokenGNJlzt6w.jpg
1353,3.0851063829787235,188,3.207380756170022,"Mirror Has Two Faces, The (1996)","4, 14",https://image.tmdb.org/t/p/w500/ekk8MKMp3tlJjcMuhOgKsMCRrvR.jpg
3610,2.5294117647058822,34,3.207297765273078,Roustabout (1964),12,https://image.tmdb.org/t/p/w500/nzB1aQauY8GTu1SCQV3EcGOqjXF.jpg
2164,2.05,20,3.2071672365390196,Surf Nazis Must Die (1987),7,https://image.tmdb.org/t/p/w500/gVECT5DHulQJyo9oqS1tdDSGowI.jpg
748,3.1510791366906474,417,3.206953199987785,"Arrival, The (1996)","0, 15, 16",https://image.tmdb.org/t/p/w500/m5HSlaNCzwV95rAriDmT19el5h1.jpg
1489,2.5675675675675675,37,3.206486423726021,Cats Don't Dance (1997),"2, 3, 12",https://image.tmdb.org/t/p/w500/yVeDxSPVh8r8dFqc5XSZ9T8xvHR.jpg
709,3.0416666666666665,144,3.2063787564808184,Oliver & Company (1988),"2, 3",https://image.tmdb.org/t/p/w500/x8XqdiZ0Oxu5iXF9SiFub9Lae8J.jpg
1334,3.136094674556213,338,3.2063436475747027,"Blob, The (1958)","10, 15",https://image.tmdb.org/t/p/w500/tH4Jvr2Rg7UQFqcndE6Mws4p7sP.jpg
2581,3.168269230769231,624,3.206333094780935,Never Been Kissed (1999),"4, 14",https://image.tmdb.org/t/p/w500/6BngDhDNfbBjhVFWDT2yMve32vi.jpg
2876,2.6511627906976742,43,3.2061771440595406,Thumbelina (1994),"2, 3",https://image.tmdb.org/t/p/w500/eBvSSfwAKgcjF4eyaeNSzTCpfaF.jpg
1330,3.0,116,3.206116905719687,April Fool's Day (1986),"4, 10",https://image.tmdb.org/t/p/w500/bdssdn6dNC2hGzc2j7IgQT2VDjQ.jpg
867,2.2083333333333335,24,3.2060674768228203,Carpool (1996),"4, 5",https://image.tmdb.org/t/p/w500/vuxXNa3AXoektfVhbJkXCA1Zj8M.jpg
3249,3.135294117647059,340,3.2059577782010242,"Hand That Rocks the Cradle, The (1992)",16,https://image.tmdb.org/t/p/w500/1fBnyO3SbNBplck45js6O4pQaLw.jpg
3922,2.58974358974359,39,3.2059490485178856,Bikini Beach (1964),4,https://image.tmdb.org/t/p/w500/wKz35312Lzg8yCpcVpJ4xJbz78g.jpg
3525,3.138888888888889,360,3.205848411001372,Bachelor Party (1984),4,https://image.tmdb.org/t/p/w500/e13l09zruyTLsxnr5gMwuxA767E.jpg
1624,2.72,50,3.205608523137903,"Thousand Acres, A (1997)",7,https://image.tmdb.org/t/p/w500/p7tsW4oUi7hHbpNtFZdMQEBj42g.jpg
1990,1.6875,16,3.20559603458886,Prom Night IV: Deliver Us From Evil (1992),10,https://image.tmdb.org/t/p/w500/tjq1iWClSBCfi3SjpVJblOU6q4F.jpg
1746,2.7636363636363637,55,3.2055727772925366,Senseless (1998),4,https://image.tmdb.org/t/p/w500/rqy7OFHWy1NMjmgjyI8XYcl0VU5.jpg
1822,2.0476190476190474,21,3.2055587525462963,Meet the Deedles (1998),"3, 4",https://image.tmdb.org/t/p/w500/fJw73MvTkSdYloesTQSS1zi3IsL.jpg
3861,3.103734439834025,241,3.205329050784127,"Replacements, The (2000)",4,https://image.tmdb.org/t/p/w500/6qerI41HqkdRlio1sG0d5HLZcFN.jpg
1841,2.9473684210526314,95,3.2053024181758585,"Gingerbread Man, The (1998)","7, 16",https://image.tmdb.org/t/p/w500/1bfWAXuFjsZAslkA2HqFU30OZ2b.jpg
3838,2.619047619047619,42,3.2051482097031694,Phantasm III: Lord of the Dead (1994),10,https://image.tmdb.org/t/p/w500/uFv3H39YgyL568PTse5jGB6Ll8a.jpg
3247,3.1681681681681684,666,3.2051392646262955,Sister Act (1992),"4, 5",https://image.tmdb.org/t/p/w500/xZvVSZ0RTxIjblLV87vs7ADM12m.jpg
3120,3.0153846153846153,130,3.205086496551478,"Distinguished Gentleman, The (1992)",4,https://image.tmdb.org/t/p/w500/ny722xPMhsY6JlRmQQjLZs7JP0S.jpg
1816,2.9603960396039604,101,3.205023291735093,Two Girls and a Guy (1997),"4, 7",https://image.tmdb.org/t/p/w500/9Hj90OgXLBReJCAGqOOzzxjZfCh.jpg
2587,2.9607843137254903,102,3.2047767213301204,Life (1999),4,https://image.tmdb.org/t/p/w500/saWYpX3ADdmdByQZVrSYUNbQ9GC.jpg
656,2.5641025641025643,39,3.20464781234352,Eddie (1996),4,https://image.tmdb.org/t/p/w500/rHtaxlruktq1yUWX13qdJZx4GHl.jpg
2124,3.169467787114846,714,3.2045527147807373,"Addams Family, The (1991)",4,https://image.tmdb.org/t/p/w500/ld7YB9vBRp1GM1DT3KmFWSmtBPB.jpg
1541,3.1,240,3.204509379872094,Addicted to Love (1997),"4, 14",https://image.tmdb.org/t/p/w500/sRfuSc6E9GvVaOHdPv4vG3ywfMw.jpg
486,2.8125,64,3.204501378432256,Life with Mikey (1993),4,https://image.tmdb.org/t/p/w500/dKsvF5t5xsm17HG3GJzQQGJpJzP.jpg
1609,2.7454545454545456,55,3.2042980800331358,187 (1997),7,https://image.tmdb.org/t/p/w500/aPXX2TIcOuEU6yXoPXRixaf1YBl.jpg
1457,3.1090225563909772,266,3.2041907019447464,Fools Rush In (1997),"4, 14",https://image.tmdb.org/t/p/w500/14zKnK5ZB2kyYwLiij0ULN1HQ9.jpg
3276,2.652173913043478,46,3.204090062909085,Gun Shy (2000),4,https://image.tmdb.org/t/p/w500/iMCuGjQu5LsS6hyr5KmRDNqcomy.jpg
3941,2.0454545454545454,22,3.203954549282761,Sorority House Massacre (1986),10,https://image.tmdb.org/t/p/w500/oU2i9iabbzBbDdKxv1PqQjoqSbw.jpg
3917,3.111111111111111,279,3.2035417390044576,Hellraiser (1987),10,https://image.tmdb.org/t/p/w500/3Z0oPHyLnk3Vx6ZMC1MiVwIrKhO.jpg
1363,2.9732142857142856,112,3.203531602835407,"Preacher's Wife, The (1996)",7,https://image.tmdb.org/t/p/w500/z1mU4g9poAgoDQRNLcfNdj3iiMs.jpg
1668,2.5384615384615383,39,3.2033465761691544,One Night Stand (1997),7,https://image.tmdb.org/t/p/w500/h6aDoPEyK4rgp4MiuRvQjepoyZx.jpg
2095,2.9734513274336285,113,3.203290022297917,"Shaggy D.A., The (1976)","3, 4",https://image.tmdb.org/t/p/w500/cSVu5gGSelx2QOykeEG5lEuzD1L.jpg
1989,1.4666666666666666,15,3.2031858210691673,Prom Night III: The Last Kiss (1989),10,https://image.tmdb.org/t/p/w500/bJOpzoUXeYhruTAc3PBbvKAeLpd.jpg
537,3.077294685990338,207,3.203173351613449,Sirens (1994),"4, 7",https://image.tmdb.org/t/p/w500/bOUDHgOlxANs1KsYZEsLSjZBTkd.jpg
54,2.5609756097560976,41,3.2028187459909088,"Big Green, The (1995)","3, 4",https://image.tmdb.org/t/p/w500/gnOcJuyKWb3pR1lj4qpzSaThPrn.jpg
2195,3.0074074074074075,135,3.2027436018345807,Dirty Work (1998),4,https://image.tmdb.org/t/p/w500/pLkeHxzyTK5F2TGWruTkebtPKtd.jpg
3704,3.1662049861495847,722,3.2027363718814987,Mad Max Beyond Thunderdome (1985),"0, 15",https://image.tmdb.org/t/p/w500/jJlxcEVVUHnrUeEkQ0077VeHQpb.jpg
2405,3.163447251114413,673,3.2026893716834186,"Jewel of the Nile, The (1985)","0, 1, 4, 14",https://image.tmdb.org/t/p/w500/9YwcSWMseARiILBXJ1DAKvzmrq6.jpg
1170,1.6470588235294117,17,3.2026414518231685,Best of the Best 3: No Turning Back (1995),0,https://image.tmdb.org/t/p/w500/ynMnizF7mCmjDe4fXuZog6Vu8i5.jpg
2605,3.168597168597169,777,3.202636471149018,Entrapment (1999),"5, 16",https://image.tmdb.org/t/p/w500/onEHQY4M22CluNfocJRGsVg0dK6.jpg
3488,2.0,22,3.202623877293407,"Hideous Sun Demon, The (1959)","10, 15",https://image.tmdb.org/t/p/w500/maXa8CxQnMFn2RZC8hBOeexrrYt.jpg
1798,2.5714285714285716,42,3.202555857143221,Hush (1998),16,https://image.tmdb.org/t/p/w500/zHzBTd502IZf60x8n2g0TB01vPF.jpg
2884,2.5714285714285716,42,3.202555857143221,Dog Park (1998),"4, 14",https://image.tmdb.org/t/p/w500/9B5ZKG8Ht1xacz61x3sRovY6glG.jpg
3691,2.5714285714285716,42,3.202555857143221,Private School (1983),4,https://image.tmdb.org/t/p/w500/30sxf5L0KELxQaUe7SOSR1UpqpI.jpg
1771,2.6382978723404253,47,3.202539399595615,Night Flier (1997),10,
3921,2.6382978723404253,47,3.202539399595615,Beach Party (1963),4,https://image.tmdb.org/t/p/w500/mKNoer8eOcIXzB3248CTMOWockh.jpg
3839,2.6382978723404253,47,3.202539399595615,Phantasm IV: Oblivion (1998),10,https://image.tmdb.org/t/p/w500/2ObCyiWBJKfc8GNluNfjvVypmmq.jpg
779,2.6923076923076925,52,3.20252315263723,'Til There Was You (1997),"7, 14",https://image.tmdb.org/t/p/w500/ndbW89bKquf5gMXgncY2fCkrIa.jpg
3459,2.774193548387097,62,3.2024912745243146,Gothic (1986),"7, 10",https://image.tmdb.org/t/p/w500/xGXj6wpJimmWkQMahZryM7xB9EX.jpg
2656,2.774193548387097,62,3.2024912745243146,Tarantula (1955),"10, 15",https://image.tmdb.org/t/p/w500/gPjlVSys2CJP1aQKXnhj4kKDxrB.jpg
2540,3.032051282051282,156,3.2024526750829985,"Corruptor, The (1999)","0, 5, 7, 16",https://image.tmdb.org/t/p/w500/ejbmUNVtqZIkZf2cE5Ws5c9FiWA.jpg
885,2.5813953488372094,43,3.2022936489139093,Bogus (1996),"3, 7, 8",https://image.tmdb.org/t/p/w500/unp3wg7uzIV3HikMexGQJpO0OHc.jpg
3157,3.15,520,3.201898234322525,Stuart Little (1999),"3, 4",https://image.tmdb.org/t/p/w500/362lcwTJlNyAhitTlp2UraECISR.jpg
886,2.9423076923076925,104,3.201885835376119,Bulletproof (1996),0,https://image.tmdb.org/t/p/w500/fWptnYgquQnu7MoCc80xCeCGPz8.jpg
569,2.93,100,3.2016538201157263,Little Big League (1994),"3, 4",https://image.tmdb.org/t/p/w500/ps0GapKs4vuV38XX6VUbTZm8QS6.jpg
74,2.975,120,3.2016148837975225,Bed of Roses (1996),"7, 14",https://image.tmdb.org/t/p/w500/e0Eho8TETw1RhvX9MH9i19Xf1iM.jpg
2718,3.1305483028720626,383,3.2015926685716813,Drop Dead Gorgeous (1999),4,https://image.tmdb.org/t/p/w500/o5eNjo6K342ftiuUIwnImYiFMvf.jpg
3673,2.3225806451612905,31,3.20154088597764,Benji the Hunted (1987),"1, 3",https://image.tmdb.org/t/p/w500/g4mlRGzUKCXfRDUJqSRPY0mKPMC.jpg
3544,2.917525773195876,97,3.2011758545505082,Shakes the Clown (1991),4,https://image.tmdb.org/t/p/w500/nfTWQ7GfH462FVmYEGQB1oHR6H4.jpg
1848,3.0451977401129944,177,3.201072083602863,"Borrowers, The (1997)","1, 3, 4, 8",https://image.tmdb.org/t/p/w500/kgaocWyuxihDe5aNqok6fORIHnY.jpg
3707,3.0843881856540083,237,3.201005529007755,Nine 1/2 Weeks (1986),7,https://image.tmdb.org/t/p/w500/aE1iunrgO8UHfoXKJcjCy4Ih17n.jpg
662,2.984375,128,3.200900109371423,Fear (1996),16,https://image.tmdb.org/t/p/w500/asCLy4s7HYP3zSRlLP4Qgme5L0A.jpg
1600,2.869047619047619,84,3.200702942576515,She's So Lovely (1997),"7, 14",https://image.tmdb.org/t/p/w500/nfwXLVvYNLVzrH99BmtI4z98LhD.jpg
3837,2.8876404494382024,89,3.2006986484862496,Phantasm II (1988),10,https://image.tmdb.org/t/p/w500/cZ5mPtOXcvmg224oBM2k1db5Fnn.jpg
3340,2.8028169014084505,71,3.2002146705633914,Bride of the Monster (1956),"10, 15",https://image.tmdb.org/t/p/w500/mk9uXv3MGHu2FGRAlqatMtGlk0z.jpg
609,2.7761194029850746,67,3.1999646500765793,Homeward Bound II: Lost in San Francisco (1996),"1, 3",https://image.tmdb.org/t/p/w500/kfYawa9SF9MQ3ae0TXAfhDLFGv7.jpg
3674,2.595744680851064,47,3.1999637395827367,For the Love of Benji (1977),"1, 3",https://image.tmdb.org/t/p/w500/iqB2iwZnteFdWH9rL50objGwmNk.jpg
1881,2.7794117647058822,68,3.199713910703442,Quest for Camelot (1998),"1, 2, 3, 8",https://image.tmdb.org/t/p/w500/pLfFEQ9HTw0HRvBkW3nI9RUze03.jpg
3804,2.5348837209302326,43,3.1997046521501553,H.O.T.S. (1979),4,https://image.tmdb.org/t/p/w500/yFFjXCrC2HtKVIsglloj0q3VMlJ.jpg
736,3.1738738738738737,1110,3.199658517959225,Twister (1996),"0, 1, 14, 16",https://image.tmdb.org/t/p/w500/f3Wf4mR6SmqzLae7extudBfpL4b.jpg
89,3.074235807860262,229,3.1995533059843457,Nick of Time (1995),"0, 16",https://image.tmdb.org/t/p/w500/A1FJwUVg84sQSjHVz5jVMXQvifJ.jpg
1191,3.062200956937799,209,3.1995437866659513,Madonna: Truth or Dare (1991),6,https://image.tmdb.org/t/p/w500/kJHCqwDgS9MEhdChIkGn7QAUoyL.jpg
1167,2.893617021276596,94,3.1994800774571894,Dear God (1996),4,https://image.tmdb.org/t/p/w500/mHc6hY6Rv7S7kS50vW2vVdHWG79.jpg
882,2.711864406779661,59,3.199456999094477,"Trigger Effect, The (1996)","7, 16",https://image.tmdb.org/t/p/w500/9LZLXVwhhmkdye4JXoLP06fm5G2.jpg
3797,2.206896551724138,29,3.199435522460112,"In Crowd, The (2000)",16,https://image.tmdb.org/t/p/w500/A3EtPBwTZe1Dfx1xvjCtReUxDsD.jpg
2452,1.6842105263157894,19,3.1994279810100137,"Gate II: Trespassers, The (1990)",10,https://image.tmdb.org/t/p/w500/yBHNb2uzdnTA9oKh0UiiR9zILZm.jpg
2334,3.1243523316062176,386,3.1992575919193147,"Siege, The (1998)","0, 16",https://image.tmdb.org/t/p/w500/jrqVxuV6pZbFEsT5kLePQYWTPFB.jpg
1647,2.8777777777777778,90,3.199233488451489,Playing God (1997),"5, 16",https://image.tmdb.org/t/p/w500/5eXtK7BQMAYVktjVf78s0scMTdX.jpg
3590,2.8588235294117648,85,3.1992287830398958,"Lords of Flatbush, The (1974)",4,https://image.tmdb.org/t/p/w500/zmXNjWFK4zlkStngN2qdVZ9Vprh.jpg
1604,2.753846153846154,65,3.1992093691453682,Money Talks (1997),"0, 4",https://image.tmdb.org/t/p/w500/bN57Rl003E9pYred5kw9Rp8h9Np.jpg
2613,3.096085409252669,281,3.1991804490707523,Night of the Comet (1984),"0, 10, 15",https://image.tmdb.org/t/p/w500/xQIBwbwwKVjdkHurv3r82BUdNSq.jpg
3457,2.99290780141844,141,3.199048643062602,Waking the Dead (1999),7,https://image.tmdb.org/t/p/w500/nI9p0VepexRr87zAzYsuQIVw5xW.jpg
1876,3.166480446927374,895,3.198997749329637,Deep Impact (1998),"0, 7, 15, 16",https://image.tmdb.org/t/p/w500/a3vQS7JKqlOb3MdVJHuTCP9s7Mg.jpg
2356,2.8958333333333335,96,3.198996782296784,Celebrity (1998),4,https://image.tmdb.org/t/p/w500/3pbcMORRjqYgfx87CXexLw32gk.jpg
2641,3.1643026004728134,846,3.198839634265944,Superman II (1980),"0, 1, 15",https://image.tmdb.org/t/p/w500/3xk5cno9BHcnwc97XO9k21aI1Zi.jpg
2431,3.1371308016877637,474,3.198813330939755,Patch Adams (1998),"4, 7",https://image.tmdb.org/t/p/w500/xN1aKur5ddWQSXTqvzDPJD2TCxe.jpg
1332,2.911764705882353,102,3.1987634922260915,"Believers, The (1987)","10, 16",https://image.tmdb.org/t/p/w500/xbcWMUd63MRIqF1INk1F2xVuwzb.jpg
203,3.0541871921182264,203,3.19868294239785,"To Wong Foo, Thanks for Everything! Julie Newmar (1995)",4,https://image.tmdb.org/t/p/w500/vosbsu1ImLaBMFtBjSETjeRrMwg.jpg
2286,2.511627906976744,43,3.1984101537682785,"Fiendish Plot of Dr. Fu Manchu, The (1980)",4,https://image.tmdb.org/t/p/w500/cl1YGv5RQCWs8Tsc5SwBfPIfvMP.jpg
1867,2.4210526315789473,38,3.1983997964638373,Tarzan and the Lost City (1998),"0, 1",https://image.tmdb.org/t/p/w500/kp4gfmC7O10lAuBCDn1cbnPdudU.jpg
2826,3.1586666666666665,750,3.1982236186454847,"13th Warrior, The (1999)","0, 10, 16",https://image.tmdb.org/t/p/w500/pj1IQQ7ajwaOrjjTCxyM1L4mSnX.jpg
2445,2.7972972972972974,74,3.1982225809408775,At First Sight (1999),7,https://image.tmdb.org/t/p/w500/vgxWnCUWtxK8roLUOnjhx16E2jq.jpg
2589,2.734375,64,3.1982001812047827,Friends & Lovers (1999),"4, 7, 14",https://image.tmdb.org/t/p/w500/5zh1PQPN7dl8BX2zdaEYyiNRNXp.jpg
1679,1.9583333333333333,24,3.1981046367431922,Chairman of the Board (1998),4,https://image.tmdb.org/t/p/w500/1eGB1EjaUjGbiuPBAqndlO3khyn.jpg
1410,2.8666666666666667,90,3.1980132321976757,"Evening Star, The (1996)","4, 7",https://image.tmdb.org/t/p/w500/6zIiLTLhcOVeyxxdwhRHDbP5wYG.jpg
707,3.0872727272727274,275,3.197383617507213,Mulholland Falls (1996),"5, 9, 16",https://image.tmdb.org/t/p/w500/tT5rYDXloX5ZxISr8HdlRC9TBcP.jpg
3239,2.3783783783783785,37,3.197354003634697,Isn't She Great? (2000),4,https://image.tmdb.org/t/p/w500/ikmulTGVfW6jYYNz4iO5yoN7dla.jpg
1627,3.076,250,3.1973168389851914,U Turn (1997),"0, 5, 13",https://image.tmdb.org/t/p/w500/d5wL2axBtieecnAD6X4HMgrkXGp.jpg
2146,3.1107954545454546,352,3.197200040486357,St. Elmo's Fire (1985),"7, 14",https://image.tmdb.org/t/p/w500/g2SL3XHJas7hebZ2hhTrYLpKToD.jpg
1003,2.9421487603305785,121,3.196674713446203,Extreme Measures (1996),"7, 16",https://image.tmdb.org/t/p/w500/uowP2Nw2mLpQni1vtbUb1LUSiP0.jpg
2566,2.425,40,3.1965845923144833,Doug's 1st Movie (1999),"2, 3",https://image.tmdb.org/t/p/w500/hZduJdSSWCkmvnBpNyRaIszubVm.jpg
426,3.0817843866171004,269,3.1965666938267354,Body Snatchers (1993),"10, 15, 16",https://image.tmdb.org/t/p/w500/s8WdtuOBvfEsuPtbQVpNfEgd5aR.jpg
3331,2.3142857142857145,35,3.1965622547887445,My Tutor (1983),7,https://image.tmdb.org/t/p/w500/gMIEasZXQImHpRHos5XsVg80ERV.jpg
3483,3.011904761904762,168,3.1964031685637826,"Road to El Dorado, The (2000)","2, 3",https://image.tmdb.org/t/p/w500/ryXm7xp4aqQyda0FU2eMfHehPBg.jpg
1335,1.7142857142857142,21,3.1962316372898005,Blood Beach (1981),"0, 10",https://image.tmdb.org/t/p/w500/3BfSQmwTm8LGv2KZKcDJnFuBbIC.jpg
3931,2.037037037037037,27,3.1959971497501587,"Giant Gila Monster, The (1959)","10, 15",https://image.tmdb.org/t/p/w500/o7LI2NQ0KtDaVaIYYhZ9PHFDV37.jpg
2886,2.242424242424242,33,3.195766352506223,"Adventures of Elmo in Grouchland, The (1999)","3, 4",https://image.tmdb.org/t/p/w500/5uGpPr0ZR0DxRNa4A60NftHTOoX.jpg
2297,3.1070422535211266,355,3.1957324516237855,What Dreams May Come (1998),"7, 14",https://image.tmdb.org/t/p/w500/2gUfJKfJ6LwdqQebiAWuNzIWyp9.jpg
2878,2.264705882352941,34,3.19550994601964,Hell Night (1981),10,https://image.tmdb.org/t/p/w500/gCUksQvJV6hoqvDDyLhxxxicRBd.jpg
3857,2.6666666666666665,60,3.1954044886459725,Bless the Child (2000),16,https://image.tmdb.org/t/p/w500/s1RGEF8xIA6ecF8W4do8CaWI0yE.jpg
840,2.56,50,3.1953455340423287,House Arrest (1996),4,https://image.tmdb.org/t/p/w500/mpQg8IgbmrMY0skgpTXBA9EhiWy.jpg
550,3.0168539325842696,178,3.1953408746953116,Threesome (1994),"4, 14",https://image.tmdb.org/t/p/w500/vR6qwjChOV4Z9940VA9chucNpne.jpg
3509,2.847826086956522,92,3.195096584036513,Black and White (1999),7,https://image.tmdb.org/t/p/w500/uzFgLnuvC7IngemxqpplSx1Zq8R.jpg
2040,2.9453125,128,3.1950692055813357,"Computer Wore Tennis Shoes, The (1970)","3, 4",https://image.tmdb.org/t/p/w500/vXfUKvAHTIifAU7IP17kl1ZBGh6.jpg
3939,1.9615384615384615,26,3.194932950080735,"Slumber Party Massacre II, The (1987)",10,https://image.tmdb.org/t/p/w500/n1j7gCi3g2puzqyn7A2rPntHqjx.jpg
1523,2.6315789473684212,57,3.19487837735028,"Truth or Consequences, N.M. (1997)","0, 5, 14",https://image.tmdb.org/t/p/w500/5SqRSTVbvBrM6s2rPa5U34Hcryu.jpg
813,2.5106382978723403,47,3.19481241955698,Larger Than Life (1996),4,https://image.tmdb.org/t/p/w500/jdpEVxE5IUQv1qEBxWcQM49qDF9.jpg
343,2.4285714285714284,42,3.1947787994633767,"Baby-Sitters Club, The (1995)",3,https://image.tmdb.org/t/p/w500/juT5eKRDhmluaiVhymjViyXArCq.jpg
1588,3.083044982698962,289,3.1946704406342614,George of the Jungle (1997),"3, 4",https://image.tmdb.org/t/p/w500/hMJbCWC9EpkVNKM3KaIOElCQIrT.jpg
1352,2.851063829787234,94,3.1946227611244633,Albino Alligator (1996),"5, 16",https://image.tmdb.org/t/p/w500/jOyV5Rb1MaMUl6XrWWossVTm7BA.jpg
786,3.123913043478261,460,3.194427779559475,Eraser (1996),"0, 16",https://image.tmdb.org/t/p/w500/uu2gBpFElDfxTI6BI9bT4pZ4kvw.jpg
1837,2.6875,64,3.1944194628682987,"Odd Couple II, The (1998)",4,https://image.tmdb.org/t/p/w500/aTajf9LOrL1pok7KnzoHKFJJyWD.jpg
2802,3.088235294117647,306,3.1943716502037613,Tequila Sunrise (1988),"0, 14, 16",https://image.tmdb.org/t/p/w500/8LoG0GL5N5e7zvvXezwwGnUfRHL.jpg
3577,2.65,60,3.194137864200121,Two Moon Juction (1988),7,
3173,3.1262939958592133,483,3.1940386340503055,Any Given Sunday (1999),7,https://image.tmdb.org/t/p/w500/bysZeUvSPZPJnku4qkHF34CdgMG.jpg
3884,2.375,40,3.193985501996095,"Crew, The (2000)",4,https://image.tmdb.org/t/p/w500/rvuQCsZBaZ1k254gubEojOz9zss.jpg
3343,2.375,40,3.193985501996095,And God Created Woman (1988),"4, 7, 14",https://image.tmdb.org/t/p/w500/taznRSey1cI962s1h8RqOmBDOY.jpg
2790,2.6557377049180326,61,3.1938922755041053,"Final Conflict, The (a.k.a. Omen III: The Final Conflict) (1981)",10,https://image.tmdb.org/t/p/w500/jDW2C77QNMQe6Lp2jeqAQXe2uaX.jpg
1756,2.549019607843137,51,3.19381402150672,"Prophecy II, The (1998)",10,https://image.tmdb.org/t/p/w500/paHyRgF3uBMvK3i4YRjJ9wwFxbH.jpg
2789,2.993939393939394,165,3.1937080422425885,Damien: Omen II (1978),10,https://image.tmdb.org/t/p/w500/nZBPvfAgy0GBTEw9YxAuWhoPj96.jpg
2252,3.0161290322580645,186,3.193633909105402,Hero (1992),"4, 7",https://image.tmdb.org/t/p/w500/uJSDj8S0Fes1yhvxyomCQ1BmbtR.jpg
1646,2.8181818181818183,88,3.1936047018788933,Rocket Man (1997),4,https://image.tmdb.org/t/p/w500/7kNgMq0d88f7MbGA1Bm8UsWTbkc.jpg
510,2.4047619047619047,42,3.1934826231834026,Poetic Justice (1993),7,https://image.tmdb.org/t/p/w500/fOtMHxhYaCQcu3dwWpg7lz4Bqo0.jpg
2667,2.6206896551724137,58,3.1933610714742793,"Mole People, The (1956)",15,https://image.tmdb.org/t/p/w500/utOyyOn1KQ47ONwtAlC8M9i7zmW.jpg
1324,1.6818181818181819,22,3.193309173367924,Amityville: Dollhouse (1996),10,https://image.tmdb.org/t/p/w500/pPNjxj2MKDLQOFOzmsdOlmHJzz2.jpg
2017,2.9876543209876543,162,3.193238187084683,Babes in Toyland (1961),"3, 8, 12",https://image.tmdb.org/t/p/w500/pPNVXVQTCgdUiIiyxxYlTTqkgiZ.jpg
990,2.574074074074074,54,3.193071912936816,Maximum Risk (1996),"0, 1, 16",https://image.tmdb.org/t/p/w500/18HVWwyLihWJPzGpSVl3omRRMyL.jpg
70,3.1564551422319473,914,3.1930464519537543,From Dusk Till Dawn (1996),"0, 4, 5, 10, 16",https://image.tmdb.org/t/p/w500/uBoQytp3KTQFaVqTe6d0ECGaKh9.jpg
2007,2.6769230769230767,65,3.192916102940208,Polish Wedding (1998),4,https://image.tmdb.org/t/p/w500/36De1BxBBzXyJ1eYVQlIoTUIwQm.jpg
344,3.1488250652741514,766,3.192759507713805,Ace Ventura: Pet Detective (1994),4,https://image.tmdb.org/t/p/w500/wnLBkPxGn2w8GwHw44MDDFX4R95.jpg
2942,3.0994475138121547,362,3.192644840848369,Flashdance (1983),"7, 14",https://image.tmdb.org/t/p/w500/ziiy6ORt8BlxWFXskBChBMInvDA.jpg
288,3.144285714285714,700,3.1925651233200387,Natural Born Killers (1994),"0, 16",https://image.tmdb.org/t/p/w500/fEKZwT91gxvkAoyPgpNXo8W5fu0.jpg
1328,1.84,25,3.1925405484241156,"Amityville Curse, The (1990)",10,https://image.tmdb.org/t/p/w500/bZY5UtTSRlRsBtPXDJ9ORMiKCd3.jpg
3937,2.9407407407407407,135,3.1923329598449914,Runaway (1984),"15, 16",https://image.tmdb.org/t/p/w500/dC6Bf893EqMBBysIqDW6mpkhejc.jpg
2044,2.5384615384615383,52,3.1922864283889893,"Devil and Max Devlin, The (1981)",4,https://image.tmdb.org/t/p/w500/7FkUzAMDteozli8v0s2olmJ6ThX.jpg
3938,1.9259259259259258,27,3.19203151855386,"Slumber Party Massacre, The (1982)",10,https://image.tmdb.org/t/p/w500/rh65oDy8CNJoEAOf7oudhIt3DM6.jpg
2327,2.85,100,3.1920094560409824,Tales from the Darkside: The Movie (1990),10,https://image.tmdb.org/t/p/w500/5q8WK4gW45Knxhpb29IVOCbbfI7.jpg
3557,2.896551724137931,116,3.1919241203855653,Jennifer 8 (1992),16,https://image.tmdb.org/t/p/w500/pMlk8spEliRD6hr4ILs5ubHeBGT.jpg
2615,3.0105820105820107,189,3.19191273139466,My Science Project (1985),"1, 15",https://image.tmdb.org/t/p/w500/pKPdD20G8fvlY6tFVjmJYdbgqQf.jpg
1713,3.0432900432900434,231,3.1918499154461166,Mouse Hunt (1997),"3, 4",https://image.tmdb.org/t/p/w500/kKzb5F2zap6VASMc8wT1PrW0LrW.jpg
1918,3.14050822122571,669,3.1918282758569863,Lethal Weapon 4 (1998),"0, 4, 5, 7",https://image.tmdb.org/t/p/w500/vl4n3uO602y8nDsqjE4RIMnSy8Q.jpg
2688,3.141823444283647,691,3.1916732444815166,"General's Daughter, The (1999)","7, 16",
3442,2.3076923076923075,39,3.1916354505998634,Band of the Hand (1986),0,https://image.tmdb.org/t/p/w500/ypfbaT6qB8cUfeflK7PO9F4hvsm.jpg
1440,2.765432098765432,81,3.1915753778975877,Amos & Andrew (1993),4,https://image.tmdb.org/t/p/w500/IdhtO8iqvmyEJtcjThthZPOiaV.jpg
1550,2.704225352112676,71,3.1914701358975575,Trial and Error (1997),"4, 14",https://image.tmdb.org/t/p/w500/menUTMx04eYe8EYKhJnGYA4gK6Q.jpg
3165,2.622950819672131,61,3.1913622312283305,Boiling Point (1993),"0, 7",https://image.tmdb.org/t/p/w500/kdkk7OBnIL1peW2zwcAAp6O54Jo.jpg
3553,2.768292682926829,82,3.191339302262471,Gossip (2000),"7, 16",https://image.tmdb.org/t/p/w500/1fyQiQyBFlqjeqgT6sAEh5vo4Fe.jpg
3672,2.967948717948718,156,3.1911596203116828,Benji (1974),"1, 3",https://image.tmdb.org/t/p/w500/79pacM3h5FoETnfuRC6O2qPfzn4.jpg
2447,3.0601503759398496,266,3.1911319375047666,Varsity Blues (1999),"4, 7",https://image.tmdb.org/t/p/w500/g2jX2Xmx7drbc6J9MLJEBghR7Mg.jpg
2517,3.062271062271062,273,3.1907948566443842,Christine (1983),10,https://image.tmdb.org/t/p/w500/e6cCoMlAyjk8g2ewPTvnBdo2AdY.jpg
3909,2.681159420289855,69,3.1906973622867816,Woman on Top (2000),"4, 14",https://image.tmdb.org/t/p/w500/7SGpW51PI09uG8WxKQn8K5PEJDn.jpg
3434,2.263157894736842,38,3.1905822068872904,Death Wish V: The Face of Death (1994),"0, 7",https://image.tmdb.org/t/p/w500/kFXm4aUMCrCtjP1nvp5gRPmseNe.jpg
460,2.263157894736842,38,3.1905822068872904,Getting Even with Dad (1994),4,https://image.tmdb.org/t/p/w500/txsmdQqbgSz5Zu3rgd9fglMqKA4.jpg
1601,2.72,75,3.190518140193903,Hoodlum (1997),"5, 7, 9",https://image.tmdb.org/t/p/w500/hZrwqVXLyxxsNJHVc6bJKSUDkXA.jpg
3626,2.4693877551020407,49,3.1904583735208667,8 1/2 Women (1999),4,https://image.tmdb.org/t/p/w500/t7G0SA8cqrsu7XzzTL0ge54aw7L.jpg
1325,1.6521739130434783,23,3.19039447679202,Amityville: A New Generation (1993),10,https://image.tmdb.org/t/p/w500/jjWkIHRRj2kOgVMXpK8im4KOcTu.jpg
259,2.843137254901961,102,3.1903449714804513,Kiss of Death (1995),"5, 7, 16",https://image.tmdb.org/t/p/w500/fGhVACpocSa0Xx3EEVPHwX6GKeD.jpg
2247,3.0931506849315067,365,3.1902894872416585,Married to the Mob (1988),4,https://image.tmdb.org/t/p/w500/gkOsxv1RvV5smRnm6wrmn2wDXyZ.jpg
2978,2.8446601941747574,103,3.190116328872066,Three to Tango (1999),"4, 14",https://image.tmdb.org/t/p/w500/z2EhRgWvzNa2NgoX0uModV6mEb2.jpg
3912,2.3,40,3.190086866518512,Beautiful (2000),"4, 7",https://image.tmdb.org/t/p/w500/ngMcCfLiFFMcr9T8NFhXXJrpzRD.jpg
2060,2.9945355191256833,183,3.1898869520942412,BASEketball (1998),4,https://image.tmdb.org/t/p/w500/oKZdAUV9XSLp091f0GmtQEu0UZy.jpg
487,2.6129032258064515,62,3.1898570357372016,Lightning Jack (1994),"4, 19",https://image.tmdb.org/t/p/w500/4YoRERjKWO2442ezcvgEjAZuxWP.jpg
3262,2.9693251533742333,163,3.189660329171983,Twin Peaks: Fire Walk with Me (1992),"7, 13",https://image.tmdb.org/t/p/w500/rol5H6loAojd6tH2VXQYEXzGQk1.jpg
1490,1.8076923076923077,26,3.1896384431316944,B*A*P*S (1997),4,https://image.tmdb.org/t/p/w500/yi40NrDfdv8vX0aoWvis3CnCVWj.jpg
2552,2.2162162162162162,37,3.1895262149849906,My Boyfriend's Back (1993),4,https://image.tmdb.org/t/p/w500/euXyMbBT2QaxiYZf1jJrsa5yGon.jpg
3274,3.1073059360730593,438,3.189526204527619,Single White Female (1992),0,https://image.tmdb.org/t/p/w500/2B6spN9XvzbK9hKDQtvTa4wVoys.jpg
217,2.625,64,3.18937850508632,"Babysitter, The (1995)","7, 16",https://image.tmdb.org/t/p/w500/xH6aMqha9vy9g7fMixf2blUL9gy.jpg
1030,3.0773993808049536,323,3.189331918086456,Pete's Dragon (1977),"1, 2, 3, 12",https://image.tmdb.org/t/p/w500/rueMBfMGbzUxpbU0ALcFK0UxMvn.jpg
3574,1.0588235294117647,17,3.1892456045358277,Carnosaur 3: Primal Species (1996),"10, 15",https://image.tmdb.org/t/p/w500/lPyp6ukHtpsOr4S0R4Pphgpp1IB.jpg
725,2.791208791208791,91,3.189240516497252,"Great White Hype, The (1996)",4,https://image.tmdb.org/t/p/w500/yEPiu0mC4NqMHOoFLsC6CxQW34d.jpg
325,2.4489795918367347,49,3.1891738520051316,National Lampoon's Senior Trip (1995),4,https://image.tmdb.org/t/p/w500/3QpB4KpMKRnZnsJOsemOZHDoQKw.jpg
640,2.676056338028169,71,3.188971697421605,Diabolique (1996),"7, 16",https://image.tmdb.org/t/p/w500/zSW4A35r7Vpz0ainYJGb2QVwCh0.jpg
586,3.1348148148148147,675,3.1888727972844393,Home Alone (1990),"3, 4",https://image.tmdb.org/t/p/w500/qRktvMOO2QaCL7gvNyvZDoxPOZj.jpg
2835,2.5357142857142856,56,3.1887610996639024,Chill Factor (1999),"0, 16",https://image.tmdb.org/t/p/w500/t8Qn1iKnvVOttEqaj6hz9tKGBjD.jpg
3833,2.5357142857142856,56,3.1887610996639024,"Brain That Wouldn't Die, The (1962)","10, 15",https://image.tmdb.org/t/p/w500/npg6NH4maZ4NTTWzA71KNCTvQNG.jpg
2829,2.9554140127388533,157,3.1886879230524476,"Muse, The (1999)","4, 7",https://image.tmdb.org/t/p/w500/gmnHlJj1To7112PxZLehuwT9CaP.jpg
2822,3.049429657794677,263,3.188686996257929,Medicine Man (1992),"1, 14",https://image.tmdb.org/t/p/w500/lkHqtViTG4Zzh7i9rrtHJGTnEUg.jpg
2877,3.014218009478673,211,3.1884868089165286,Tommy (1975),"7, 12",https://image.tmdb.org/t/p/w500/pAImVnqBJwoFAKrcpAe17JjLGUs.jpg
63,2.855855855855856,111,3.1883067742843485,Don't Be a Menace to South Central While Drinking Your Juice in the Hood (1996),4,https://image.tmdb.org/t/p/w500/HZQBF7JDd2e9p4rPSbSHuWHaCC.jpg
704,2.3095238095238093,42,3.1882979180635065,"Quest, The (1996)","0, 1",https://image.tmdb.org/t/p/w500/zceLrHeYOgJHw1tw6MUi15N2NUz.jpg
2523,2.3095238095238093,42,3.1882979180635065,Rollercoaster (1977),"7, 16",https://image.tmdb.org/t/p/w500/dy23SSGZDp3dftzhDvHXOEM6OaN.jpg
2856,2.7777777777777777,90,3.188251182167169,I Saw What You Did (1965),16,https://image.tmdb.org/t/p/w500/aIf1QdKUUMjwzYj34YOccuGNZYD.jpg
2979,2.189189189189189,37,3.1882215835433727,Body Shots (1999),7,https://image.tmdb.org/t/p/w500/1YihuAszdbPMPxK7k46UYLdP1mz.jpg
2597,2.609375,64,3.1881182656408256,Lost & Found (1999),"4, 14",https://image.tmdb.org/t/p/w500/jaylLo7TsJrJriNVGf72Asen1Fr.jpg
1616,3.0936708860759494,395,3.1878806970084437,"Peacemaker, The (1997)","0, 16, 18",https://image.tmdb.org/t/p/w500/hc3p6pvIrfO4AmrVLb6qTviOwW2.jpg
1043,2.8425925925925926,108,3.1877872761623824,To Gillian on Her 37th Birthday (1996),"7, 14",https://image.tmdb.org/t/p/w500/7HGWS6WlsPzBsB7NG5JM4P8NrIv.jpg
1687,3.077151335311573,337,3.187784194829813,"Jackal, The (1997)","0, 16",https://image.tmdb.org/t/p/w500/vThgcb3JOj99yETg8WChuci4LV2.jpg
2733,2.44,50,3.1876482922206484,Vibes (1988),"1, 4",https://image.tmdb.org/t/p/w500/yAT8QJquco2dGBEwqQJBLfP7wtM.jpg
209,2.4615384615384617,52,3.1871680662648694,White Man's Burden (1995),7,https://image.tmdb.org/t/p/w500/5MPatVYJXPYEGrd9RQiwldBBQvJ.jpg
248,2.9130434782608696,138,3.1870568804449513,Houseguest (1994),4,https://image.tmdb.org/t/p/w500/3hmZfTBQHhcWUqPMTGlzgoHOSs6.jpg
2477,2.2857142857142856,42,3.1870017417835323,Firewalker (1986),1,https://image.tmdb.org/t/p/w500/qFUBCOH0HxI9qRcjoG9xChfwEsk.jpg
3665,1.7307692307692308,26,3.1869911896571743,Curse of the Puppet Master (1998),"10, 15, 16",https://image.tmdb.org/t/p/w500/5ILnKSbE9IwKj0b9dquTfUgjR23.jpg
2772,3.032520325203252,246,3.186849660467448,Detroit Rock City (1999),4,https://image.tmdb.org/t/p/w500/jedOctnsD20K4IvOeh5jG811B8L.jpg
3051,2.950310559006211,161,3.186717398973605,Anywhere But Here (1999),7,https://image.tmdb.org/t/p/w500/2DNtxmXkotuaJexU57geTLIPnQf.jpg
547,2.879032258064516,124,3.18661024462331,Surviving the Game (1994),"0, 1, 16",https://image.tmdb.org/t/p/w500/wRtpJFGney5gqHmMb3JjT5WN3FH.jpg
220,1.8214285714285714,28,3.1864974835458684,Castle Freak (1995),10,https://image.tmdb.org/t/p/w500/HJEosQRIdBzAHEdZJCUF7e5FmF.jpg
3477,3.044280442804428,271,3.1861787544087905,Empire Records (1995),"4, 7",https://image.tmdb.org/t/p/w500/gQu0jeUNqVYICSHHJwT9k4Rcxz7.jpg
1439,2.347826086956522,46,3.186037193792386,Meet Wally Sparks (1997),4,https://image.tmdb.org/t/p/w500/mD30gucf7NkKNFyqEMEag7l63VO.jpg
2478,3.117750439367311,569,3.185808119973812,Three Amigos! (1986),"4, 19",https://image.tmdb.org/t/p/w500/tKcOxhaBpLdvo8lExbz5AgpuGwc.jpg
575,2.822429906542056,107,3.1856208533006516,"Little Rascals, The (1994)","3, 4",https://image.tmdb.org/t/p/w500/qI7PKX2JSw4yD2iQm3pyHvKir28.jpg
1371,3.1363636363636362,792,3.185522079386129,Star Trek: The Motion Picture (1979),"0, 1, 15",https://image.tmdb.org/t/p/w500/wfiAfNwH6CMKxz4vRaW8CPTabtk.jpg
3596,2.533333333333333,60,3.185271493079158,Screwed (2000),4,https://image.tmdb.org/t/p/w500/m6FfMbH1ga1Kp5QI9Nm0ETOIG64.jpg
3942,1.7857142857142858,28,3.185177351532667,Sorority House Massacre II (1990),10,https://image.tmdb.org/t/p/w500/8x7CFIX8Xhbl4YfvnB3gGNH4RJJ.jpg
3511,2.590909090909091,66,3.1851311675499625,Ready to Rumble (2000),4,https://image.tmdb.org/t/p/w500/rGbMrCUh6eRiWKsHNf5kqgPoliZ.jpg
1744,2.675324675324675,77,3.185085981135766,Firestorm (1998),"0, 1, 16",https://image.tmdb.org/t/p/w500/joAzHTg4xoz56zQ7AntfTYENuAD.jpg
2694,3.1352718078381794,791,3.184986414854321,Big Daddy (1999),4,https://image.tmdb.org/t/p/w500/m0KrgL5uGJRGyGG7LBkyKrqxB8q.jpg
2535,2.8487394957983194,119,3.1841742413506133,Earthquake (1974),0,https://image.tmdb.org/t/p/w500/6hJorsInxNpj1dIekh6dK6Kh9S6.jpg
2479,2.272727272727273,44,3.1839325711519004,Gloria (1999),"7, 16",https://image.tmdb.org/t/p/w500/q4tt5JvK8kcrH1tbG2aXLOd6xlo.jpg
724,3.0865384615384617,416,3.183563373012654,"Craft, The (1996)","7, 10",https://image.tmdb.org/t/p/w500/lhMIra0pqWNuD6CIXoTmGwZ0EBS.jpg
2446,2.5396825396825395,63,3.183308320234694,In Dreams (1999),16,https://image.tmdb.org/t/p/w500/eE7EuBQeBHCTs3LWB1fQ8vllEkk.jpg
504,2.955056179775281,178,3.1832196625740994,No Escape (1994),"0, 15",https://image.tmdb.org/t/p/w500/jIXZEvL4dmgkjyhD5JUDeOaASKB.jpg
378,2.892857142857143,140,3.183176358580788,Speechless (1994),"4, 14",https://image.tmdb.org/t/p/w500/bremBHwg2cAvFIGIRwlRtPMkgfL.jpg
3869,3.0881670533642693,431,3.1829141264851315,"Naked Gun 2 1/2: The Smell of Fear, The (1991)",4,https://image.tmdb.org/t/p/w500/v9niLQWVzVPB1cP1ThNdEaLZG1Q.jpg
2752,2.962162162162162,185,3.182910709443407,Outrageous Fortune (1987),"4, 13",https://image.tmdb.org/t/p/w500/fBW8jvJZPergKfkkZYWk93cpJZ6.jpg
2724,3.12,650,3.1828719418528415,Runaway Bride (1999),"4, 14",https://image.tmdb.org/t/p/w500/wzivR0yWJStVdhcl0A5rQvVdTQ7.jpg
3696,2.5538461538461537,65,3.1828468770119507,Night of the Creeps (1986),"4, 10, 15",https://image.tmdb.org/t/p/w500/A3s2tQGNb6mhlr1hPZeE5F8IUwp.jpg
2546,2.940828402366864,169,3.1828289858497447,"Deep End of the Ocean, The (1999)",7,https://image.tmdb.org/t/p/w500/4Q8g9CfW7EiwxRCpLSDpOmcaEZb.jpg
2982,2.1052631578947367,38,3.182764617310743,"Guardian, The (1990)","10, 16",https://image.tmdb.org/t/p/w500/3Xm1hgIcmKJGnaMetErNu5kA8qz.jpg
3064,2.5,60,3.1827382441874543,Poison Ivy: New Seduction (1997),16,https://image.tmdb.org/t/p/w500/l9Z43sz0qjTrmDjXRlChIVoH1JB.jpg
23,2.857142857142857,126,3.182667263338393,Assassins (1995),16,https://image.tmdb.org/t/p/w500/guEH393qNWWh2wBJoGP7oqmjTK5.jpg
564,2.2666666666666666,45,3.1824039300012847,Chasers (1994),4,https://image.tmdb.org/t/p/w500/7SonBwT0jWWgPNiKAgD1b4W9IaY.jpg
1432,2.77,100,3.182365091966239,Metro (1997),0,https://image.tmdb.org/t/p/w500/nvfyHYv1EDpYai5pCGqBeRf3tax.jpg
1887,2.4833333333333334,60,3.1814716197416026,Almost Heroes (1998),"1, 4",https://image.tmdb.org/t/p/w500/qO1cfr4UxcwQ858Nxp470QNS3v8.jpg
2537,1.9411764705882353,34,3.1811026113765486,Beyond the Poseidon Adventure (1979),1,https://image.tmdb.org/t/p/w500/wJOIXW4bjsXBPGzqojBV8laiLKM.jpg
711,2.5,62,3.181013068586222,Flipper (1996),"1, 3",https://image.tmdb.org/t/p/w500/Aivc5cbCTLcTOjHlOwOQux0WBcV.jpg
3600,2.8264462809917354,121,3.1802138080964086,Blue Hawaii (1961),"4, 12",https://image.tmdb.org/t/p/w500/4kYgVtcCdeeZh40jiFlnYQF3RUv.jpg
881,2.6233766233766236,77,3.180126278717911,First Kid (1996),"3, 4",https://image.tmdb.org/t/p/w500/t7yTkuXQpnougXmRIqgfT32axZi.jpg
2524,3.018796992481203,266,3.1800822137478604,"Towering Inferno, The (1974)","0, 7",https://image.tmdb.org/t/p/w500/mFM1GbrRrT3DWUFFo8koSITFnYe.jpg
2377,2.9453551912568305,183,3.1800239383956113,Lifeforce (1985),"10, 15",https://image.tmdb.org/t/p/w500/953hMDf9G2ZRIEs97M6iFIYWtWF.jpg
2702,3.070886075949367,395,3.1798771398719388,Summer of Sam (1999),7,https://image.tmdb.org/t/p/w500/yvGGA2CbT6xyFVTZUA9f2ok0q5V.jpg
710,2.3333333333333335,51,3.179720491718123,Celtic Pride (1996),4,https://image.tmdb.org/t/p/w500/5P3p9I2ADnTbBdIAl4ZUeUXGuIi.jpg
3431,2.6705882352941175,85,3.179584829694285,Death Wish II (1982),"0, 7",https://image.tmdb.org/t/p/w500/90tc0EpC5H9JDpi9wLLE8o0tk8f.jpg
1422,3.0249110320284696,281,3.179388266982677,Murder at 1600 (1997),"13, 16",https://image.tmdb.org/t/p/w500/5S469MSJIzb6J0PIsghUn52uzfP.jpg
424,2.6,75,3.1793310674779303,Blue Chips (1994),7,https://image.tmdb.org/t/p/w500/tO71i4Ob64tchCRBB5MoqonPKAF.jpg
1128,2.9235294117647057,170,3.1792905433974377,"Fog, The (1980)",10,https://image.tmdb.org/t/p/w500/fuJApAPgHrur08y6icGB5k5Umzo.jpg
1974,3.0410094637223977,317,3.1789506390692743,Friday the 13th (1980),10,https://image.tmdb.org/t/p/w500/88wlJ4teYlck4hJ2bnlxBrAVh0m.jpg
166,2.459016393442623,61,3.1787120098494563,"Doom Generation, The (1995)","4, 7",https://image.tmdb.org/t/p/w500/cRzRj2UBvIH8ryWhu5PNL2PzV7j.jpg
639,2.6153846153846154,78,3.178664822026,Girl 6 (1996),4,https://image.tmdb.org/t/p/w500/un5YpVy7fxb7PxlRlQqLusVM2SM.jpg
1869,2.3137254901960786,51,3.1784392617373416,Black Dog (1998),"0, 16",https://image.tmdb.org/t/p/w500/s4HHVv53aPpxxpMOBwRMdnOPBAi.jpg
2898,2.7450980392156863,102,3.1783185132723935,"Dark Half, The (1993)","10, 13",https://image.tmdb.org/t/p/w500/uTzi0no438AjKELtJgTbipNxWGu.jpg
387,2.7450980392156863,102,3.1783185132723935,"Low Down Dirty Shame, A (1994)","0, 4",https://image.tmdb.org/t/p/w500/v5XUfLrdoGfatObGXhqckYTNqFT.jpg
3667,1.9142857142857144,35,3.178249632159575,Rent-A-Cop (1988),"0, 4",https://image.tmdb.org/t/p/w500/mo76XEkMKR7nniJOdDIe9UVoaOj.jpg
3264,3.091796875,512,3.178229435188075,Buffy the Vampire Slayer (1992),"4, 10",https://image.tmdb.org/t/p/w500/tcF3S4UdFpuoZEWovMDq5AXazNF.jpg
3573,1.4615384615384615,26,3.1777258024963535,Carnosaur 2 (1995),"10, 15",https://image.tmdb.org/t/p/w500/8dzRgDdbmEEolKPLpuScsMofHD3.jpg
3743,2.5974025974025974,77,3.1776464275089835,Boys and Girls (2000),"4, 14",https://image.tmdb.org/t/p/w500/zhmnHC76Dw1hje1ITtmEzsfkOYW.jpg
2492,2.856115107913669,139,3.1776302173701727,20 Dates (1998),4,https://image.tmdb.org/t/p/w500/79TTGQZrOAzwuWxcOy8y6k6Ldm0.jpg
2787,2.9012345679012346,162,3.177534317202462,Cat's Eye (1985),10,https://image.tmdb.org/t/p/w500/sHnFLRNNvA4eX6ExIFVRfTQSoWC.jpg
2882,2.7966101694915255,118,3.1773119100719707,Jakob the Liar (1999),7,https://image.tmdb.org/t/p/w500/vvwsvPyQFuQbKKfzNgoRhAcL5ml.jpg
2255,2.607594936708861,79,3.1772069805640015,Young Doctors in Love (1982),4,https://image.tmdb.org/t/p/w500/9JTPSVDEFilY09hqtWPHrCDFneV.jpg
88,2.9427083333333335,192,3.177180514146495,Black Sheep (1996),4,https://image.tmdb.org/t/p/w500/bqIW5oE4WeHAvk1nh2Y6rfOLGrF.jpg
1667,2.7787610619469025,113,3.1771772626540002,Mad City (1997),"0, 7",https://image.tmdb.org/t/p/w500/wXb9KGqxyrAHNygRRI1HW1BhcU.jpg
1427,2.2941176470588234,51,3.17715803175656,Turbulence (1997),16,https://image.tmdb.org/t/p/w500/gnsxWkxWHPXMOAzXvS7aKMSKP0N.jpg
528,2.514705882352941,68,3.1771433777880818,"Scout, The (1994)",7,https://image.tmdb.org/t/p/w500/hxVJPuqGl1n7WKLAcUDZ51MPjRA.jpg
1605,2.659090909090909,88,3.176479319615896,Excess Baggage (1997),"1, 14",https://image.tmdb.org/t/p/w500/dfKaCA32iSkEQiu37drvIAZWZFz.jpg
1833,3.003787878787879,264,3.176418564454952,Mercury Rising (1998),"0, 7, 16",https://image.tmdb.org/t/p/w500/uB8qfwqvJA2adiVOwsN5clZS4Lo.jpg
1602,2.116279069767442,43,3.176403681276369,Leave It to Beaver (1997),4,https://image.tmdb.org/t/p/w500/zBe7rCrImp9XxSGWTWAmYlPEXeN.jpg
2316,2.983050847457627,236,3.176356130280679,Practical Magic (1998),"7, 14",https://image.tmdb.org/t/p/w500/AwmToSgf2IL3aHv0QRVsR5KvChv.jpg
2521,2.630952380952381,84,3.176117816577744,Airport 1975 (1974),7,https://image.tmdb.org/t/p/w500/o412xIEMJjlZa0SQ2nGCPVM2f7J.jpg
1007,2.978448275862069,232,3.176049759527816,"Apple Dumpling Gang, The (1975)","3, 4, 19",https://image.tmdb.org/t/p/w500/cSbRtW2rSpz6AxS4BwtunpFHma.jpg
804,2.9785407725321886,233,3.175866850686748,She's the One (1996),"4, 14",https://image.tmdb.org/t/p/w500/ptc6vmdmRoyBgOxTygp6cndILaU.jpg
179,2.2083333333333335,48,3.1752692524578716,Mad Love (1995),"7, 14",https://image.tmdb.org/t/p/w500/glhctWoYw1jg8z0FUSwFD4UTNi4.jpg
888,2.2083333333333335,48,3.1752692524578716,Land Before Time III: The Time of the Great Giving (1995),"2, 3",https://image.tmdb.org/t/p/w500/abcJUBDHi6hxibSgm2bxYK1wAZK.jpg
291,2.2083333333333335,48,3.1752692524578716,Poison Ivy II (1995),16,https://image.tmdb.org/t/p/w500/jXLuQYRwWNuwW8dkx3zo5bWon2r.jpg
1460,2.6808510638297873,94,3.1751934957935584,That Darn Cat! (1997),"3, 4, 13",https://image.tmdb.org/t/p/w500/by92HEWg2d4WrkgbUIPEA0ufsHI.jpg
1322,1.71875,32,3.1750122702376826,Amityville 1992: It's About Time (1992),10,https://image.tmdb.org/t/p/w500/4seZ7wJsRHUK3m7I18bnnir594Q.jpg
1367,3.0467032967032965,364,3.1749170953689942,101 Dalmatians (1996),"3, 4",https://image.tmdb.org/t/p/w500/8o2ADoAyG796UwTjwBFjPyBz0yG.jpg
414,2.6555555555555554,90,3.174828363375223,"Air Up There, The (1994)",4,https://image.tmdb.org/t/p/w500/lY1yhtg0DRaMTzclYCXo0sP1kAV.jpg
2888,2.7815126050420167,119,3.1747458382863822,Drive Me Crazy (1999),"4, 14",https://image.tmdb.org/t/p/w500/qq2jbAOw5yWTaSPJIRHxvTf0bND.jpg
3579,2.485294117647059,68,3.1746355407974858,I Dreamed of Africa (2000),7,https://image.tmdb.org/t/p/w500/kuDIrcsUI0duLSTUgKKLKEiEdrK.jpg
3791,3.066666666666667,435,3.1745571865916666,Footloose (1984),7,https://image.tmdb.org/t/p/w500/eAqxnEZVHSOTftUlTyNiRXhkWSI.jpg
505,2.4927536231884058,69,3.174416836300557,North (1994),4,https://image.tmdb.org/t/p/w500/e4JEG7dstmurXMUPOW9Jy6UDR9F.jpg
1806,2.892857142857143,168,3.174119046001109,Paulie (1998),"1, 3, 4",https://image.tmdb.org/t/p/w500/aiW8TWjIuFveTcA5BCU7KMjPaaW.jpg
1409,3.0535714285714284,392,3.174116668556393,Michael (1996),"4, 14",https://image.tmdb.org/t/p/w500/oprNZ2BvJG9ZV2g3JYeWQgsOZHe.jpg
1676,3.1332760103181427,1163,3.1739877642198127,Starship Troopers (1997),"0, 1, 15, 18",https://image.tmdb.org/t/p/w500/wlveVIVxvI7AHR4u5X9J0n31gmE.jpg
761,2.7886178861788617,123,3.1739259164645106,"Phantom, The (1996)",1,https://image.tmdb.org/t/p/w500/8VnV9sJXbMPS1MRHAxsfl6zNP5C.jpg
2536,1.8918918918918919,37,3.173870637685577,"Concorde: Airport '79, The (1979)",7,https://image.tmdb.org/t/p/w500/bsKUgMi01dme7IDdEWRJSMBNj6R.jpg
1525,2.090909090909091,44,3.1735899725740078,Warriors of Virtue (1997),"0, 1, 3, 8",https://image.tmdb.org/t/p/w500/8fT8cttGyXx36P24W0tum2QxsLf.jpg
2094,3.108695652173913,736,3.1735051817031694,"Rocketeer, The (1991)","0, 1, 15",https://image.tmdb.org/t/p/w500/2tDFRESFwKww1LHRE8W1Exj9edH.jpg
2148,2.8855421686746987,166,3.1733912270083695,House (1986),"4, 10",https://image.tmdb.org/t/p/w500/ysIPmxLVYYvTUaOwEsLjF7nEf4C.jpg
2364,2.7768595041322315,121,3.173159134375068,Godzilla (Gojira) (1984),"0, 15",https://image.tmdb.org/t/p/w500/bD398HQ0K9zTMF1s0DWlAB0K144.jpg
135,2.81203007518797,133,3.1730688043895596,Down Periscope (1996),4,https://image.tmdb.org/t/p/w500/brleKcHsirTw7lFqcgUMOfgL2nl.jpg
532,3.0488431876606685,389,3.172795568874381,Serial Mom (1994),"4, 5, 10",https://image.tmdb.org/t/p/w500/vAZkFho9YdIXPmMdHMwr10Go2FF.jpg
2465,2.0238095238095237,42,3.1727438027038173,Deadly Friend (1986),10,https://image.tmdb.org/t/p/w500/mz8dzZLHarPMiP71SiEbuSl3SWe.jpg
2264,2.5903614457831323,83,3.172642269275071,We're No Angels (1989),7,https://image.tmdb.org/t/p/w500/UsrZkcoj95K8ZVf7FMnTiZ5P4C.jpg
870,2.183673469387755,49,3.1724750723005712,Gone Fishin' (1997),4,https://image.tmdb.org/t/p/w500/lGRHE7s2iGgJ0JNO9gxm8BJKelt.jpg
2771,2.888888888888889,171,3.172428477274842,Brokedown Palace (1999),7,https://image.tmdb.org/t/p/w500/pWxoggA0KCS5oMPDOjIDYZYzryE.jpg
459,2.832167832167832,143,3.1722313395828023,"Getaway, The (1994)",0,https://image.tmdb.org/t/p/w500/ftbdJTJi6mR5iZV5ESJWv8f8pWN.jpg
5,3.0067567567567566,296,3.1718886823851733,Father of the Bride Part II (1995),4,https://image.tmdb.org/t/p/w500/rj4LBtwQ0uGrpBnCELr716Qo3mw.jpg
2372,2.966386554621849,238,3.1718572028795817,Fletch Lives (1989),4,https://image.tmdb.org/t/p/w500/A30iCFQVKXvQzGHEE4hyVC0QtrD.jpg
3660,2.859872611464968,157,3.1717674492791823,Puppet Master (1989),"10, 15, 16",https://image.tmdb.org/t/p/w500/6bcRspKbsM21HqLcxIBANbts3X7.jpg
3436,2.7890625,128,3.171745590420986,Dying Young (1991),"7, 14",https://image.tmdb.org/t/p/w500/nLVV8TETjCxWQmIip6t3HO1znVJ.jpg
3433,2.1458333333333335,48,3.1714107315575504,Death Wish 4: The Crackdown (1987),"0, 7",https://image.tmdb.org/t/p/w500/r8HwJQJyKRyJ2JypwiVR5p0ZV84.jpg
2485,3.051219512195122,410,3.1713662516770476,She's All That (1999),"4, 14",https://image.tmdb.org/t/p/w500/a0pepZNFCjggc7Na9gEwbTI1f46.jpg
158,2.9806949806949805,259,3.171241116627208,Casper (1995),"1, 3",https://image.tmdb.org/t/p/w500/vCaVCizHfxuoczd9Dlcz7et61eJ.jpg
3758,2.7583333333333333,120,3.171008644833426,Communion (1989),"7, 15, 16",https://image.tmdb.org/t/p/w500/5WsMyE6wwY2QbM3fpAePOX3e7pZ.jpg
3390,1.6666666666666667,33,3.170848319719338,Shanghai Surprise (1986),1,https://image.tmdb.org/t/p/w500/8zsU3Vq9FG9Q0kTEYrl0CWDlvX2.jpg
2491,2.739130434782609,115,3.1708369967862584,Simply Irresistible (1999),"4, 14",https://image.tmdb.org/t/p/w500/zFsqqPQUz69wPaLBqQeiGbGiW7J.jpg
1593,2.8641975308641974,162,3.1708040872529386,Picture Perfect (1997),"4, 14",https://image.tmdb.org/t/p/w500/bKqhNoBpUW71E4BPLSOluSooPg8.jpg
1382,2.779527559055118,127,3.1707785683432514,Marked for Death (1990),"0, 7",https://image.tmdb.org/t/p/w500/xYaetJsSm5FC1zxhdW8UR1NVXzc.jpg
239,2.875,168,3.1707764276167074,"Goofy Movie, A (1995)","2, 3, 4, 14",https://image.tmdb.org/t/p/w500/qr5Q3S7HC16XHQBqE4ZsJJvgUDU.jpg
479,2.7969924812030076,133,3.1707499638098495,Judgment Night (1993),0,https://image.tmdb.org/t/p/w500/3rvvpS9YPM5HB2f4HYiNiJVtdam.jpg
1801,3.0434782608695654,391,3.170702225601066,"Man in the Iron Mask, The (1998)","0, 7, 14",https://image.tmdb.org/t/p/w500/zHE9yRURvA7DyhYtQxkGTfE1Ywi.jpg
407,2.911917098445596,193,3.1704843835078536,In the Mouth of Madness (1995),"10, 16",https://image.tmdb.org/t/p/w500/msh4tEUzbnEqlHcFOUH4O0Zti8r.jpg
3820,1.8108108108108107,37,3.169956743360724,Thomas and the Magic Railroad (2000),3,https://image.tmdb.org/t/p/w500/9AgSNUCfxPu52ruUv5FDoVJx92n.jpg
3708,2.9812734082397006,267,3.1698663761023536,Firestarter (1984),"10, 16",https://image.tmdb.org/t/p/w500/jjBdPcQ0bplBnv2XgElKLoeFDuM.jpg
204,2.9211822660098523,203,3.1697285188053566,Under Siege 2: Dark Territory (1995),0,https://image.tmdb.org/t/p/w500/gElwFCQTbSK5hdK0PVyia547nst.jpg
275,2.5375,80,3.1695760886794258,Mixed Nuts (1994),4,https://image.tmdb.org/t/p/w500/rI5oZR0ov3ki72Gy1QDM8XJ43mo.jpg
237,2.972762645914397,257,3.1695609161540754,Forget Paris (1995),"4, 14",https://image.tmdb.org/t/p/w500/c2RwGHqWwvh7nmRKpdIyYUWMEvP.jpg
1598,2.7117117117117115,111,3.1692704863604937,Desperate Measures (1998),"5, 7, 16",https://image.tmdb.org/t/p/w500/74ibzyjLp2dizmiua5nHn4llG0l.jpg
3692,2.293103448275862,58,3.1692340873472955,Class of Nuke 'Em High (1986),"4, 10",https://image.tmdb.org/t/p/w500/AshNi28vpU5jlVs5CIKuvsm9zeQ.jpg
2241,2.7751937984496124,129,3.1692158925870646,Class (1983),4,https://image.tmdb.org/t/p/w500/iDFeOVxNOSmAcsdmvtt4kZWB8GA.jpg
1004,2.6633663366336635,101,3.168900474155322,"Glimmer Man, The (1996)","0, 16",https://image.tmdb.org/t/p/w500/fMXc2nf3iZFsVbNNmJ5MCtjcwlk.jpg
1336,2.2363636363636363,55,3.1686065567699107,Body Parts (1991),10,https://image.tmdb.org/t/p/w500/8hFSFiLMy0wnyVaaJ4EHFlPD1yf.jpg
3053,3.0175953079178885,341,3.1683996672452084,"Messenger: The Story of Joan of Arc, The (1999)","7, 18",https://image.tmdb.org/t/p/w500/rIvZPfts3aD4b5nROAysnOtSzlX.jpg
2504,2.883977900552486,181,3.168338104103235,200 Cigarettes (1999),"4, 7",https://image.tmdb.org/t/p/w500/ssbx2Mk5ZCJWpXALuP2AdG0GFIT.jpg
3584,2.7674418604651163,129,3.168051070222475,Breathless (1983),"0, 7, 14, 16",https://image.tmdb.org/t/p/w500/dL8n5BYEw19orrAAuKnzbNbmH7u.jpg
1456,2.359375,64,3.1679544345129114,"Pest, The (1997)",4,https://image.tmdb.org/t/p/w500/oWDSlZT7rvOBYccqrRxiZ7IfbhM.jpg
3534,3.0653465346534654,505,3.1678994279351924,28 Days (2000),4,https://image.tmdb.org/t/p/w500/tlgz7Shx0UavR5pyITeJ2mUHKFI.jpg
2862,2.5842696629213484,89,3.167711476830782,Caligula (1980),7,https://image.tmdb.org/t/p/w500/IQ29MGsBWJhwpjjlcNKSvaEV3K.jpg
1497,2.0833333333333335,48,3.1675522106572287,Double Team (1997),0,https://image.tmdb.org/t/p/w500/tUzF2S15iX4Hn6ikbFX1YP3SDEQ.jpg
9,2.656862745098039,102,3.1674947008851415,Sudden Death (1995),0,https://image.tmdb.org/t/p/w500/1pylO6YX5XdOA6QCc5IRxrrffkg.jpg
2038,2.904040404040404,198,3.167408995995682,"Cat from Outer Space, The (1978)","3, 4, 15",https://image.tmdb.org/t/p/w500/okBmdBxptOwXS5FNauS3deFLnly.jpg
2796,2.95,240,3.1673768373243893,Funny Farm (1988),4,https://image.tmdb.org/t/p/w500/tW6LGDEZrJpLbvEGkHk51MyQqJC.jpg
697,2.552941176470588,85,3.1673073588532783,Feeling Minnesota (1996),"7, 14",https://image.tmdb.org/t/p/w500/fCJ5eUZw6mGS53spQxGUu7rzFm1.jpg
2449,1.53125,32,3.167133084420217,"Garbage Pail Kids Movie, The (1987)","1, 3",https://image.tmdb.org/t/p/w500/kbD2KozECCF1rvVNc9HYRSM92gR.jpg
3393,2.1372549019607843,51,3.1669081919103075,Date with an Angel (1987),"4, 8",https://image.tmdb.org/t/p/w500/g9CjIIyZdCybuCRkn4Ad8uWBclu.jpg
191,2.466666666666667,75,3.166900986682405,"Scarlet Letter, The (1995)",7,https://image.tmdb.org/t/p/w500/8gIU7O3oV6NyWUjlL6ppbpnIZLW.jpg
1626,2.5185185185185186,81,3.166899252049346,Fire Down Below (1997),"0, 7, 16",https://image.tmdb.org/t/p/w500/i9wNTkhAmDfWfEJ6fmpm5VgI6WW.jpg
1783,2.9272727272727272,220,3.1666896722338023,Palmetto (1998),"9, 13, 16",https://image.tmdb.org/t/p/w500/3R8At5ll1ZyCJT7FWbLmCjVqFlp.jpg
2976,3.0718132854578095,557,3.166554095441893,Bringing Out the Dead (1999),"7, 10",https://image.tmdb.org/t/p/w500/gE2Q8mL0m0EA6HakRyc92uzSPJn.jpg
512,2.8715083798882683,179,3.166507257882218,Robert A. Heinlein's The Puppet Masters (1994),"10, 15",https://image.tmdb.org/t/p/w500/mzq5uA0P5nfTH8Fl7OESeuDop8P.jpg
667,2.0425531914893615,47,3.1664801594153187,Bloodsport 2 (1995),0,https://image.tmdb.org/t/p/w500/4yHbsdHLHapmWaOcOcRShqWbr4s.jpg
1640,2.5357142857142856,84,3.166283766178236,How to Be a Player (1997),4,https://image.tmdb.org/t/p/w500/1BFKMh1ogtWzGOjKTzxCD2tG0K3.jpg
1999,2.748031496062992,127,3.1661083990496146,"Exorcist III, The (1990)",10,https://image.tmdb.org/t/p/w500/bl6nSPcyqz6xD2Igd2VQvz8qWo0.jpg
3716,2.373134328358209,67,3.166066344991833,Fatal Beauty (1987),"0, 5",https://image.tmdb.org/t/p/w500/fYCbwhIgjHWOr28kbKUdFz8z9PW.jpg
195,2.841463414634146,164,3.1659449846513654,Something to Talk About (1995),"4, 7, 14",https://image.tmdb.org/t/p/w500/a52KpsmvLNdTdmDzw1fUrJONpfH.jpg
2154,2.7857142857142856,140,3.1659250647337496,How Stella Got Her Groove Back (1998),"7, 14",https://image.tmdb.org/t/p/w500/ygmuaJDLYxWJo8eNhq0A63hagrQ.jpg
2365,2.7720588235294117,136,3.165536503507793,King Kong vs. Godzilla (Kingukongu tai Gojira) (1962),"0, 15",https://image.tmdb.org/t/p/w500/8djxObchUlEVcLdNl60EJm8EHZ0.jpg
1726,2.7737226277372264,137,3.165345463111362,"Postman, The (1997)",7,https://image.tmdb.org/t/p/w500/cUaCpjVDefYShKyLmkcDsiPaBHn.jpg
3031,2.150943396226415,53,3.1652036342313035,Repossessed (1990),4,https://image.tmdb.org/t/p/w500/muzfsLInuzjes8a9bOysc8gKGW6.jpg
2786,2.4166666666666665,72,3.1650303727835247,Haunted Honeymoon (1986),4,https://image.tmdb.org/t/p/w500/jBCucUiw7Incipok1xvUa9AVhW.jpg
2120,2.9421487603305785,242,3.164973591133294,Needful Things (1993),"7, 10",https://image.tmdb.org/t/p/w500/9RxE6kd1ky4689WxqX6CHEpIWya.jpg
2052,2.8688524590163933,183,3.1646814726421866,Hocus Pocus (1993),"3, 4",https://image.tmdb.org/t/p/w500/by4D4Q9NlUjFSEUA1yrxq6ksXmk.jpg
2354,2.780141843971631,141,3.1645856907363528,"Rugrats Movie, The (1998)","2, 3, 4",https://image.tmdb.org/t/p/w500/uZejGKCSd6nwfMx8U0Td37U2fTc.jpg
2614,1.9318181818181819,44,3.1645401988183517,Chopping Mall (a.k.a. Killbots) (1986),"0, 10, 15",https://image.tmdb.org/t/p/w500/snm8tScFpHymRFA3cwHEHHLlEX1.jpg
470,1.736842105263158,38,3.1645235749654663,House Party 3 (1994),4,https://image.tmdb.org/t/p/w500/jLUgvHO3vVLkzKs3OcYksGPbLnA.jpg
2868,2.3015873015873014,63,3.1643808754397416,Fright Night Part II (1989),10,https://image.tmdb.org/t/p/w500/prRLaaF59mE3Q2vGWaokgcCzArT.jpg
1988,2.0980392156862746,51,3.1643457319487447,Hello Mary Lou: Prom Night II (1987),10,https://image.tmdb.org/t/p/w500/i8kA5ImH7fWn8JBsilBJPTVdRvv.jpg
3901,2.650943396226415,106,3.164299035052059,Duets (2000),"4, 7",https://image.tmdb.org/t/p/w500/7NJAHYSeLr16cngz8f0BADQ3yIe.jpg
2328,2.8497109826589595,173,3.1642901316188308,Vampires (1998),10,https://image.tmdb.org/t/p/w500/ee1oRcyW9LKT7rgYy24aIrV9b30.jpg
434,3.0845481049562684,686,3.164091729979509,Cliffhanger (1993),"0, 1, 5",https://image.tmdb.org/t/p/w500/8v2nPPLvhEVlfXu08UZ0djK31be.jpg
3879,2.7847222222222223,144,3.164020427917567,"Art of War, The (2000)",0,https://image.tmdb.org/t/p/w500/gJmkrZSJmPckuB3uwhZTOqZIRDo.jpg
2016,2.6605504587155964,109,3.163711203084073,"Apple Dumpling Gang Rides Again, The (1979)","3, 4, 19",https://image.tmdb.org/t/p/w500/pJwCIju0MVjDMlsgx6RWXpe7ks9.jpg
76,2.853932584269663,178,3.163384951830298,Screamers (1995),"15, 16",https://image.tmdb.org/t/p/w500/eqgBf791rMZG7ywHfObpXeMpiRf.jpg
445,2.61,100,3.163076363816751,Fatal Instinct (1993),4,https://image.tmdb.org/t/p/w500/syewFnehGbbya5BdxoHLzrcm5Ne.jpg
3326,2.8555555555555556,180,3.163025666614618,What Planet Are You From? (2000),"4, 15",https://image.tmdb.org/t/p/w500/2VtgMZPj3uDLz0zOQqZ74SUZGK4.jpg
3669,2.380281690140845,71,3.1627380934241036,Stay Tuned (1992),4,https://image.tmdb.org/t/p/w500/yd2MN9zA30eGjf89DaaNoUXbRNp.jpg
2497,2.835294117647059,170,3.1626146123246195,Message in a Bottle (1999),14,https://image.tmdb.org/t/p/w500/ulUjszY6YJFsDUd0E3WolJg6sOp.jpg
1064,2.8947368421052633,209,3.1622502331230633,Aladdin and the King of Thieves (1996),"2, 3, 4",https://image.tmdb.org/t/p/w500/kTH7qEyvdDYMoQraQZm3LFKCge3.jpg
3287,2.7286821705426356,129,3.162226958399528,"Tigger Movie, The (2000)","2, 3",https://image.tmdb.org/t/p/w500/9OdZKUdGfaBAUwRLbtWpFWKbILO.jpg
2533,3.041036717062635,463,3.1620728249777743,Escape from the Planet of the Apes (1971),"0, 15",https://image.tmdb.org/t/p/w500/AnbLVdUEroTfHTUVAJCxkL4R0IH.jpg
674,3.0155440414507773,386,3.161606314465258,Barbarella (1968),"1, 15",https://image.tmdb.org/t/p/w500/dIAhaCiP7CiyVqZdIkc5UiFEjzX.jpg
2374,2.930327868852459,244,3.1615529982393373,Gung Ho (1986),"4, 7",https://image.tmdb.org/t/p/w500/sxnlQEb8dugTFK2KyFrq3iv3bHn.jpg
1655,2.4285714285714284,77,3.161527394650955,Phantoms (1998),10,https://image.tmdb.org/t/p/w500/aWkmnhNBlQNIPNNz4r0PGksXgT1.jpg
2266,2.871794871794872,195,3.1614622431433155,"Butcher's Wife, The (1991)","4, 14",https://image.tmdb.org/t/p/w500/eX8jjCOTLmAWH9ILAEWCklorjEx.jpg
1483,2.7588652482269502,141,3.161139395503728,Crash (1996),"7, 16",https://image.tmdb.org/t/p/w500/86BdPC6RDX88NC880pLidKn2LCj.jpg
1405,3.04,475,3.1604581517525907,Beavis and Butt-head Do America (1996),"2, 4",https://image.tmdb.org/t/p/w500/qUY1kLHWbRVBMtGALRfytLR5TAQ.jpg
3048,2.352112676056338,71,3.160239654948151,Under the Rainbow (1981),4,https://image.tmdb.org/t/p/w500/mCdXzpghn4tPz6hbQcvS2UwOh1C.jpg
3043,1.725,40,3.1601973278570434,Meatballs 4 (1992),4,https://image.tmdb.org/t/p/w500/7FAaceddynGpLPXKTus6TSUP9YQ.jpg
3225,2.6885245901639343,122,3.1600373972824367,Down to You (2000),"4, 14",https://image.tmdb.org/t/p/w500/pqEEtX4S8j2XqZ9JAD97fz2DPkV.jpg
1105,1.7857142857142858,42,3.159782039904077,Children of the Corn IV: The Gathering (1996),10,https://image.tmdb.org/t/p/w500/tRjeV9AZgCXGTqyvlp7Ui55Yb3l.jpg
2091,2.849462365591398,186,3.1597726311152323,Return from Witch Mountain (1978),"3, 15",https://image.tmdb.org/t/p/w500/47IiUhKdFWuvxcPIAEUC0vJ2h1K.jpg
2451,2.646017699115044,113,3.1593731083513292,"Gate, The (1987)",10,https://image.tmdb.org/t/p/w500/4W58wirZhbzcw2lNzRS2ErKnOGS.jpg
3773,2.818713450292398,171,3.1591025472359746,House Party (1990),4,https://image.tmdb.org/t/p/w500/hmUsEUI7RdgvTznkLCNSOHnjU4O.jpg
1011,2.725925925925926,135,3.158787557878537,Herbie Rides Again (1974),"1, 3, 4",https://image.tmdb.org/t/p/w500/1k14PPykkUQfhjn3xXDrc55lfHl.jpg
2629,2.75,144,3.1582963294630737,"Love Letter, The (1999)","4, 14",https://image.tmdb.org/t/p/w500/aJ1GqLcd0nyuTSbMgKXbdK4JYev.jpg
3834,2.8238636363636362,176,3.158224013016008,Bronco Billy (1980),"1, 7, 14",https://image.tmdb.org/t/p/w500/qiWVmWUq4M9Hc2Ui4jPkAnX6oAz.jpg
1326,2.107142857142857,56,3.1582073122673395,Amityville II: The Possession (1982),10,https://image.tmdb.org/t/p/w500/xx9K2m2Arr5EZUQtmggKtEK1f2a.jpg
177,2.7338129496402876,139,3.1580562392469718,Lord of Illusions (1995),10,https://image.tmdb.org/t/p/w500/6AFFgNbSE5x21ZdOqdJwrk8hMkg.jpg
1586,3.0520646319569122,557,3.1580037650882202,G.I. Jane (1997),"0, 7, 18",https://image.tmdb.org/t/p/w500/6yBgZJYqaR4XkxwjsB9tS4GK1ZN.jpg
2516,1.8444444444444446,45,3.157871973900575,Children of the Corn III (1994),10,https://image.tmdb.org/t/p/w500/xTNGI3MGTlOTiYU9ucfWd79kV2k.jpg
3918,2.802395209580838,167,3.157581532388171,Hellbound: Hellraiser II (1988),10,https://image.tmdb.org/t/p/w500/auPOq1wgZuYSaADejOskBKG6fuV.jpg
2429,2.827777777777778,180,3.157528140501369,Mighty Joe Young (1998),"1, 3, 7",https://image.tmdb.org/t/p/w500/mvjyF85NJVWE0ipfdjoFiRNRLex.jpg
612,2.4050632911392404,79,3.1574172464885533,"Pallbearer, The (1996)",4,https://image.tmdb.org/t/p/w500/zwHI9B3kcj3WqZoE2LaLDi6ZeAO.jpg
2513,2.960655737704918,305,3.1568601679903288,Pet Sematary (1989),10,https://image.tmdb.org/t/p/w500/8ZtH1V4rhrtP53ezlEWrCaMALXF.jpg
267,2.7285714285714286,140,3.1567243746819957,Major Payne (1994),4,https://image.tmdb.org/t/p/w500/kWHx5eq7PELkF3If7LrrhuBskRG.jpg
3453,2.4831460674157304,89,3.1567157529456265,Here on Earth (2000),"7, 14",https://image.tmdb.org/t/p/w500/shvubL3pIrCyEK22ZHrx00oNtCY.jpg
2306,2.488888888888889,90,3.1565245195680234,Holy Man (1998),4,https://image.tmdb.org/t/p/w500/sfJBsOdSbgLLarO6GIS0dWzFcCv.jpg
830,2.952542372881356,295,3.1564390861747147,"First Wives Club, The (1996)",4,https://image.tmdb.org/t/p/w500/2ApifgYnfdJUSmCKzTBrWOYYWsn.jpg
132,2.4945054945054945,91,3.1563337523290618,Jade (1995),16,https://image.tmdb.org/t/p/w500/2pqAJhim9JDYoZhIqVvcgSpCXGx.jpg
3923,2.576923076923077,104,3.1562949535524836,Return of the Fly (1959),"10, 15",https://image.tmdb.org/t/p/w500/a6w010kxAZfr0wsW7OiZgvkMwtN.jpg
382,2.9338235294117645,272,3.1560377871053373,Wolf (1994),"7, 10",https://image.tmdb.org/t/p/w500/82z97hERTx2q6wtcFjLkxKF06p2.jpg
338,2.8823529411764706,221,3.1559935231835823,Virtuosity (1995),"15, 16",https://image.tmdb.org/t/p/w500/5emgnXYrXjqyiup2JsvtuENseiV.jpg
3063,2.7194244604316546,139,3.155753418291301,Poison Ivy (1992),16,https://image.tmdb.org/t/p/w500/igwGf0qNka1qH1HPijgbABfUfB4.jpg
1526,2.465909090909091,88,3.155684212582257,Fathers' Day (1997),4,https://image.tmdb.org/t/p/w500/834wRxQRbbctFupf8AES7CCeTSM.jpg
2051,2.5544554455445545,101,3.155655441042739,Herbie Goes to Monte Carlo (1977),"1, 3, 4",https://image.tmdb.org/t/p/w500/4gMplOTJWAj1oNrv0QJG6SGhBNQ.jpg
1750,2.1904761904761907,63,3.1555480678687635,Star Kid (1997),"1, 3, 8, 15",https://image.tmdb.org/t/p/w500/srnvpaAg83sfYr82meDe6k1nDd.jpg
558,2.7037037037037037,135,3.155317343882007,"Pagemaster, The (1994)","0, 1, 2, 3, 8",https://image.tmdb.org/t/p/w500/1NM0W9fwe2IZ4SPdN5OCNKjkrqN.jpg
809,2.5714285714285716,105,3.154909339467939,Fled (1996),"0, 1",https://image.tmdb.org/t/p/w500/5oGdTgWXCOKerrfdBxJrOlFyifL.jpg
2123,2.869767441860465,215,3.154866960069873,All Dogs Go to Heaven (1989),"2, 3",https://image.tmdb.org/t/p/w500/nmWh1NglDinfkHD9zCNqGWyhl7Q.jpg
3715,2.4545454545454546,88,3.154460970992043,Burglar (1987),4,https://image.tmdb.org/t/p/w500/t3cRLXAdjsWQbXsiACosuTwrwmm.jpg
1839,2.260869565217391,69,3.1543792658559737,My Giant (1998),4,https://image.tmdb.org/t/p/w500/49ylsG7JJFjNRlKTOdMQTgcI7om.jpg
1888,2.994832041343669,387,3.1542963222445097,Hope Floats (1998),"4, 7, 14",https://image.tmdb.org/t/p/w500/6PRFM09xjGSWpXObW87CT5JELGJ.jpg
227,2.6744186046511627,129,3.1540732018474023,Drop Zone (1994),0,https://image.tmdb.org/t/p/w500/bbveyfmq6pGrzKL0l4waeA2WHHp.jpg
2169,2.6769230769230767,130,3.153893942741123,Dead Man on Campus (1998),4,https://image.tmdb.org/t/p/w500/mTr7ARy7lj8ggvg6snLWDo3CnEu.jpg
743,2.5700934579439254,107,3.1533435072157743,Spy Hard (1996),4,https://image.tmdb.org/t/p/w500/yoegp9XEG4YCbJJKR0wvm0BGYpG.jpg
273,2.8975409836065573,244,3.153335227309702,Mary Shelley's Frankenstein (1994),"7, 10",https://image.tmdb.org/t/p/w500/bOwCAQsZlEKrwhPi1ejY6BS8jpL.jpg
79,2.6052631578947367,114,3.1532564834451633,"Juror, The (1996)","7, 16",https://image.tmdb.org/t/p/w500/hNbbdoGVNzwOu22VW2sfiyxDtcK.jpg
330,2.7315436241610738,149,3.1528421670870745,Tales from the Hood (1995),"4, 10",https://image.tmdb.org/t/p/w500/glPNCcI7V8zTTI3BG0iIUJJcwXN.jpg
42,2.8687782805429864,221,3.1528372896222985,Dead Presidents (1995),"0, 5, 7",https://image.tmdb.org/t/p/w500/wRLepMZoUCwjLFb1WSbuUT6uVWR.jpg
996,2.90625,256,3.1524828450390614,Last Man Standing (1996),"0, 7, 19",https://image.tmdb.org/t/p/w500/2gMCokqpIJoh6u5o06LlOZWsI3k.jpg
2522,2.3544303797468356,79,3.152469812969691,Airport '77 (1977),7,https://image.tmdb.org/t/p/w500/m9b3frZR0Wu8I3ayN3QPrxfZMvC.jpg
747,2.0,55,3.152035492397699,"Stupids, The (1996)",4,https://image.tmdb.org/t/p/w500/uR0EPkE66y2DU21NOZAu6xtfpQL.jpg
2378,2.997578692493947,413,3.151660257143103,Police Academy (1984),4,https://image.tmdb.org/t/p/w500/m5a1U549gokC1kxsqgQoRb6XpFg.jpg
2050,2.5384615384615383,104,3.151495913360522,Herbie Goes Bananas (1980),"1, 3, 4",https://image.tmdb.org/t/p/w500/7cBOYLDhHMA351ndLthSxBCwO5N.jpg
2322,2.9310344827586206,290,3.151321082673855,Soldier (1998),"0, 1, 15, 16, 18",https://image.tmdb.org/t/p/w500/rYy5m4nnjdlvB6dyGkP9ELZbUZz.jpg
3432,2.263888888888889,72,3.1513061057841485,Death Wish 3 (1985),"0, 7",https://image.tmdb.org/t/p/w500/mc33TytXxkC9cSKyztDJzwF3lbn.jpg
1826,1.55,40,3.1511005117426834,Barney's Great Adventure (1998),"1, 3",https://image.tmdb.org/t/p/w500/tSadXiI88soRyS4mcSr7PsKWaqN.jpg
3,3.01673640167364,478,3.1509497671105544,Grumpier Old Men (1995),"4, 14",https://image.tmdb.org/t/p/w500/1FSXpj5e8l4KH6nVFO5SPUeraOt.jpg
2142,2.8308457711442787,201,3.1507488917635627,"American Tail: Fievel Goes West, An (1991)","2, 3, 4",https://image.tmdb.org/t/p/w500/k4aLupAkHWwHiEDwvqsZFAnUYF.jpg
416,2.4269662921348316,89,3.1506070174538734,Bad Girls (1994),19,https://image.tmdb.org/t/p/w500/cXY79luLXt2dzUP2Tx601zpZFzK.jpg
1342,2.904580152671756,262,3.150551531806349,Candyman (1992),10,https://image.tmdb.org/t/p/w500/qeV15PpR8jFJA9TF9JPXIoqEgp1.jpg
3017,2.5288461538461537,104,3.1502961533125315,Creepshow 2 (1987),10,https://image.tmdb.org/t/p/w500/x8vMzaVwjlVuf7eI0gTgf5i2Rfh.jpg
2655,1.7659574468085106,47,3.14973836933161,Howling II: Your Sister Is a Werewolf (1985),10,https://image.tmdb.org/t/p/w500/ffU0H9n2l8xkfHps7jDyysrLq1H.jpg
2461,2.096774193548387,62,3.1494274716184396,Leatherface: Texas Chainsaw Massacre III (1990),10,https://image.tmdb.org/t/p/w500/gqAq8gszz5OUbm4s622M24xnmOK.jpg
544,2.643410852713178,129,3.149413912389045,Striking Distance (1993),0,https://image.tmdb.org/t/p/w500/1bLazrQWJQhO6u58vJZXJZ3ZFDh.jpg
3864,2.6923076923076925,143,3.1493087034796505,Godzilla 2000 (Gojira ni-sen mireniamu) (1999),"0, 1, 15",https://image.tmdb.org/t/p/w500/8zTfwYxFhSlqjtltkkhpsK6Eg2m.jpg
489,2.4742268041237114,97,3.149149236280696,Made in America (1993),4,https://image.tmdb.org/t/p/w500/2frB553lKEm1q4dds5PUqLNQA3z.jpg
2500,2.596638655462185,119,3.148817729859747,Jawbreaker (1999),4,https://image.tmdb.org/t/p/w500/gwjJPAraQy5fDd3NJvK677uItU4.jpg
48,2.9764397905759163,382,3.1486926169914486,Pocahontas (1995),"2, 3, 12, 14",https://image.tmdb.org/t/p/w500/wpwFGXyvNAWrM6LCHUb2VUgkopw.jpg
3180,2.2,70,3.1479322623964916,Play it to the Bone (1999),"4, 7",https://image.tmdb.org/t/p/w500/qSJl8pD17doJsAkou5mPvDogBQT.jpg
3840,2.544642857142857,112,3.1464906046179384,Pumpkinhead (1988),10,
174,2.308641975308642,81,3.1459245450783406,Jury Duty (1995),4,https://image.tmdb.org/t/p/w500/DbKQDPqBE4kCaePj4CHu6r3ZAb.jpg
719,2.8619246861924688,239,3.1458666430418125,Multiplicity (1996),4,https://image.tmdb.org/t/p/w500/t3CUIrzJwxIS7uS1YDJdfSJuPAo.jpg
516,2.870967741935484,248,3.14554664325933,Renaissance Man (1994),"4, 7, 18",https://image.tmdb.org/t/p/w500/iPRtaSfN8gNWFclgrcg5oD3V41i.jpg
2598,3.016885553470919,533,3.145165816860194,Pushing Tin (1999),4,https://image.tmdb.org/t/p/w500/61FWajJNKeS27DO4KgvS5LUgcHh.jpg
444,2.2962962962962963,81,3.144690738785928,Even Cowgirls Get the Blues (1993),"4, 14",https://image.tmdb.org/t/p/w500/20x8nm0nPXkYv04COAHFA2AHyAl.jpg
2041,2.668965517241379,145,3.1443931890062835,Condorman (1981),"0, 1, 3, 4",https://image.tmdb.org/t/p/w500/wRe9kAvjN5IGAjPd0oCKhjyQDt0.jpg
436,2.652482269503546,141,3.143907919340603,Color of Night (1994),"7, 16",https://image.tmdb.org/t/p/w500/w1OBPkf3BxeC7543YzFwiKIwBFJ.jpg
64,2.2658227848101267,79,3.1438118043116825,Two if by Sea (1996),"4, 14",https://image.tmdb.org/t/p/w500/xSfqAMYqrTtDeAjPtYo0S8nc5Zz.jpg
2386,1.9661016949152543,59,3.1436548431020865,Jerry Springer: Ringmaster (1998),7,https://image.tmdb.org/t/p/w500/9QNqeKB4XodrvEiYewOTG9WEka5.jpg
168,2.9502762430939224,362,3.1431716388327944,First Knight (1995),"0, 1, 7, 14",https://image.tmdb.org/t/p/w500/xuXkCcrvUTkehVXuTGpnfySsx0Z.jpg
303,2.9760765550239237,418,3.143156290881042,"Quick and the Dead, The (1995)","0, 1, 19",https://image.tmdb.org/t/p/w500/9VAY6pSG6Tx1NCmFvg8VhGvlV33.jpg
694,2.645390070921986,141,3.1427591542630617,"Substitute, The (1996)",0,https://image.tmdb.org/t/p/w500/zHApRXaV1NckNtZh6PnKChie2l1.jpg
437,2.046875,64,3.1427496456030184,Cops and Robbersons (1994),4,https://image.tmdb.org/t/p/w500/wnkWgFU5UcLwbExCp1YtCg5Ox4E.jpg
2072,2.910891089108911,303,3.1426361683157342,"'burbs, The (1989)",4,https://image.tmdb.org/t/p/w500/jwYKzJS0C3A711hmg1G4ptI0InF.jpg
4,2.7294117647058824,170,3.1426034950372377,Waiting to Exhale (1995),"4, 7",https://image.tmdb.org/t/p/w500/qJU6rfil5xLVb5HpJsmmfeSK254.jpg
2515,1.7884615384615385,52,3.142382397678817,Children of the Corn II: The Final Sacrifice (1993),10,https://image.tmdb.org/t/p/w500/5UaH4zhfKT1taJGHUwPxm29ZENf.jpg
92,2.340909090909091,88,3.1422285550899023,Mary Reilly (1996),"7, 16",https://image.tmdb.org/t/p/w500/eAOPWQdwytdRaLK3VXi7JFJFqmj.jpg
3695,1.8113207547169812,53,3.1422004393431244,"Toxic Avenger Part III: The Last Temptation of Toxie, The (1989)","4, 10",https://image.tmdb.org/t/p/w500/yEOliKp5hZIBR0lDr9L3mJLijT0.jpg
2462,1.8333333333333333,54,3.1420189454830827,"Return of the Texas Chainsaw Massacre, The (1994)",10,https://image.tmdb.org/t/p/w500/e1ikqofvLBddrZJ73IjmJWhUYus.jpg
87,2.210526315789474,76,3.141864486388572,Dunston Checks In (1996),"3, 4",https://image.tmdb.org/t/p/w500/xR2cWC04kWNr7TBeXNOf4uOqn00.jpg
2152,2.1159420289855073,69,3.141855784328109,Air Bud: Golden Receiver (1998),"3, 4",https://image.tmdb.org/t/p/w500/y3ohh9NyWx2oj2op1dfrkwJMeFE.jpg
3945,1.4883720930232558,43,3.1414522249656893,Digimon: The Movie (2000),"1, 2, 3",https://image.tmdb.org/t/p/w500/tiH1muonzAWzlLjPhjAcAYVAjzm.jpg
255,2.0606060606060606,66,3.1411336816920112,"Jerky Boys, The (1994)",4,https://image.tmdb.org/t/p/w500/yUbdqyZaeaoNKBQmnmtim1IIAf1.jpg
1513,3.0463576158940397,755,3.140971265601883,Romy and Michele's High School Reunion (1997),4,https://image.tmdb.org/t/p/w500/dpX4AFvoCNr5dmqyTfJrOvSb8M4.jpg
2530,2.9452054794520546,365,3.140951890165368,Beneath the Planet of the Apes (1970),"0, 15",https://image.tmdb.org/t/p/w500/v1r5mBh9hxxWpvZl9G3cP7d1Mh9.jpg
3324,2.763157894736842,190,3.140589280898309,Drowning Mona (2000),4,https://image.tmdb.org/t/p/w500/iuN2SXCGPIlC7pAPCOzqAdeaDji.jpg
1327,2.9380281690140846,355,3.140407417045639,"Amityville Horror, The (1979)",10,https://image.tmdb.org/t/p/w500/7VMscq0659xKmcXzd86de1DGV4W.jpg
122,2.768041237113402,194,3.139980339779096,Boomerang (1992),"4, 14",https://image.tmdb.org/t/p/w500/nmca3IeMIe3DLD8WOyvnmvGanIo.jpg
3387,2.722543352601156,173,3.139913400316892,Who's Harry Crumb? (1989),4,https://image.tmdb.org/t/p/w500/6iUoyyaMklULVoGJDyHcN4nGgSX.jpg
2170,2.5528455284552845,123,3.1399083211565926,Wrongfully Accused (1998),"0, 4",https://image.tmdb.org/t/p/w500/6FG3aldS4eVD4baKwmAi9P8kdRS.jpg
2026,2.68944099378882,161,3.139552884655806,Disturbing Behavior (1998),"10, 16",https://image.tmdb.org/t/p/w500/uAhvaueOUUQ6ORCRdsJr1WXz1w0.jpg
1592,2.4910714285714284,112,3.1393604798407546,Air Bud (1997),"3, 4",https://image.tmdb.org/t/p/w500/kDfzh6QdX2tseTwwyB7lp2RP7iE.jpg
2900,2.6832298136645965,161,3.138429920029192,Monkey Shines (1988),"10, 15",https://image.tmdb.org/t/p/w500/zbxrAWN2Ss5RXK1uDvMW82xFh0n.jpg
1987,2.32967032967033,91,3.1380522166800673,Prom Night (1980),10,https://image.tmdb.org/t/p/w500/pKSeyN02R5khphImEIpAdBjQgEP.jpg
879,2.827004219409283,237,3.1378911989508484,"Relic, The (1997)",10,https://image.tmdb.org/t/p/w500/thWAdfTM9JLCb9w2ShBH2gUByIA.jpg
1717,2.975824175824176,455,3.1378403071219885,Scream 2 (1997),"10, 16",https://image.tmdb.org/t/p/w500/dORlVasiaDkJXTqt9bdH7nFNs6C.jpg
1603,2.925287356321839,348,3.1376072796157732,Mimic (1997),"15, 16",https://image.tmdb.org/t/p/w500/ieRRo78f8JzEKxfiCKqJyFg6l8o.jpg
3663,1.8620689655172413,58,3.1374880556012634,Puppet Master 4 (1993),"10, 15, 16",https://image.tmdb.org/t/p/w500/fRIpNpZVL73MGJ7E2ZYt03tggeX.jpg
315,2.65359477124183,153,3.137418519870816,"Specialist, The (1994)",0,https://image.tmdb.org/t/p/w500/imt2pLZmvOiaH1HteyToJVjJGcH.jpg
2505,2.863970588235294,272,3.137066244419366,8MM (1999),16,https://image.tmdb.org/t/p/w500/mhr9xRpjOBqlBjgDwtiOx6FsLvV.jpg
1983,2.753846153846154,195,3.1365839305419096,Halloween II (1981),10,https://image.tmdb.org/t/p/w500/vSHPM4LQDpWdQrD5KZWK6wNqSOD.jpg
833,2.1794871794871793,78,3.1365595588681057,High School High (1996),4,https://image.tmdb.org/t/p/w500/lRpHnkaVTktuuR3TJF7oc1wa0Vr.jpg
3774,1.96875,64,3.1364484483755453,House Party 2 (1991),4,https://image.tmdb.org/t/p/w500/4iKDkzUZtS6vzINfbwYHAb1bNbA.jpg
3895,2.3404255319148937,94,3.136334965131749,"Watcher, The (2000)","5, 16",https://image.tmdb.org/t/p/w500/vjbBTgm72VEFCeS7VZbtruu0XG0.jpg
3500,2.711864406779661,177,3.135986589945941,Mr. Saturday Night (1992),"4, 7",https://image.tmdb.org/t/p/w500/tDAJzffAZyhpEsRiRCH3J9abTbZ.jpg
3825,2.7611940298507465,201,3.1357032173949433,Coyote Ugly (2000),7,https://image.tmdb.org/t/p/w500/xYM0laKrEqjiRSQNvqRrXPXN3iL.jpg
157,2.732620320855615,187,3.1355939375733715,Canadian Bacon (1994),"4, 18",https://image.tmdb.org/t/p/w500/bzK2aQ8xUB67kwCR5LHTSY99HtT.jpg
3752,3.0,560,3.1351468350414855,"Me, Myself and Irene (2000)",4,https://image.tmdb.org/t/p/w500/rvRrcbLbpn7UJGRH1JupgHOeJFq.jpg
3785,3.0114192495921697,613,3.1350255819634976,Scary Movie (2000),"4, 10",https://image.tmdb.org/t/p/w500/9hxL94pzuix9GWwba8dr4luINyo.jpg
1323,1.372093023255814,43,3.1349797330563045,Amityville 3-D (1983),10,https://image.tmdb.org/t/p/w500/gYvFL6REedBvjTSzVAhyk5imJgq.jpg
3835,2.707865168539326,178,3.134734814089251,"Crush, The (1993)",16,https://image.tmdb.org/t/p/w500/4B0eHFjUYYZlkE1fthC29KVC4CS.jpg
3661,2.207317073170732,82,3.1346541513074495,Puppet Master II (1990),"10, 15, 16",https://image.tmdb.org/t/p/w500/dy5tzZFWFTjbNyG4KNP6yMjZ6l9.jpg
464,2.7824074074074074,216,3.1346079786208305,Hard Target (1993),"0, 1, 5, 16",https://image.tmdb.org/t/p/w500/mXCM7pmUFUGp7QzSmare3RITe6n.jpg
520,2.93048128342246,374,3.134365060068868,Robin Hood: Men in Tights (1993),4,https://image.tmdb.org/t/p/w500/woexOLEkUlYsPLLuZRK6LjZaF38.jpg
3355,2.8758389261744965,298,3.133597901494886,"Ninth Gate, The (2000)",16,https://image.tmdb.org/t/p/w500/iFDtmA8Bg9zE4NcsjcmGfqFN01H.jpg
438,2.625,152,3.1330366917594956,"Cowboy Way, The (1994)","0, 4",https://image.tmdb.org/t/p/w500/r7sckMs1xy4fXYGzzs6anofu10F.jpg
2113,2.151898734177215,79,3.132680078894243,Graveyard Shift (1990),"10, 16",https://image.tmdb.org/t/p/w500/h32oRCDvuHWmioXQMgvMHYWIyEd.jpg
2093,2.851449275362319,276,3.132542858066629,Return to Oz (1985),"1, 3, 8, 15",https://image.tmdb.org/t/p/w500/prd9KCTa12RDnKgyfR9hWHbMzBI.jpg
2387,2.774193548387097,217,3.132352713984147,Very Bad Things (1998),"4, 5",https://image.tmdb.org/t/p/w500/rYmyRxF5e9fBdgcQScKu0CUtMy5.jpg
312,2.4375,112,3.132230355063571,Stuart Saves His Family (1995),4,https://image.tmdb.org/t/p/w500/80YaWpUokDoPynsJi0ittpts3J0.jpg
186,2.7630331753554502,211,3.1321338051951035,Nine Months (1995),4,https://image.tmdb.org/t/p/w500/z1nzYuoeTbGBrSicDxJEhJhEQz8.jpg
366,2.8207171314741037,251,3.1318427779561397,Wes Craven's New Nightmare (1994),10,https://image.tmdb.org/t/p/w500/eN3UZUYapJ2CJCD9dN0LUZLouKa.jpg
3664,1.6851851851851851,54,3.131808351992336,Puppet Master 5: The Final Chapter (1994),"10, 15, 16",https://image.tmdb.org/t/p/w500/720enBtdvWBRLge8jlJubLTl9Sf.jpg
3919,2.2298850574712645,87,3.1313800903686406,Hellraiser III: Hell on Earth (1992),10,https://image.tmdb.org/t/p/w500/qnXEJp6KP6aIGWhNrg1fOKza4kp.jpg
3768,2.1604938271604937,81,3.1311188695693954,Braddock: Missing in Action III (1988),"0, 18",https://image.tmdb.org/t/p/w500/y8Gp0TAQr8Z2Cy4ROSYzvOiMEMf.jpg
1488,2.857638888888889,288,3.1309796990525753,"Devil's Own, The (1997)","0, 7, 16, 18",https://image.tmdb.org/t/p/w500/3KIPu7H3tST0j4tpqdKpQZUBCQz.jpg
631,2.08,75,3.130853752375382,All Dogs Go to Heaven 2 (1996),"2, 3, 12",https://image.tmdb.org/t/p/w500/kNmIJILOW9qF2F1Z0qOXkadaS50.jpg
3693,2.697802197802198,182,3.1308522696500223,"Toxic Avenger, The (1985)","4, 10",https://image.tmdb.org/t/p/w500/so0CGT1fZe2SlVdYXCewghxUgoj.jpg
102,1.8166666666666667,60,3.1308066419075304,Mr. Wrong (1996),4,https://image.tmdb.org/t/p/w500/yGbPzJ5hib2TFi0Rkb6JH8webaL.jpg
3694,1.8548387096774193,62,3.13047611343777,"Toxic Avenger, Part II, The (1989)","4, 10",https://image.tmdb.org/t/p/w500/m5o7B3VSAjvinjtSYxXD38senvb.jpg
1855,2.3981481481481484,108,3.1304738433265618,Krippendorf's Tribe (1998),4,https://image.tmdb.org/t/p/w500/5mmGI4O1gWYrwpPQ22hgHu9PkIv.jpg
2965,2.0277777777777777,72,3.1300958749669308,"Omega Code, The (1999)",0,https://image.tmdb.org/t/p/w500/hIQyTUQ2b7U8YufIrDPtZpVwg9S.jpg
305,2.5039370078740157,127,3.129914587023929,Ready to Wear (Pret-A-Porter) (1994),4,https://image.tmdb.org/t/p/w500/iL9vfy1YTdtOO7QqL7nAEKAPIdt.jpg
93,2.235955056179775,89,3.1298373167819125,Vampire in Brooklyn (1995),"4, 14",https://image.tmdb.org/t/p/w500/fodPA5x3REtOwColG17CucreZqM.jpg
1495,1.3181818181818181,44,3.129633928617964,Turbo: A Power Rangers Movie (1997),"0, 1, 3",https://image.tmdb.org/t/p/w500/4mau5EXQoKUTiS5wx3Wocwrh5hG.jpg
548,2.5474452554744524,137,3.1295693523208254,Terminal Velocity (1994),0,https://image.tmdb.org/t/p/w500/jmxE6kKhXaqD2ZKJQO8FYDaLgQ5.jpg
2794,2.9220779220779223,385,3.1294498374033157,European Vacation (1985),4,https://image.tmdb.org/t/p/w500/4IwFj1UWyZlMf8es2URyv6HWxMx.jpg
3489,3.018005540166205,722,3.129019527238026,Hook (1991),"1, 8",https://image.tmdb.org/t/p/w500/a6rB1lGXoGms7gWxRfJneQmAjNV.jpg
533,2.7339901477832513,203,3.1289778485640696,"Shadow, The (1994)",0,https://image.tmdb.org/t/p/w500/mCdT4GCPLDvgc1WNZDM3HKboAqg.jpg
1731,1.875,64,3.1288870117025773,Mr. Magoo (1997),4,https://image.tmdb.org/t/p/w500/zlsDfK40kky772prEMfYhKt54W8.jpg
360,2.4960629921259843,127,3.1287470447005195,I Love Trouble (1994),"0, 4",https://image.tmdb.org/t/p/w500/2uyytK3XFRPFXoTchFDtsWiSujn.jpg
2385,2.5753424657534247,146,3.128237400098224,Home Fries (1998),"4, 14",https://image.tmdb.org/t/p/w500/rXEpaJIPlBqKq7QepB8uowmeAT2.jpg
3385,2.5531914893617023,141,3.1278252082550204,Volunteers (1985),4,https://image.tmdb.org/t/p/w500/35f6DPxoRswSTQickRVGe33i2cL.jpg
1379,2.907859078590786,369,3.1276939861502004,Young Guns II (1990),"0, 4, 19",https://image.tmdb.org/t/p/w500/7kMjla98srGHlFzAEmoGRcr6GN1.jpg
3391,2.28125,96,3.127524947045421,Who's That Girl? (1987),4,https://image.tmdb.org/t/p/w500/2Yu6ciKKgSWIZAzUg4IrrifO23z.jpg
842,2.589403973509934,151,3.12750919226121,Tales from the Crypt Presents: Bordello of Blood (1996),10,https://image.tmdb.org/t/p/w500/aKkUQ0Zd9TFlqfcMMHFKQBB15wZ.jpg
1468,2.5625,144,3.1273861978088093,Booty Call (1997),"4, 14",https://image.tmdb.org/t/p/w500/1pQpHVm3AXIwbBUnwGEQ0q95E0L.jpg
637,2.5428571428571427,140,3.1268221320137957,Sgt. Bilko (1996),4,https://image.tmdb.org/t/p/w500/q4zmVdQq35ZBj8uyxsU2RCPOQxo.jpg
2792,2.9802867383512543,558,3.1268130825522293,Airplane II: The Sequel (1982),4,https://image.tmdb.org/t/p/w500/zs7Pjyabt0fwe2XqIx0gnF9Q4np.jpg
1320,3.037837837837838,925,3.126486457410695,Alien³ (1992),"0, 10, 15, 16",https://image.tmdb.org/t/p/w500/rJOj0T5DyChfECevDg0xpEGznsl.jpg
2259,2.716417910447761,201,3.126030998157974,Blame It on Rio (1984),"4, 14",https://image.tmdb.org/t/p/w500/yzNtmqL6HUFC7FZl9DnGmhnCQUL.jpg
1739,1.3617021276595744,47,3.125269599209266,3 Ninjas: High Noon On Mega Mountain (1998),"0, 3",
2606,2.7246376811594204,207,3.12522353847944,Idle Hands (1999),"4, 10",https://image.tmdb.org/t/p/w500/mCO4gU1lkViGXTkoRBEYrvjDIJu.jpg
782,2.5517241379310347,145,3.124953509189245,"Fan, The (1996)",16,https://image.tmdb.org/t/p/w500/ykQjvmeJf4QbRSnVpUS2W6jAgFw.jpg
3709,2.3893805309734515,113,3.124951743366166,Sleepwalkers (1992),10,https://image.tmdb.org/t/p/w500/iXApETi7aTxG9IPqxMRLeFxgJnC.jpg
2368,1.6896551724137931,58,3.1247896429028508,King Kong Lives (1986),"0, 1, 10",https://image.tmdb.org/t/p/w500/gI37vg2otF348OHxsx97hWCVvNI.jpg
2335,2.926190476190476,420,3.124638402597647,"Waterboy, The (1998)",4,https://image.tmdb.org/t/p/w500/miT42qWYC4D0n2mXNzJ9VfhheWW.jpg
606,2.225806451612903,93,3.1243426672170154,Candyman: Farewell to the Flesh (1995),10,https://image.tmdb.org/t/p/w500/2scgM9dFaHEppWb3tS99gCAh8KX.jpg
3156,2.906005221932115,383,3.124289297785164,Bicentennial Man (1999),"4, 7, 15",https://image.tmdb.org/t/p/w500/wrs23eO0VEWwOQpXoOasMnlW9Y4.jpg
2269,2.737327188940092,217,3.1239005216967723,Indecent Proposal (1993),7,https://image.tmdb.org/t/p/w500/a39WoiTJEG5kNLIrr3kOMwg3LFg.jpg
2458,2.476923076923077,130,3.1236437973077313,Armed and Dangerous (1986),"4, 5",https://image.tmdb.org/t/p/w500/28SqYDrMyF5EqXfSmRgoqdYzNz5.jpg
442,2.9921875,640,3.1236012002818514,Demolition Man (1993),"0, 15",https://image.tmdb.org/t/p/w500/pxWuGsyzVQSqHWxVQLy4XUcopIL.jpg
765,2.6315789473684212,171,3.123566733798995,Jack (1996),"4, 7",https://image.tmdb.org/t/p/w500/9W6UI8UQ4YdLCAaPFd0lcKJ1tX4.jpg
798,2.7058823529411766,204,3.1224122590101717,Daylight (1996),"0, 1, 16",https://image.tmdb.org/t/p/w500/7XL0WcNx1AuFLR96vka3cHOgy7a.jpg
2082,2.886426592797784,361,3.1222116861861484,"Mighty Ducks, The (1992)","3, 4",https://image.tmdb.org/t/p/w500/veGW1N6QUglP4osDdOUI6CZCcBI.jpg
2961,2.817857142857143,280,3.122111781858341,"Story of Us, The (1999)","4, 7",https://image.tmdb.org/t/p/w500/8rm0CZpHW1D7pIv8OguJNHF93LV.jpg
1606,2.3394495412844036,109,3.1219699985521707,Kull the Conqueror (1997),"0, 1",https://image.tmdb.org/t/p/w500/cgKK2eCdb5LLaQBDQZbmR312q1O.jpg
3717,2.9743150684931505,584,3.121257589483057,Gone in 60 Seconds (2000),"0, 5",https://image.tmdb.org/t/p/w500/qYyeAodAOe4nHuzkHdN35ValzLT.jpg
2107,2.6884422110552766,199,3.1209174408034412,Halloween: H20 (1998),"10, 16",https://image.tmdb.org/t/p/w500/lqLXUm3oK59sGJKRH2Zjj2m3iMg.jpg
3946,2.26,100,3.120882270989747,Get Carter (2000),"0, 7, 16",https://image.tmdb.org/t/p/w500/xGANaRWD6638ch1qQmqgRp395R6.jpg
2974,1.835820895522388,67,3.1208686048788388,Bats (1999),"10, 16",https://image.tmdb.org/t/p/w500/pZRcf2BwcxWg594X6XT2jkR2qdb.jpg
3908,2.1847826086956523,92,3.120842171376744,Urban Legends: Final Cut (2000),10,https://image.tmdb.org/t/p/w500/9kjGrnhMz37RYEd5BFcrU1qkPkl.jpg
2027,2.449612403100775,129,3.1202933532743096,Mafia! (1998),"4, 5",https://image.tmdb.org/t/p/w500/ckYR7w9XmbyQHNoC1UD5j1Lax3u.jpg
2036,2.21875,96,3.1202566248164687,Blank Check (1994),"3, 4",https://image.tmdb.org/t/p/w500/qhsH1BGqeCDHoogt5ebxOgERJGb.jpg
1021,2.769230769230769,247,3.1200940540563185,Angels in the Outfield (1994),"3, 4",https://image.tmdb.org/t/p/w500/7WRt6l7tiXVPG9zLco1rwy5Ffw9.jpg
1665,2.685,200,3.119711504880038,Bean (1997),4,https://image.tmdb.org/t/p/w500/IwrDPrB4d2DMcpnGkvan46yINL.jpg
3177,2.6011904761904763,168,3.119522945722557,Next Friday (1999),4,https://image.tmdb.org/t/p/w500/dP4fYCGQZzg17ta7FvLwJVCwwt9.jpg
1762,2.73568281938326,227,3.1194687337020337,Deep Rising (1998),"0, 10, 15",https://image.tmdb.org/t/p/w500/fCRNZE9HVeMT7T7A5aU3DLxANCX.jpg
1980,2.1538461538461537,91,3.1185519119878062,Friday the 13th Part VII: The New Blood (1988),10,https://image.tmdb.org/t/p/w500/rUzk9Qnyz2FZGxHMBrq6DYIQZkO.jpg
2558,2.74468085106383,235,3.1184778058952776,Forces of Nature (1999),"4, 14",https://image.tmdb.org/t/p/w500/iBp6DVHCDSSdxJe8r8RalGjSTO6.jpg
2818,1.603448275862069,58,3.1184404365536444,Iron Eagle IV (1995),"0, 18",https://image.tmdb.org/t/p/w500/11a0w12nHY7rVjYSbnAeABOsKF.jpg
3130,2.3728813559322033,118,3.118314859924478,Bonfire of the Vanities (1990),4,https://image.tmdb.org/t/p/w500/pdrPrygZ5dVKi8UxrUXMmq1k2iO.jpg
585,2.9066985645933014,418,3.117883959726358,"Brady Bunch Movie, The (1995)",4,https://image.tmdb.org/t/p/w500/kbJfBJh5vEf5356Jlm6P37H48hD.jpg
2460,2.353448275862069,116,3.1174119973814256,"Texas Chainsaw Massacre 2, The (1986)",10,https://image.tmdb.org/t/p/w500/cO1Dvg7k87lHSPOdumn3ddJEKdX.jpg
2531,2.8333333333333335,312,3.117399753995194,Battle for the Planet of the Apes (1973),"0, 15",https://image.tmdb.org/t/p/w500/dP5dYjLp5p2CG103cJMio4Nj29d.jpg
2149,2.2524271844660193,103,3.116843055598793,House II: The Second Story (1987),"4, 10",https://image.tmdb.org/t/p/w500/o58So9NfjKPITUQhQdpCUdTi9Vn.jpg
2574,2.6683417085427137,199,3.116609417109311,"Out-of-Towners, The (1999)",4,https://image.tmdb.org/t/p/w500/tT5mBNkauIEReqBtn3WiZUFO45M.jpg
2851,2.443609022556391,133,3.116257210186661,Saturn 3 (1979),"1, 15, 16",https://image.tmdb.org/t/p/w500/zAoLR1azwd8QbglnjWpOwJ4PI6C.jpg
1595,1.7384615384615385,65,3.11613825523725,Free Willy 3: The Rescue (1997),"1, 3, 7",https://image.tmdb.org/t/p/w500/xzca4bxgP2aEMlPTyq5vqhsunFB.jpg
370,2.8980582524271843,412,3.1158754654279415,Naked Gun 33 1/3: The Final Insult (1994),4,https://image.tmdb.org/t/p/w500/p0AYsdgkudR9P5fNV5AjzbwQt8W.jpg
2723,3.0105509964830013,853,3.1158115916499183,Mystery Men (1999),"0, 1, 4",https://image.tmdb.org/t/p/w500/ciVSbFmDecOIwlxl9F6GhHVgCVJ.jpg
2279,2.7168141592920354,226,3.115407476489791,Urban Legend (1998),"10, 16",https://image.tmdb.org/t/p/w500/9kjGrnhMz37RYEd5BFcrU1qkPkl.jpg
2840,2.899761336515513,419,3.115169215312142,Stigmata (1999),16,https://image.tmdb.org/t/p/w500/sKS1Vuqj7OQpOumfs6ArC0TICTN.jpg
542,2.674757281553398,206,3.114667924944944,Son in Law (1993),4,https://image.tmdb.org/t/p/w500/A1PzB78kLgJRhslXumMTFjsIUcV.jpg
2188,2.7644787644787643,259,3.11458962446737,54 (1998),7,https://image.tmdb.org/t/p/w500/gLjt54vow8CEOHdgRkQCyXwbq52.jpg
1985,2.4108527131782944,129,3.1144692414513626,Halloween 4: The Return of Michael Myers (1988),10,https://image.tmdb.org/t/p/w500/eFSOkXF9n9hsfGv45MDsPixiOyx.jpg
3616,2.4565217391304346,138,3.1144344020587837,Loser (2000),"4, 14",https://image.tmdb.org/t/p/w500/r6M5k3HHZEGwd4Mm4zvFAR6v9z6.jpg
332,2.546583850931677,161,3.1137246982436784,Village of the Damned (1995),"10, 15",https://image.tmdb.org/t/p/w500/vnK68SPMQTvLWVYaNMINJOismEr.jpg
20,2.5375,160,3.112728323536813,Money Train (1995),0,https://image.tmdb.org/t/p/w500/jWBDz6Mf9aQVBiUS76JQsEhvoJl.jpg
2375,2.8923444976076556,418,3.1126552015564233,"Money Pit, The (1986)",4,https://image.tmdb.org/t/p/w500/bohhidIi1WWU5NNYF9l5wLQu3Ii.jpg
2265,2.0,83,3.1123345769673785,Nothing But Trouble (1991),"1, 4",https://image.tmdb.org/t/p/w500/b7FDnVIpUs5IUYx1WvaUfK1ohDQ.jpg
3394,2.6714285714285713,210,3.112050924732299,Blind Date (1987),"4, 14",https://image.tmdb.org/t/p/w500/9Cqpi47eDzd4QZS1TJdwhN70Mz3.jpg
3208,2.7613636363636362,264,3.111999842763961,Loaded Weapon 1 (1993),"0, 4",https://image.tmdb.org/t/p/w500/moP0nyVWVisqSeH6nMewWyIPV6z.jpg
2042,2.6321243523316062,193,3.1119477981420003,D2: The Mighty Ducks (1994),"3, 4",https://image.tmdb.org/t/p/w500/veGW1N6QUglP4osDdOUI6CZCcBI.jpg
2548,2.2285714285714286,105,3.111769734914314,"Rage: Carrie 2, The (1999)",10,https://image.tmdb.org/t/p/w500/jJmIf22gwwQPAFJfZ6Tr1MwSpRg.jpg
2121,2.730612244897959,245,3.111105021842991,Cujo (1983),"10, 16",https://image.tmdb.org/t/p/w500/uNBt2YxrQdyOjnm2rDQ5QiCmQ0K.jpg
3662,2.097826086956522,92,3.111103887749233,Puppet Master III: Toulon's Revenge (1991),"10, 15, 16",https://image.tmdb.org/t/p/w500/uSSZGAEnSJ8ov81i7UVYcFOeThP.jpg
1544,3.036653386454183,1255,3.110996141993447,"Lost World: Jurassic Park, The (1997)","0, 1, 15, 16",https://image.tmdb.org/t/p/w500/jElpCJkSaRPYwIMwZY28gOKV7BK.jpg
1752,2.6553398058252426,206,3.110392136596467,Hard Rain (1998),"0, 16",https://image.tmdb.org/t/p/w500/aOZ8iC7Zr8Eh4I9kdmEgxazq7qy.jpg
3889,2.414814814814815,135,3.11020456192712,Highlander: Endgame (2000),"0, 1, 8",https://image.tmdb.org/t/p/w500/pFgdn4kwtgLjd73lXFtif7G2GWs.jpg
1894,2.910828025477707,471,3.1101806278933735,Six Days Seven Nights (1998),"1, 4, 14",https://image.tmdb.org/t/p/w500/fzWrrCzRa16v51TXAUuT6Wendw7.jpg
410,2.9071274298056156,463,3.110081210722009,Addams Family Values (1993),4,https://image.tmdb.org/t/p/w500/sdxT2VjVSx9DRicwnuECUdBHeE7.jpg
2410,2.8753117206982544,401,3.1099264429774394,Rocky III (1982),"0, 7",https://image.tmdb.org/t/p/w500/9jS3wG3cNSEu8sVUFAFQ8exyaaH.jpg
2793,2.7547169811320753,265,3.109876162680739,"American Werewolf in Paris, An (1997)","4, 10",https://image.tmdb.org/t/p/w500/atUXvqMEbN4cutgrC3pbfXOap8E.jpg
1438,2.8161993769470404,321,3.109730455769629,Dante's Peak (1997),"0, 16",https://image.tmdb.org/t/p/w500/8PRVIfZzDgw8EV3sDWJ6NA1ZMAn.jpg
1911,2.9297912713472485,527,3.1092493782618345,Doctor Dolittle (1998),4,https://image.tmdb.org/t/p/w500/rViuZo27U8wcZHGuRliv9LfmhjV.jpg
2806,2.6331658291457285,199,3.109070375644583,Teaching Mrs. Tingle (1999),"4, 16",https://image.tmdb.org/t/p/w500/cGv0tkWZZSmoaPYiOsDcGmMhKq7.jpg
276,2.692982456140351,228,3.10890009794882,Milk Money (1994),"4, 14",https://image.tmdb.org/t/p/w500/od8SCOMLDq4iRYaHNqihQVn1SNE.jpg
15,2.458904109589041,146,3.1088199243700685,Cutthroat Island (1995),"0, 1, 14",https://image.tmdb.org/t/p/w500/cDYa1i5UzXWztO5ZUp4azv7ycPs.jpg
2532,2.8435754189944134,358,3.1087557184239034,Conquest of the Planet of the Apes (1972),"0, 15",https://image.tmdb.org/t/p/w500/lZ1pUxJCO14ObrhDuxTBuYm0tjN.jpg
2710,3.0315278900565885,1237,3.1084525012895985,"Blair Witch Project, The (1999)",10,https://image.tmdb.org/t/p/w500/9050VGrYjYrEjpOvDZVAngLbg1f.jpg
379,2.889908256880734,436,3.108341350309734,Timecop (1994),"0, 15",https://image.tmdb.org/t/p/w500/bgxP6ws8ErBiarnb4S93vv0lkf4.jpg
2498,2.3333333333333335,123,3.108236766904393,My Favorite Martian (1999),"4, 15",https://image.tmdb.org/t/p/w500/pOp4xriDEFUy2uN0BfnHJcjzqWt.jpg
2735,2.89760348583878,459,3.1070861117257005,"Golden Child, The (1986)","0, 1, 4",https://image.tmdb.org/t/p/w500/9gPphtcGmna90U9CEsWlUVaSkAw.jpg
71,2.1041666666666665,96,3.106931367396723,Fair Game (1995),0,https://image.tmdb.org/t/p/w500/qcxsWOzBaF7MZNNThtRQWQ9Wrdk.jpg
3254,2.884526558891455,433,3.1069005107836523,Wayne's World 2 (1993),4,https://image.tmdb.org/t/p/w500/72TBNPN06oo1myHqihwcCQVDl48.jpg
1991,2.702928870292887,239,3.106630711188431,Child's Play (1988),10,https://image.tmdb.org/t/p/w500/wVj20650r9QPgfM9YIYNkMkZ3iH.jpg
518,2.4563758389261743,149,3.106171706073984,"Road to Wellville, The (1994)",4,https://image.tmdb.org/t/p/w500/zh7OVdFMpqpZ027z9RgVIwzxYjZ.jpg
2526,2.366412213740458,131,3.106068383249268,Meteor (1979),15,https://image.tmdb.org/t/p/w500/tVMddOS5bi3YPVPgTPlEw0TOWoF.jpg
3316,2.7681660899653977,289,3.1053233615964606,Reindeer Games (2000),"0, 16",https://image.tmdb.org/t/p/w500/5ZQpRgKgRIF0IgBx3kGYSNPRtvT.jpg
2399,2.6681614349775784,223,3.1052722769406773,Santa Claus: The Movie (1985),"1, 3, 8",https://image.tmdb.org/t/p/w500/tZvGQF2623FD0MZgvOy18J5d7x5.jpg
2034,2.772881355932203,295,3.1047065337100976,"Black Hole, The (1979)",15,https://image.tmdb.org/t/p/w500/nQPuKXHXzYEi1cjYq61rhuhZ39U.jpg
1599,1.6417910447761195,67,3.1045471987269244,Steel (1997),0,https://image.tmdb.org/t/p/w500/kIITxfwGgC9luB2WxpYzdvrajha.jpg
258,2.423611111111111,144,3.1044898039908357,"Kid in King Arthur's Court, A (1995)","1, 3, 4, 8, 14",https://image.tmdb.org/t/p/w500/zSHC86UvVmunIs9Pf6jRZ12J6Dx.jpg
44,2.787781350482315,311,3.10405751445074,Mortal Kombat (1995),"0, 1",https://image.tmdb.org/t/p/w500/1eKWqTHp4OgKdx1QX1O9LxKHr1M.jpg
256,2.6513761467889907,218,3.103716985526116,Junior (1994),"4, 15",https://image.tmdb.org/t/p/w500/4tRF43CbEYHmV8VywkbikQwATB8.jpg
1515,2.5580110497237567,181,3.10353854342229,Volcano (1997),"7, 16",https://image.tmdb.org/t/p/w500/6JA1o2Xz3QJRfdZqhAwlGqAVQyR.jpg
1453,2.4324324324324325,148,3.102873896052416,"Beautician and the Beast, The (1997)","4, 14",https://image.tmdb.org/t/p/w500/s2RaTrqoPvD4eYEaZCyF0zFbbpV.jpg
742,2.528735632183908,174,3.1021271098904206,Thinner (1996),"10, 16",https://image.tmdb.org/t/p/w500/nXqHqsQXA0jJpCaUsyre1Yw18oV.jpg
788,2.9957805907172994,948,3.1015033345967185,"Nutty Professor, The (1996)","4, 8, 14, 15",https://image.tmdb.org/t/p/w500/7HlhufckAoQb1yIu3FNu339Iuv4.jpg
3042,1.5538461538461539,65,3.1010344163448647,Meatballs III (1987),4,https://image.tmdb.org/t/p/w500/2N9rjuNg5vgQhKGrQJQLEDX7s70.jpg
2163,2.6067961165048543,206,3.0997026657252755,Attack of the Killer Tomatoes! (1980),"4, 10",https://image.tmdb.org/t/p/w500/4E0LaDOvjjz2k90EMlvP4kxnSPC.jpg
818,2.560846560846561,189,3.0993705430440883,"Very Brady Sequel, A (1996)",4,https://image.tmdb.org/t/p/w500/7xqOkzAQvXCLkDtmlWU6HZnOhru.jpg
3041,1.6986301369863013,73,3.0987811137520187,Meatballs Part II (1984),4,https://image.tmdb.org/t/p/w500/uMhPQ6Nzt6TwqMvaBwRJz2b4t1a.jpg
2903,2.0510204081632653,98,3.0982137085027133,Psycho III (1986),"10, 16",https://image.tmdb.org/t/p/w500/yYY0a3IAitmF8Gg6n98gqxcUREq.jpg
2805,2.8683035714285716,448,3.0978954087354524,Mickey Blue Eyes (1999),"4, 14",https://image.tmdb.org/t/p/w500/gEnKsStQ27P0KCCIGtkYwvFQ0RX.jpg
1005,2.3732394366197185,142,3.0978449154170917,D3: The Mighty Ducks (1996),"3, 4",https://image.tmdb.org/t/p/w500/wltMr1loUKSCaEV4EDgh21eCRI3.jpg
1979,2.1785714285714284,112,3.097768085307184,Friday the 13th Part VI: Jason Lives (1986),10,https://image.tmdb.org/t/p/w500/6vdUpHvkspQonXBdWcLWW5ciEPJ.jpg
2296,2.3819444444444446,144,3.0976208858454433,"Night at the Roxbury, A (1998)",4,https://image.tmdb.org/t/p/w500/7oZ5xE4AL4D5EbeQUaoRxahgzJX.jpg
3146,2.762987012987013,308,3.0976114156973447,Deuce Bigalow: Male Gigolo (1999),4,https://image.tmdb.org/t/p/w500/w0UKAcY4fAPuQW2GhAoIMwutIA5.jpg
1920,2.8104395604395602,364,3.0962705475866437,Small Soldiers (1998),"2, 3, 8, 18",https://image.tmdb.org/t/p/w500/2nuUjSzHsoYlRvTPmLo7m7gCQry.jpg
692,2.1132075471698113,106,3.0960764138671397,Solo (1996),"0, 15, 16",https://image.tmdb.org/t/p/w500/hmlQkosTapaJfcjQwFzlKslloZt.jpg
3841,2.7549019607843137,306,3.0958685116233653,Air America (1990),"0, 4",https://image.tmdb.org/t/p/w500/2cVANiDU7AdSLGgs4T7dpgyU2SK.jpg
2367,2.7572815533980584,309,3.095591568402499,King Kong (1976),"0, 1, 10",https://image.tmdb.org/t/p/w500/paYKhEwUaxKA05vmOfU7FlleTln.jpg
836,2.654008438818565,237,3.0954700918634197,Chain Reaction (1996),"0, 1, 16",https://image.tmdb.org/t/p/w500/4ahjVHwXXsq5zK57ds8FwWY73MS.jpg
3767,2.0865384615384617,104,3.0951071911049732,Missing in Action 2: The Beginning (1985),"0, 18",https://image.tmdb.org/t/p/w500/1Cfao3ZS1o4mhKVWyaSwsVdsbCF.jpg
1984,2.0952380952380953,105,3.094993222032349,Halloween III: Season of the Witch (1983),10,https://image.tmdb.org/t/p/w500/WABfdeaThFYXCySGIOvRNv2sSW.jpg
3572,1.7272727272727273,77,3.0945714120099135,Carnosaur (1993),"10, 15",https://image.tmdb.org/t/p/w500/jbPJ90UJBu908RFtXDsm4i6nuv5.jpg
829,2.2900763358778624,131,3.094447232755369,Joe's Apartment (1996),"4, 12",https://image.tmdb.org/t/p/w500/a06jrMRurcq7sYdhFK2LNs8bRt8.jpg
1690,2.958921694480103,779,3.0943134529572394,Alien: Resurrection (1997),"0, 10, 15",https://image.tmdb.org/t/p/w500/9aRDMlU5Zwpysilm0WCWzU2PCFv.jpg
3766,2.5392670157068062,191,3.093722806937529,Missing in Action (1984),"0, 18",https://image.tmdb.org/t/p/w500/nBrDcnNQca88ed1gRwZ1Q5cjNxE.jpg
2717,2.9061946902654867,565,3.0936823822217034,Ghostbusters II (1989),"4, 10",https://image.tmdb.org/t/p/w500/yObYPMA58DnTMvJooFW7GG6jWAt.jpg
2315,2.36734693877551,147,3.092723153207068,Bride of Chucky (1998),"10, 16",https://image.tmdb.org/t/p/w500/mAGviFp1ufYM3EaZBSrjPiKPBt6.jpg
2402,2.825436408977556,401,3.092235155936307,Rambo: First Blood Part II (1985),"0, 18",https://image.tmdb.org/t/p/w500/pzPdwOitmTleVE3YPMfIQgLh84p.jpg
2092,2.4355828220858897,163,3.0921813375753446,"Return of Jafar, The (1993)","2, 3, 12",https://image.tmdb.org/t/p/w500/7SC793qtORB6YL4mu0F5o3hfjDQ.jpg
3286,2.2131147540983607,122,3.0919223062665826,Snow Day (2000),4,https://image.tmdb.org/t/p/w500/myTnHKy178rrd1oUG3GkEvc641G.jpg
126,1.9898989898989898,99,3.089646160272776,"NeverEnding Story III, The (1994)","1, 3, 8",https://image.tmdb.org/t/p/w500/o75HHfr23sgeqIeUPwjKY0V9Ppi.jpg
415,2.4804469273743015,179,3.0894571753285582,Another Stakeout (1993),"4, 16",https://image.tmdb.org/t/p/w500/hBItFUmCrRS1mel0TM69ymBD79k.jpg
3484,2.728476821192053,302,3.089454041479394,"Skulls, The (2000)",16,https://image.tmdb.org/t/p/w500/pYuggibfzm8LWgjnUKMMtii2430.jpg
2902,2.4207317073170733,164,3.0887205862182374,Psycho II (1983),"10, 16",https://image.tmdb.org/t/p/w500/sJAPRj3vHmjV4z97YK84iDovYlm.jpg
3764,2.6408163265306124,245,3.088529342007178,F/X 2 (1992),"0, 5, 16",https://image.tmdb.org/t/p/w500/dxfR8JnfabPi7YUg4PFsuAa7geW.jpg
1474,2.335616438356164,146,3.0882602441873157,Jungle2Jungle (a.k.a. Jungle 2 Jungle) (1997),"3, 4",
1091,2.7935656836461127,373,3.088228429737864,Weekend at Bernie's (1989),4,https://image.tmdb.org/t/p/w500/ylN3DZEPCnn60ecGq01y0AyWsTQ.jpg
3388,2.7181208053691277,298,3.087855809037465,Harry and the Hendersons (1987),4,https://image.tmdb.org/t/p/w500/5ZNWhOEsuNHIQ1gbtwdTGK7srCr.jpg
3248,2.5396039603960396,202,3.0872483561846433,Sister Act 2: Back in the Habit (1993),4,https://image.tmdb.org/t/p/w500/2jmPYqep3r2eumauyTauNIhSmR7.jpg
3821,2.6411290322580645,248,3.087234622798972,Nutty Professor II: The Klumps (2000),4,https://image.tmdb.org/t/p/w500/7HlhufckAoQb1yIu3FNu339Iuv4.jpg
1461,2.574074074074074,216,3.087014112941296,Vegas Vacation (1997),4,https://image.tmdb.org/t/p/w500/jUOreo2AWDnPuRJsUp6T1i66tUe.jpg
3401,2.106194690265487,113,3.086969547520469,Baby... Secret of the Lost Legend (1985),"1, 15",https://image.tmdb.org/t/p/w500/AvIT5XHXrxeNHxTHmyRalm7tfSM.jpg
2369,2.954761904761905,840,3.086825004005094,Desperately Seeking Susan (1985),"4, 14",https://image.tmdb.org/t/p/w500/5vLHhO05KEBYVrCmp1bvI06r32t.jpg
1503,2.317241379310345,145,3.0860741495551687,8 Heads in a Duffel Bag (1997),4,https://image.tmdb.org/t/p/w500/dbjS5UH7JvsQwSLMYMY5GQOSwv1.jpg
1623,2.2109375,128,3.085448214327691,Wishmaster (1997),10,https://image.tmdb.org/t/p/w500/t7rep7SCqiy4COUsq2cOcdQwzU0.jpg
3824,2.128205128205128,117,3.0853772519621914,Autumn in New York (2000),"7, 14",https://image.tmdb.org/t/p/w500/avtPZ5vGvFugnY0NK8d3Przx6P7.jpg
1377,2.9767216294859358,1031,3.0853574801397303,Batman Returns (1992),"0, 1, 4, 5",https://image.tmdb.org/t/p/w500/jKBjeXM7iBBV9UkUcOXx3m7FSHY.jpg
1924,2.6345381526104417,249,3.085101526608069,Plan 9 from Outer Space (1958),"10, 15",https://image.tmdb.org/t/p/w500/bmicZi7PvlnZ9rZqp6QXN2Db0pT.jpg
2699,3.0029261155815656,1367,3.085033075977102,Arachnophobia (1990),"0, 4, 15, 16",https://image.tmdb.org/t/p/w500/lHjpwv1Yv2RcGcTQb4Lc1cKw1y9.jpg
1975,2.426900584795322,171,3.084699437852299,Friday the 13th Part 2 (1981),10,https://image.tmdb.org/t/p/w500/92rGctBMTv4uaSlIBVnhz01kRWL.jpg
3258,2.752212389380531,339,3.084484645564806,Death Becomes Her (1992),4,https://image.tmdb.org/t/p/w500/hXKmJZ7SUPlwgLbaKuk2FT9M5Gz.jpg
2373,2.4814814814814814,189,3.0830395686292813,Red Sonja (1985),"0, 1",https://image.tmdb.org/t/p/w500/qYJFrmSjy0HpzmvnIuGpuFUzXbs.jpg
2389,2.6515151515151514,264,3.0828101094977303,Psycho (1998),"5, 10, 16",https://image.tmdb.org/t/p/w500/tY0OLFUsTXdvNppTpnNc4EVYy2z.jpg
1978,2.0789473684210527,114,3.082124296130403,Friday the 13th Part V: A New Beginning (1985),10,https://image.tmdb.org/t/p/w500/ewnIs4aCuWnKQ13Eaj8f3ybrQc8.jpg
3646,2.4444444444444446,180,3.081662280138532,Big Momma's House (2000),4,https://image.tmdb.org/t/p/w500/wlbov6pkgySqYZilZcO54f29Dg1.jpg
1993,1.8969072164948453,97,3.0813936403944284,Child's Play 3 (1992),10,https://image.tmdb.org/t/p/w500/6toMk9OCuDYEEf733Bzlq3yiw3z.jpg
12,2.3625,160,3.08124996490837,Dracula: Dead and Loving It (1995),"4, 10",https://image.tmdb.org/t/p/w500/fwdXQU3Dbs2CMHu8K87bAxlWV0t.jpg
1100,2.807142857142857,420,3.0811412299138707,Days of Thunder (1990),"0, 14",https://image.tmdb.org/t/p/w500/4kHzXHRJGcRxxRvkCvb5yTxZwml.jpg
2468,2.770053475935829,374,3.079992608777522,Jumpin' Jack Flash (1986),"0, 4, 14, 16",https://image.tmdb.org/t/p/w500/znVUM7RUBwQ16Q9lTmuMpaWJ7so.jpg
839,2.214814814814815,135,3.0789726359583516,"Crow: City of Angels, The (1996)","0, 16",https://image.tmdb.org/t/p/w500/wcWXBujfOUKYbWRnfnAUJaqxRrn.jpg
3688,2.734513274336283,339,3.078869296945246,Porky's (1981),4,https://image.tmdb.org/t/p/w500/AqCOt1cWfKqCepxK7LIdT812idH.jpg
1970,2.6417910447761193,268,3.078468013820547,"Nightmare on Elm Street 3: Dream Warriors, A (1987)",10,https://image.tmdb.org/t/p/w500/qbtZewU6EGvxi8yFVzwZ31NijLX.jpg
2828,2.1074380165289255,121,3.0779210391369727,Dudley Do-Right (1999),"3, 4",https://image.tmdb.org/t/p/w500/4LP5BieqdFNlCFjxsvaA3d6hGGd.jpg
3024,2.347826086956522,161,3.077789830192022,Piranha (1978),"10, 15",https://image.tmdb.org/t/p/w500/sUzAJwxeGiODOVmsIGrgXcy9aj1.jpg
2162,2.4124293785310735,177,3.0775199600507395,"NeverEnding Story II: The Next Chapter, The (1990)","1, 3, 8",https://image.tmdb.org/t/p/w500/bRSLCuO2B6owYBtUwGYGqWZCVo6.jpg
427,2.3674698795180724,166,3.0773554927816806,Boxing Helena (1993),"13, 14, 16",https://image.tmdb.org/t/p/w500/vgs0h94IllpZRheIjBTonjR7Zf2.jpg
185,2.869947275922671,569,3.0772212890150135,"Net, The (1995)","15, 16",https://image.tmdb.org/t/p/w500/jt61E2pvsexKH903PaGFnm2csHi.jpg
2514,2.060344827586207,116,3.0771991056014136,Pet Sematary II (1992),10,https://image.tmdb.org/t/p/w500/9g6ngNlHOfMfQnaKkw9468p67d4.jpg
2119,2.272108843537415,147,3.0767505348385566,Maximum Overdrive (1986),10,https://image.tmdb.org/t/p/w500/sUC3o1BWQ8QhrwZcDj7x2VsWjtG.jpg
1995,2.423076923076923,182,3.075997634433346,Poltergeist II: The Other Side (1986),"10, 16",https://image.tmdb.org/t/p/w500/2r22KqmzWV48kF02GN78NaS3q0m.jpg
3325,2.33125,160,3.0756288294390055,"Next Best Thing, The (2000)","4, 7",https://image.tmdb.org/t/p/w500/iYK1ZUtY4etcn91glUmrGuZRH6M.jpg
3754,2.495145631067961,206,3.075116882721534,"Adventures of Rocky and Bullwinkle, The (2000)","2, 3, 4",https://image.tmdb.org/t/p/w500/xCFSsftt2rglC81I6QLWcZSTCBM.jpg
169,2.017699115044248,113,3.0751001113186884,Free Willy 2: The Adventure Home (1995),"1, 3, 7",https://image.tmdb.org/t/p/w500/3wpug3W5rYBdqeAnhc1UeXLE5ZF.jpg
2807,1.7582417582417582,91,3.0746762264302196,Universal Soldier: The Return (1999),"0, 15",https://image.tmdb.org/t/p/w500/qlcPJK0Me8aUtDPwk3TqN2RdKH4.jpg
1681,2.1791044776119404,134,3.074431782033579,Mortal Kombat: Annihilation (1997),"0, 1",https://image.tmdb.org/t/p/w500/ttryglcY2osWZE3sRYBf3ewTZsW.jpg
2722,2.8729096989966556,598,3.074027754264403,Deep Blue Sea (1999),"0, 15, 16",https://image.tmdb.org/t/p/w500/fyn0zyCI4kIlbDoHH0Hzv09hDC5.jpg
1986,2.125984251968504,127,3.0738725555002864,Halloween 5: The Revenge of Michael Myers (1989),10,https://image.tmdb.org/t/p/w500/rYvP6yMXCIVHnkVtwGaAXFmpzkB.jpg
2147,2.54978354978355,231,3.0731617322082196,"Clan of the Cave Bear, The (1986)",7,https://image.tmdb.org/t/p/w500/jbftdduVujKeoib5fwDBbEMamdj.jpg
1863,2.2183098591549295,142,3.0726010829443435,Major League: Back to the Minors (1998),4,https://image.tmdb.org/t/p/w500/bV0Dpx5zAy2TbOzOFSCEBSGcakJ.jpg
1431,2.5474137931034484,232,3.0720455993614095,Beverly Hills Ninja (1997),"0, 4",https://image.tmdb.org/t/p/w500/kAUtHecWe0KS54jNggapnbHBGTI.jpg
1981,1.8383838383838385,99,3.0715411512202717,Friday the 13th Part VIII: Jason Takes Manhattan (1989),10,https://image.tmdb.org/t/p/w500/6ezOsZ9UzqGnbDokaatxdOWP6e9.jpg
95,2.876175548589342,638,3.069668624340764,Broken Arrow (1996),"0, 16",https://image.tmdb.org/t/p/w500/iBPMwYYJFvdCBkXrwV75peo5Lz2.jpg
234,2.2244897959183674,147,3.068764225654301,Exit to Eden (1994),4,https://image.tmdb.org/t/p/w500/dUtpplO9K03uYCA71Vqj9ZRkVyA.jpg
3690,2.040983606557377,122,3.0672599457263594,Porky's Revenge (1985),4,https://image.tmdb.org/t/p/w500/Ad3F9Fm7zdZmBqBSvJIAJRfac9m.jpg
2473,2.4093264248704664,193,3.0653353320173387,Soul Man (1986),4,https://image.tmdb.org/t/p/w500/d6jh6qiowC4QHePBgpy7Zrytbba.jpg
1992,2.112781954887218,133,3.065242717433038,Child's Play 2 (1990),10,https://image.tmdb.org/t/p/w500/2tPQbPQeHEYAGoXFSW61IWNmoce.jpg
473,2.225165562913907,151,3.0650446834593925,In the Army Now (1994),"4, 18",https://image.tmdb.org/t/p/w500/cNIIDaJM9nsDP9tTmAN6sjKpeiN.jpg
3697,2.8678071539657854,643,3.065043237731144,Predator 2 (1990),"0, 15, 16",https://image.tmdb.org/t/p/w500/83X4VwY9sdSJykskmsplIVG0a4h.jpg
393,1.8571428571428572,105,3.065035163314554,Street Fighter (1994),0,https://image.tmdb.org/t/p/w500/d0WmVroW23YVFB4uLFUqfqiHsYr.jpg
2525,2.235294117647059,153,3.0648972734118924,Alligator (1980),"0, 10, 15",https://image.tmdb.org/t/p/w500/bWANAIIeNPzwEmrYUvZFECTbBX6.jpg
2815,2.5940959409594098,271,3.064239723924033,Iron Eagle (1986),"0, 18",https://image.tmdb.org/t/p/w500/8NJrLRX1RdKUNU4mhRQ8nLr6bMX.jpg
611,2.4722222222222223,216,3.0637460008313013,Hellraiser: Bloodline (1996),"0, 10, 15",https://image.tmdb.org/t/p/w500/tCQsVackQil2fl5TzOYrCAI6All.jpg
3257,2.8594249201277955,626,3.0636457718819585,"Bodyguard, The (1992)","0, 7, 14, 16",https://image.tmdb.org/t/p/w500/u4Rjt0slnaWmptbHKrUoKWIxmmb.jpg
429,2.379679144385027,187,3.0635808442836825,Cabin Boy (1994),4,https://image.tmdb.org/t/p/w500/xy2BzE3siqU67VQCQ2k4xideNNM.jpg
784,2.72987012987013,385,3.0630523497406865,"Cable Guy, The (1996)",4,https://image.tmdb.org/t/p/w500/YJt9l3RdrRohI95btQKPXwpdii.jpg
891,2.360655737704918,183,3.0627636644230085,Halloween: The Curse of Michael Myers (1995),"10, 16",https://image.tmdb.org/t/p/w500/noCnM8nEI2bEDSdKHh0RKbwBwbC.jpg
1359,2.4774774774774775,222,3.061242084903831,Jingle All the Way (1996),"1, 3, 4",https://image.tmdb.org/t/p/w500/x8JinWPxZIZY9HzJvvsC5puYsNu.jpg
413,2.5306122448979593,245,3.0608228258450434,Airheads (1994),4,https://image.tmdb.org/t/p/w500/4xPG8pPMyeoec48gKWbbC85EC8j.jpg
196,2.8236363636363637,550,3.060392218668226,Species (1995),"10, 15",https://image.tmdb.org/t/p/w500/cT5wdyo8kT7dycqjrolJ2sHWkFx.jpg
2907,2.4460093896713615,213,3.0597048740434962,Superstar (1999),4,https://image.tmdb.org/t/p/w500/vfBUCPe6wgt3SwNP7dKlqh8xeyO.jpg
2054,2.9330143540669855,1045,3.058761253190192,"Honey, I Shrunk the Kids (1989)","1, 3, 4, 8, 15",https://image.tmdb.org/t/p/w500/omQOzahi2NIeiYznNxHFDvNbvo6.jpg
455,2.5894736842105264,285,3.0564532713514,Free Willy (1993),"1, 3, 7",https://image.tmdb.org/t/p/w500/1WLTjNznfvr3bkHf4p9PR4ctBKK.jpg
2448,2.3492063492063493,189,3.055821277937937,Virus (1999),"10, 15",https://image.tmdb.org/t/p/w500/fsiJbMQjOMDfa6lPIv3GHmKIwcp.jpg
3299,2.2954545454545454,176,3.055518325550519,Hanging Up (2000),"4, 7",https://image.tmdb.org/t/p/w500/lnnFFGhIXi6ZDU3r29eKHKTHdq0.jpg
181,1.6129032258064515,93,3.0550417553629123,Mighty Morphin Power Rangers: The Movie (1995),"0, 3",https://image.tmdb.org/t/p/w500/pcLbHqs80dchv0byHivhdwHKEup.jpg
66,1.6701030927835052,97,3.0547753705819662,Lawnmower Man 2: Beyond Cyberspace (1996),"15, 16",https://image.tmdb.org/t/p/w500/aP8eGsCyZVCHgSMxhDa4KiC7H9B.jpg
419,2.1923076923076925,156,3.054513657578764,"Beverly Hillbillies, The (1993)",4,https://image.tmdb.org/t/p/w500/refYLEQvzkY63i2IHronCPQODex.jpg
2408,2.528957528957529,259,3.0528799633646893,Cocoon: The Return (1988),"4, 15",https://image.tmdb.org/t/p/w500/xBsXdBl8qCXoQsWX6vfsVjWOMGk.jpg
1996,1.8303571428571428,112,3.0514222742554904,Poltergeist III (1988),"10, 16",https://image.tmdb.org/t/p/w500/pLewUibOJLGISvMqB94mAMdjz2q.jpg
1445,2.173076923076923,156,3.051125741147369,McHale's Navy (1997),"4, 18",https://image.tmdb.org/t/p/w500/tg9qzqF349j526pNZnjPB4p2UED.jpg
2748,2.051094890510949,137,3.051092722199648,Allan Quartermain and the Lost City of Gold (1987),"0, 1",
2428,2.7777777777777777,513,3.0485085261859117,"Faculty, The (1998)","10, 15",https://image.tmdb.org/t/p/w500/5XetJwmAiDC0EtH23NIXaqFn3Wl.jpg
2668,2.5347985347985347,273,3.047153958888773,Swamp Thing (1982),"10, 15",https://image.tmdb.org/t/p/w500/7BGaE9A7UeyxH29aeFbQfzEmIi0.jpg
540,2.2189349112426036,169,3.0470471271964334,Sliver (1993),16,https://image.tmdb.org/t/p/w500/g7PC2e2KqDkIfOoJx9iXJJez99d.jpg
2122,2.4463519313304722,233,3.0470356818555793,Children of the Corn (1984),"10, 16",https://image.tmdb.org/t/p/w500/y9sFEgoTkjfy8i0CQzLADxFC0Hf.jpg
65,2.062937062937063,143,3.0461568410154674,Bio-Dome (1996),4,https://image.tmdb.org/t/p/w500/pjSkGZAvksrbO6tGain8PJ3rfC7.jpg
3689,2.0425531914893615,141,3.0451141226720218,Porky's II: The Next Day (1983),4,https://image.tmdb.org/t/p/w500/rZjSlaXM8Ez91ZV39frILApGuKg.jpg
1772,2.4304347826086956,230,3.0450983259885307,Blues Brothers 2000 (1998),"0, 4, 12",https://image.tmdb.org/t/p/w500/nCoY8UK2x4DWpICipL40Hg4cDmO.jpg
3004,2.4801587301587302,252,3.0440874618298475,"Bachelor, The (1999)","4, 14",https://image.tmdb.org/t/p/w500/59fK0TpSOsruL0jfCTPfIrHqYx0.jpg
466,2.7958115183246073,573,3.043970705401916,Hot Shots! Part Deux (1993),"0, 4, 18",https://image.tmdb.org/t/p/w500/zh9EGK970GHo10ETclWBOjZVUOK.jpg
3799,1.62,100,3.0437273583917963,Pokémon the Movie 2000 (2000),"2, 3",https://image.tmdb.org/t/p/w500/se72V9kyqmJYF1HLu5F7TEUU41g.jpg
2549,2.2285714285714286,175,3.04341829053178,Wing Commander (1999),"0, 15",https://image.tmdb.org/t/p/w500/e3p2vkA4mnFaBlyAIntkZWkzOJW.jpg
3285,2.702127659574468,423,3.0418844631548763,"Beach, The (2000)","1, 7",https://image.tmdb.org/t/p/w500/ksl1d50FUHaqNuNnmHSNdPrYyYl.jpg
1998,1.7699115044247788,113,3.0418656899537035,Exorcist II: The Heretic (1977),10,https://image.tmdb.org/t/p/w500/g9i3LTMYLRHvCYSKimZEfd1Vqy7.jpg
3190,2.1490683229813663,161,3.0418549621403654,Supernova (2000),"1, 15",https://image.tmdb.org/t/p/w500/c21Vwt4shqVxCQziFz0Hf91wSow.jpg
3054,1.9779411764705883,136,3.0407531412894224,Pokémon: The First Movie (1998),"2, 3",https://image.tmdb.org/t/p/w500/xPW3AeK3iQi1Zd9dCbdNLijE48o.jpg
3710,2.254054054054054,185,3.0396630331175456,Action Jackson (1988),"0, 4",https://image.tmdb.org/t/p/w500/vWBGkHT91My4T2iV3xgynpBTKtQ.jpg
2126,2.7454545454545456,495,3.0394216772445857,Snake Eyes (1998),"0, 5, 13, 16",https://image.tmdb.org/t/p/w500/kdcLZmZdEWeuqJ4ed68CL7Bcd2R.jpg
1977,2.1775147928994083,169,3.039256364814686,Friday the 13th: The Final Chapter (1984),10,https://image.tmdb.org/t/p/w500/1J7zudfR3VLPwAf9lK5YPfSu0n6.jpg
1702,2.552980132450331,302,3.0380725582026127,Flubber (1997),"3, 4, 8",https://image.tmdb.org/t/p/w500/bnKvk04icAyCO1KjqhsaEXBO9aJ.jpg
2379,2.3866666666666667,225,3.0380008840083765,Police Academy 2: Their First Assignment (1985),4,https://image.tmdb.org/t/p/w500/cIyvBInW2aGms0zyV9Pgwp9UPJ4.jpg
2799,1.5555555555555556,99,3.0377451343222632,Problem Child 2 (1991),4,https://image.tmdb.org/t/p/w500/npr7j2HuRgvsKrXLIxIiXevTH8A.jpg
2411,2.6453333333333333,375,3.03736699301584,Rocky IV (1985),"0, 7",https://image.tmdb.org/t/p/w500/2MHUit4H6OK5adcOjnCN6suCKOl.jpg
1391,2.9003724394785846,1074,3.0373007173751008,Mars Attacks! (1996),"0, 4, 15, 18",https://image.tmdb.org/t/p/w500/bGxhc8Cd908XbDxg5baDvbiVzUI.jpg
327,2.6145251396648046,358,3.033353419573329,Tank Girl (1995),"0, 4, 12, 15",https://image.tmdb.org/t/p/w500/qohdY3BcJ98sFneOUAWp0FmH4Z6.jpg
3243,2.5017064846416384,293,3.0276497249740784,Encino Man (1992),4,https://image.tmdb.org/t/p/w500/dR0YrVfaNDsirtatm7Uk8Z8e41K.jpg
3564,1.8046875,128,3.024806814910782,"Flintstones in Viva Rock Vegas, The (2000)","3, 4",https://image.tmdb.org/t/p/w500/hJ0BqcVItbqe92LfsUC8zcNvwuc.jpg
688,2.276995305164319,213,3.021508587571348,Operation Dumbo Drop (1995),"0, 1, 4, 18",https://image.tmdb.org/t/p/w500/qIJlpbMCKg9O1C7gaiyDFaUWf9b.jpg
1388,2.5891891891891894,370,3.020256338140969,Jaws 2 (1978),"0, 10",https://image.tmdb.org/t/p/w500/cN3ijEwsn4kBaRuHfcJpAQJbeWe.jpg
2392,2.234146341463415,205,3.0184824438587428,Jack Frost (1998),"4, 7",https://image.tmdb.org/t/p/w500/rky3WOB9AZ4fELooSKWwmO9qRQq.jpg
2471,2.6280193236714977,414,3.0177278913738483,Crocodile Dundee II (1988),"1, 4",https://image.tmdb.org/t/p/w500/2Nf0xeDuToLHysdkWj3aT5r42rC.jpg
2421,2.6771488469601676,477,3.0168021912855325,"Karate Kid, Part II, The (1986)","0, 1, 7",https://image.tmdb.org/t/p/w500/k0OwgRR6PNu7h3SiqpCbRdZWNaG.jpg
3273,2.733102253032929,577,3.0155161452629127,Scream 3 (2000),"10, 13, 16",https://image.tmdb.org/t/p/w500/qpH8ToZVlFD1bakL04LkEKodyDI.jpg
1373,2.7487765089722673,613,3.0151000698592143,Star Trek V: The Final Frontier (1989),"0, 1, 15",https://image.tmdb.org/t/p/w500/uiXr41VLYsuug3CZbFrKLSNahuZ.jpg
3705,2.5842105263157893,380,3.014665924998644,Bird on a Wire (1990),"0, 1, 14, 16",https://image.tmdb.org/t/p/w500/liMWv3o05MbXV0QoDdFNsincUxa.jpg
374,2.1147540983606556,183,3.013448595929858,Richie Rich (1994),"3, 4",https://image.tmdb.org/t/p/w500/dppsLQ9aPxMXSJcJ6gOb0PFbyT7.jpg
502,1.935483870967742,155,3.0104825820079086,"Next Karate Kid, The (1994)","0, 3",https://image.tmdb.org/t/p/w500/wI3gCi9w1cuUJCiwhviAy46we9Q.jpg
432,2.579081632653061,392,3.0082673595951808,City Slickers II: The Legend of Curly's Gold (1994),"4, 19",https://image.tmdb.org/t/p/w500/gh0lsyJARglhpbKmnY8i8M7V5bI.jpg
3392,1.9363057324840764,157,3.0082028694709475,She-Devil (1989),4,https://image.tmdb.org/t/p/w500/kWdvGtJDBdy1NccoFWzb8Ves9q4.jpg
2816,1.864864864864865,148,3.0071474003259206,Iron Eagle II (1988),"0, 18",https://image.tmdb.org/t/p/w500/fWqhxzwGW45NO7PtJWQbiS8hO01.jpg
2906,2.328,250,3.0064031074895303,Random Hearts (1999),"7, 14",https://image.tmdb.org/t/p/w500/k7LoKDWDesvYD7DXDh9Ewlxtcx8.jpg
2817,1.64,125,3.004999232049146,Aces: Iron Eagle III (1992),"0, 18",https://image.tmdb.org/t/p/w500/ylvfsnacoqsTdZuLty2XVRolnNH.jpg
2798,1.925,160,3.002554068337263,Problem Child (1990),4,https://image.tmdb.org/t/p/w500/kgckcpAiBrI5l78MrxCw2ZakycU.jpg
3438,2.6779026217228465,534,3.0017980560237394,Teenage Mutant Ninja Turtles (1990),"0, 3, 8",https://image.tmdb.org/t/p/w500/azL2ThbJMIkts3ZMt3j1YgBUeDB.jpg
1707,1.8766233766233766,154,3.001439551540459,Home Alone 3 (1997),"3, 4",https://image.tmdb.org/t/p/w500/6uOadrCfle0n2LOOxHbgWEdnrm2.jpg
355,2.352059925093633,267,3.0012763108740548,"Flintstones, The (1994)","3, 4",https://image.tmdb.org/t/p/w500/hJ0BqcVItbqe92LfsUC8zcNvwuc.jpg
420,2.5056818181818183,352,3.0002513581007815,Beverly Hills Cop III (1994),"0, 4",https://image.tmdb.org/t/p/w500/7vIpCkgGEfk5LZwm78nMxswLJRH.jpg
1644,2.6315789473684212,475,2.999395470141964,I Know What You Did Last Summer (1997),"10, 13, 16",https://image.tmdb.org/t/p/w500/aYcLakDaAJtu2HtVvOXNx8inNlK.jpg
1973,2.181395348837209,215,2.9981702951678084,Freddy's Dead: The Final Nightmare (1991),10,https://image.tmdb.org/t/p/w500/doyiGwpxbBs4G2og9G8gV7ZKoih.jpg
3802,2.4177631578947367,304,2.99736027458732,Freejack (1992),"0, 15",https://image.tmdb.org/t/p/w500/lSN8lIX90Az0t1qvIXC4MlCvd9a.jpg
405,2.123152709359606,203,2.9960019772503967,Highlander III: The Sorcerer (1994),"0, 15",https://image.tmdb.org/t/p/w500/b16c3CIPoPmtZPZbTXl4MVGKXNj.jpg
3877,2.021978021978022,182,2.9959098670169997,Supergirl (1984),"0, 1, 8",https://image.tmdb.org/t/p/w500/6OfuKKCPFclHOj4SSRRpLzF1lfP.jpg
1591,2.6210526315789475,475,2.995244370100453,Spawn (1997),"0, 1, 15, 16",https://image.tmdb.org/t/p/w500/3svvunKXkhRvEKByGDua1Qu0otq.jpg
1779,2.6635859519408505,541,2.9939172324171546,Sphere (1998),"1, 15, 16",https://image.tmdb.org/t/p/w500/5IMr0L4BoONvN5i9kyVd0zGww3L.jpg
2004,2.513440860215054,372,2.993891823682247,Gremlins 2: The New Batch (1990),"4, 10",https://image.tmdb.org/t/p/w500/35F5yD7MljvBE2AC0NHAVCoPGEi.jpg
2808,2.512,375,2.9920976403675827,Universal Soldier (1992),"0, 15",https://image.tmdb.org/t/p/w500/fp0mWrHl1SW9PhP8QcsgYPoVYFc.jpg
2827,2.442073170731707,328,2.9917464243839196,"Astronaut's Wife, The (1999)","15, 16",https://image.tmdb.org/t/p/w500/54RGJ6INW9ERG8IaalmMKbbDgwH.jpg
1971,2.239669421487603,242,2.989986457834272,"Nightmare on Elm Street 4: The Dream Master, A (1988)",10,https://image.tmdb.org/t/p/w500/boStYG7jKdoIZTduiOOsUVknD13.jpg
3826,2.5382716049382714,405,2.9887808230815294,Hollow Man (2000),"10, 15, 16",https://image.tmdb.org/t/p/w500/sd3qUIv5uoP2oTbqv66CzXSPjKG.jpg
810,1.4666666666666666,120,2.9885483740859273,Kazaam (1996),"3, 4, 8",https://image.tmdb.org/t/p/w500/k6kXq27UVxf7zGCWSvygYYIp9eP.jpg
1969,2.321167883211679,274,2.988312749163921,"Nightmare on Elm Street Part 2: Freddy's Revenge, A (1985)",10,https://image.tmdb.org/t/p/w500/rvAmOv0sZcoQCyJjHPQN4wU8ut4.jpg
2382,1.7666666666666666,150,2.987801982701529,Police Academy 5: Assignment: Miami Beach (1988),4,https://image.tmdb.org/t/p/w500/8w1SqGceTYHbVmXh8JHdWHza2SF.jpg
2088,2.59447983014862,471,2.9860656757900834,Popeye (1980),"1, 4, 12",https://image.tmdb.org/t/p/w500/hCCp4pESgYY6uTFARYf4UYV1BdU.jpg
1862,2.0505050505050506,198,2.985198753408081,Species II (1998),"10, 15",https://image.tmdb.org/t/p/w500/fGBdqdQ7nUfEiPXJKTvZXYIbon.jpg
2253,2.5636363636363635,440,2.9848412516340272,Toys (1992),"0, 4, 8",https://image.tmdb.org/t/p/w500/l0YBVvOvOxoOkggTZ70tNGvGQo4.jpg
2381,1.9137931034482758,174,2.9836987756347484,Police Academy 4: Citizens on Patrol (1987),4,https://image.tmdb.org/t/p/w500/vvk5aWBJE3EqDX2ln6M4J4UiUXr.jpg
172,2.576419213973799,458,2.983386815819786,Johnny Mnemonic (1995),"0, 15, 16",https://image.tmdb.org/t/p/w500/iH8Jgi8qvb7pnBfI8fVGaUbyRna.jpg
2380,2.0306122448979593,196,2.9830057739448894,Police Academy 3: Back in Training (1986),4,https://image.tmdb.org/t/p/w500/pBxGgWSR0CMaCVMA2kQS5MWU1z3.jpg
2616,2.6826923076923075,624,2.9824690386302146,Dick Tracy (1990),"0, 5",https://image.tmdb.org/t/p/w500/AonBXZe8GwnW8f1TWI2KcewOsfS.jpg
2568,2.107476635514019,214,2.9822701047016373,"Mod Squad, The (1999)","0, 5",https://image.tmdb.org/t/p/w500/7c20VEblNKkDiBuA6bE6kbeHqHa.jpg
2456,2.313380281690141,284,2.979547946508135,"Fly II, The (1989)","10, 15",https://image.tmdb.org/t/p/w500/gORksEPahEgO409HYJOZlNVyEpe.jpg
2404,2.3421926910299002,301,2.976974132737501,Rambo III (1988),"0, 18",https://image.tmdb.org/t/p/w500/1eSQvGuD25ezKaiaQsyDDG3e9iN.jpg
1126,2.3722397476340693,317,2.976370610402289,Drop Dead Fred (1991),"4, 8",https://image.tmdb.org/t/p/w500/v2kadCRcRdq8a0aRbQg4yVk3Xmd.jpg
19,2.480719794344473,389,2.9752095161251635,Ace Ventura: When Nature Calls (1995),4,https://image.tmdb.org/t/p/w500/wcinCf1ov2D6M3P7BBZkzQFOiIb.jpg
1037,2.6601626016260163,615,2.9741702073529157,"Lawnmower Man, The (1992)","0, 15, 16",https://image.tmdb.org/t/p/w500/IEjYUaviFctoYtaVMn91K8r727.jpg
3113,2.629432624113475,564,2.9731517926447584,End of Days (1999),"0, 16",https://image.tmdb.org/t/p/w500/pY8FbKKl3VD0jRI1iDFrwN6alLa.jpg
435,2.6060037523452158,533,2.9717004703255405,Coneheads (1993),"4, 15",https://image.tmdb.org/t/p/w500/4eHnstayi28SCHv8ATcISFEv1Rl.jpg
1972,1.995,200,2.9712445871823507,"Nightmare on Elm Street 5: The Dream Child, A (1989)",10,https://image.tmdb.org/t/p/w500/6Mrk5SK017PjjOIokUbmX8Qkzf1.jpg
2383,1.657718120805369,149,2.970713538743307,Police Academy 6: City Under Siege (1989),4,https://image.tmdb.org/t/p/w500/gRFJ3xLewH1rwEplZBfKS4vGpFV.jpg
2953,2.3929618768328447,341,2.9694272244614623,Home Alone 2: Lost in New York (1992),"3, 4",https://image.tmdb.org/t/p/w500/uuitWHpJwxD1wruFl2nZHIb4UGN.jpg
673,2.619893428063943,563,2.9692625483837487,Space Jam (1996),"1, 2, 3, 4, 8",https://image.tmdb.org/t/p/w500/4RN5El3Pj2W4gpwgiAGLVfSJv2g.jpg
1976,1.979899497487437,199,2.9690596055853478,Friday the 13th Part 3: 3D (1982),10,https://image.tmdb.org/t/p/w500/9kukTSlgFgXnQGdpcHvHcpTDiUc.jpg
2713,2.501187648456057,421,2.9689455400139027,Lake Placid (1999),"10, 16",https://image.tmdb.org/t/p/w500/pEszakCP8j9E9S0UPLfEa3Cad3O.jpg
3440,1.9202127659574468,188,2.9686886580773786,Teenage Mutant Ninja Turtles III (1993),"0, 3, 8",https://image.tmdb.org/t/p/w500/8BjWR2v03JdBuLYKmNwNeB6qFme.jpg
193,2.0506912442396312,217,2.9664784403444218,Showgirls (1995),7,https://image.tmdb.org/t/p/w500/atjtGFIIt9QMGf9ELyboq5cl466.jpg
519,1.9405940594059405,202,2.9573503422286587,Robocop 3 (1993),"15, 16",https://image.tmdb.org/t/p/w500/ppLSSwCuC5ERRWbu9H3R8SPL9AM.jpg
1760,1.8736842105263158,190,2.9567937398433877,Spice World (1997),"4, 12",https://image.tmdb.org/t/p/w500/vKiAnV1QAGIJP38vatwCZp4dCrH.jpg
2555,1.701219512195122,164,2.9566556729557862,Baby Geniuses (1999),4,https://image.tmdb.org/t/p/w500/7zvPhjHkz5YEMUMPyvANCR96RJA.jpg
3439,2.1274900398406373,251,2.954382298608868,Teenage Mutant Ninja Turtles II: The Secret of the Ooze (1991),"0, 3, 8",https://image.tmdb.org/t/p/w500/n1PPZxrm9ZEs4iss0OOLcRMg5IS.jpg
208,2.6313364055299537,651,2.9523881519637776,Waterworld (1995),"0, 1",https://image.tmdb.org/t/p/w500/pBjf3xzi6kClzWXiKMclMUX7dOP.jpg
3268,1.782122905027933,179,2.9518677421970225,Stop! Or My Mom Will Shoot (1992),"0, 4",https://image.tmdb.org/t/p/w500/yCw4U5FK7C9hVWF2qcLO4EVvkCc.jpg
2950,2.332369942196532,346,2.947254155077634,"Blue Lagoon, The (1980)","1, 7, 14",https://image.tmdb.org/t/p/w500/vSYaATEBqsy0Ad4CQxs3D5IXQUm.jpg
1590,2.5180722891566263,498,2.9464536405588557,Event Horizon (1997),"0, 13, 15, 16",https://image.tmdb.org/t/p/w500/cHoeg3gAD5w63Et5DImY1Jb7HaO.jpg
3238,2.134831460674157,267,2.9430725978785706,Eye of the Beholder (1999),16,https://image.tmdb.org/t/p/w500/4eB1Gw5r3Etbe4su6PhOo6OAN9E.jpg
2995,2.30791788856305,341,2.942337079669309,"House on Haunted Hill, The (1999)",10,https://image.tmdb.org/t/p/w500/ega1G9rdcDsuDQeonGaCpm8FR3S.jpg
485,2.508,500,2.9416607106840136,Last Action Hero (1993),"0, 4",https://image.tmdb.org/t/p/w500/vkhEaWAv5j3qgrOGp3BgMeiYPKj.jpg
2338,2.2033898305084745,295,2.9407241032562177,I Still Know What You Did Last Summer (1998),"10, 13, 16",https://image.tmdb.org/t/p/w500/motBJIO921LFZkoGKCSbmSCVHBc.jpg
849,2.5107632093933465,511,2.938953521794434,Escape from L.A. (1996),"0, 1, 15, 16",https://image.tmdb.org/t/p/w500/3L9lL2eUsmLNNfENPwNOc82Hzpw.jpg
762,2.184563758389262,298,2.9331112834900197,Striptease (1996),"4, 5",https://image.tmdb.org/t/p/w500/4zMy6R7acotCmGoDk4sjzRtDwKn.jpg
153,2.642213642213642,777,2.9311462620550914,Batman Forever (1995),"0, 1, 4, 5",https://image.tmdb.org/t/p/w500/i0fJS8M5UKoETjjJ0zwUiKaR8tr.jpg
1389,1.8523809523809525,210,2.9289748204214954,Jaws 3-D (1983),"0, 10",https://image.tmdb.org/t/p/w500/kqDXj53F9paqVGJLGfHtz7giJ3s.jpg
2412,2.102189781021898,274,2.928522016727449,Rocky V (1990),"0, 7",https://image.tmdb.org/t/p/w500/tevHaVxtrMTaUi8f3YjLWYSSY8A.jpg
1831,2.5847076461769114,667,2.9264388426680954,Lost in Space (1998),"0, 15, 16",https://image.tmdb.org/t/p/w500/903AxjIIFEUaC2dRukePaVJaxeP.jpg
2422,2.1223776223776225,286,2.9244429776326886,"Karate Kid III, The (1989)","0, 1, 7",https://image.tmdb.org/t/p/w500/lVZ3r0iDwGejlCvFEvXGzhQB9ds.jpg
880,2.200617283950617,324,2.9195746025495923,"Island of Dr. Moreau, The (1996)","15, 16",https://image.tmdb.org/t/p/w500/hOJeQXve8W9rNRhdgC1WV3GQJyA.jpg
3354,2.5952080706179066,793,2.903626826788831,Mission to Mars (2000),15,https://image.tmdb.org/t/p/w500/beDWEWxgFlt1UWvf2al9cjDol2i.jpg
2053,2.257217847769029,381,2.90209080935254,"Honey, I Blew Up the Kid (1992)","3, 4, 15",https://image.tmdb.org/t/p/w500/4EGqDo2pP2ZL0TCcYDGnwsU8liQ.jpg
2719,2.3823529411764706,476,2.900681745156363,"Haunting, The (1999)","10, 16",https://image.tmdb.org/t/p/w500/r6BO6V2Lrh6GvGm9qSf481DUIlR.jpg
2986,2.3813387423935093,493,2.89306490289243,Robocop 2 (1990),"0, 5, 15",https://image.tmdb.org/t/p/w500/uL3Ab6SOcN35ZTF2XrE1NzFwXdl.jpg
2153,1.9965277777777777,288,2.8872450553179316,"Avengers, The (1998)","0, 1",https://image.tmdb.org/t/p/w500/RYMX2wcKCBAr24UyPD7xwmjaTn.jpg
737,2.03,300,2.886616652536178,Barb Wire (1996),"0, 15",https://image.tmdb.org/t/p/w500/jW5TLptY7PL1Mllq1g1uMjwXLXT.jpg
2720,2.1662198391420913,373,2.8759835317786804,Inspector Gadget (1999),"0, 1, 3, 4",https://image.tmdb.org/t/p/w500/dDcsv1Lql5aM6H4JYfDHjBAXKgT.jpg
1499,2.200501253132832,399,2.871751744604338,Anaconda (1997),"0, 1, 16",https://image.tmdb.org/t/p/w500/2bODra2LLMwY655emv6znwiGSfz.jpg
1882,2.3246492985971945,499,2.8675391483809483,Godzilla (1998),"0, 15",https://image.tmdb.org/t/p/w500/bD398HQ0K9zTMF1s0DWlAB0K144.jpg
2642,2.336594911937378,511,2.8672082577879845,Superman III (1983),"0, 1, 15",https://image.tmdb.org/t/p/w500/A2YQEocqHaz9Lmj66P4gnRBvA5L.jpg
1381,1.9636963696369636,303,2.8646700666208185,Grease 2 (1982),"4, 12, 14",https://image.tmdb.org/t/p/w500/ufWc8AR5D66lwB2UZvZ9xvGcDSD.jpg
173,2.3085106382978724,564,2.8332213713073022,Judge Dredd (1995),"0, 1, 15",https://image.tmdb.org/t/p/w500/cfSnKn8NDU3m8UxihjVcYprA0Aq.jpg
2643,1.8885542168674698,332,2.816553785950066,Superman IV: The Quest for Peace (1987),"0, 1, 15",https://image.tmdb.org/t/p/w500/aQ1d9OB0xtAenIL0Ke3xV17St4S.jpg
2450,2.0990783410138247,434,2.813727411934676,Howard the Duck (1986),"1, 3, 15",https://image.tmdb.org/t/p/w500/30tnH0hy6S5FjGCfCdnkBd3wqS2.jpg
160,2.2389380530973453,565,2.8024502462618734,Congo (1995),"0, 1, 13, 15",https://image.tmdb.org/t/p/w500/4fbMvn6cbtm2OrUvhf3PvLcTyby.jpg
546,1.8742857142857143,350,2.796453769139412,Super Mario Bros. (1993),"0, 1, 3, 15",https://image.tmdb.org/t/p/w500/qNBAXBIQlnOThrVvA6mA2B5ggV6.jpg
1562,2.257425742574257,606,2.793539381344811,Batman & Robin (1997),"0, 1, 5",https://image.tmdb.org/t/p/w500/cGRDufDDSrFrv7VI4YnmWnslne0.jpg
1556,1.8719346049046321,367,2.781369670575463,Speed 2: Cruise Control (1997),"0, 14, 16",https://image.tmdb.org/t/p/w500/gnK1ocpwUTj24zAktzomOJsD2bu.jpg
3593,1.6111111111111112,342,2.7193390982603782,Battlefield Earth (2000),"0, 15",https://image.tmdb.org/t/p/w500/wXCRuBHdJ5aTFQdsuGJFXNdo79T.jpg
2701,2.158536585365854,902,2.641600884943914,Wild Wild West (1999),"0, 15, 19",https://image.tmdb.org/t/p/w500/1AUzpDzJSecEBIgwUIPzL5KMuTQ.jpg
